date,ticker,pattern,status,quality_score,base_score,entry,close,rr,volume_ratio,rs_score,high52_proximity,breakout_pct,close_position,ma150_dist_pct,avg_dollar_volume20,regime,blocking_fails
2026-09-07 04:30:14,KGS,Falling Wedge,WATCHLIST,75.0,62.0,62.38279450000001,62.59,4.07,0.7159700019502279,80.3,0.8057415036045313,0.003321516800597855,0.9516616606273964,0.004169197990912914,105909164.9,BULL,ווליום לא מאשר
2026-09-07 04:50:19,QCOM,Falling Wedge,WATCHLIST,48.0,47.5,168.70864908108106,168.74001,4.13,0.9318043182534321,23.0,0.6491997672668604,0.0001858880329477193,0.47354141649306236,0.007584709832975577,1544947252.4578502,BULL,אין פריצה מאושרת מעל הרמה | ווליום לא מאשר | סגירת נר לא חזקה | RS לא מספיק חזק | רחוק מדי משיא 52 שבועות | ציון Entry Quality נמוך (48.0 < 60.0)
2026-09-07 04:54:25,CLSK,Falling Wedge,WATCHLIST,65.0,62.0,12.64784,12.69,6.37,0.8181476142145105,48.7,0.5374841168996188,0.003333375501271291,0.8686868686868664,0.011045277400843387,245372253.75,BULL,MA150 לא עולה | ווליום לא מאשר | RS לא מספיק חזק | רחוק מדי משיא 52 שבועות
2026-09-07 05:06:07,ANDE,Falling Wedge,WATCHLIST,56.0,52.5,69.23013888888889,69.31,5.37,2.054551237873085,74.0,0.8441115576665449,0.001153559885807648,0.3611111111111148,-0.01638460245892755,26147890.6,BULL,לא מעל MA150 | אין פריצה מאושרת מעל הרמה | סגירת נר לא חזקה | גוף נר חלש | ציון Entry Quality נמוך (56.0 < 60.0)
2026-09-07 05:18:03,BBWI,Falling Wedge,WATCHLIST,43.0,50.5,19.48813953488372,19.51,5.4,0.9332109104149187,11.5,0.6091164723420692,0.0011217317629089092,0.7421383647798747,-0.02360171325072448,135566990.9,BULL,לא מעל MA150 | MA150 לא עולה | מתחת ל-MA200 | אין פריצה מאושרת מעל הרמה | ווליום לא מאשר | RS לא מספיק חזק | רחוק מדי משיא 52 שבועות | ציון Entry Quality נמוך (43.0 < 60.0)
2026-09-07 05:20:06,WLDN,Falling Wedge,WATCHLIST,33.0,43.0,85.67737704918032,85.78,2.84,0.6209658604868186,14.1,0.6261313868613139,0.0011977835264584701,0.3417721518987385,-0.005689829792090087,22060900.4,BULL,לא מעל MA150 | MA150 לא עולה | מתחת ל-MA200 | אין פריצה מאושרת מעל הרמה | ווליום לא מאשר | סגירת נר לא חזקה | גוף נר חלש | RS לא מספיק חזק | רחוק מדי משיא 52 שבועות | ציון Entry Quality נמוך (33.0 < 60.0)
2026-09-09 05:11:40,LOPE,Falling Wedge,WATCHLIST,48.0,45.5,150.80086834285714,151.53,2.8,1.9391397209432608,13.4,0.6793848850237365,0.004835062723147736,0.6359516616314164,-0.03213485063411414,43277725.65,BULL,לא מעל MA150 | MA150 לא עולה | מתחת ל-MA200 | סגירת נר לא חזקה | גוף נר חלש | RS לא מספיק חזק | רחוק מדי משיא 52 שבועות | ציון Entry Quality נמוך (48.0 < 60.0)
2026-09-10 05:14:19,LOPE,Falling Wedge,WATCHLIST,41.0,44.0,150.62601139999998,151.0,2.81,1.0448380617208122,12.8,0.677008629568958,0.0024828951953514873,0.6474820143884931,-0.034964122136646146,45480445.0,BULL,לא מעל MA150 | MA150 לא עולה | מתחת ל-MA200 | ווליום לא מאשר | סגירת נר לא חזקה | גוף נר חלש | RS לא מספיק חזק | רחוק מדי משיא 52 שבועות | ציון Entry Quality נמוך (41.0 < 60.0)
2026-09-10 05:26:27,ENTG,Falling Wedge,WATCHLIST,69.0,71.5,142.88907407407407,143.029999,8.96,0.7987013144816558,90.9,0.7651117952284155,0.0009862540354406237,0.9784364462629455,0.04185129202928003,294279216.89253503,BULL,אין פריצה מאושרת מעל הרמה | ווליום לא מאשר
2026-09-11 06:52:18,CLS,Falling Wedge,WATCHLIST,42.0,41.0,324.28618658000005,325.22,8.41,0.5498519938050798,47.2,0.6860747224565423,0.002879596660740314,0.22776550050712613,-0.029399156922653814,769618495.1,NEUTRAL,לא מעל MA150 | מתחת ל-MA200 | ווליום לא מאשר | סגירת נר לא חזקה | גוף נר חלש | RS לא מספיק חזק | רחוק מדי משיא 52 שבועות | ציון Entry Quality נמוך (42.0 < 60.0)
2026-09-11 06:54:04,FORM,Falling Wedge,WATCHLIST,57.0,54.5,111.66741935483871,112.12,4.81,1.1050943011330971,99.0,0.6995694765083921,0.004052933682681007,0.36488812392426917,-0.0350066843855628,120916935.2,NEUTRAL,לא מעל MA150 | ווליום לא מאשר | סגירת נר לא חזקה | רחוק מדי משיא 52 שבועות | ציון Entry Quality נמוך (57.0 < 60.0)
2026-09-11 06:56:40,DAN,Falling Wedge,WATCHLIST,53.0,47.5,30.641093750000003,30.67,2.65,0.7648443927487305,65.4,0.775278058645096,0.0009433817942611326,0.962500000000003,-0.042537914101066984,43243473.2,NEUTRAL,לא מעל MA150 | אין פריצה מאושרת מעל הרמה | ווליום לא מאשר | RS לא מספיק חזק | ציון Entry Quality נמוך (53.0 < 60.0)
2026-09-11 07:16:37,WMG,Falling Wedge,WATCHLIST,47.0,50.0,27.8360447761194,27.84,5.44,1.7332146707970357,18.6,0.7859966120835685,0.00014209000999998656,0.19402985074626772,-0.018350682712899847,48799900.8,NEUTRAL,לא מעל MA150 | MA150 לא עולה | מתחת ל-MA200 | אין פריצה מאושרת מעל הרמה | סגירת נר לא חזקה | RS לא מספיק חזק | ציון Entry Quality נמוך (47.0 < 60.0)
2026-09-14 07:05:33,MT,EMA21/MA50 Pullback Bounce,WATCHLIST,59.0,91.0,75.35,74.51,2.5,0.6609308501833671,97.3,0.9351154618473896,-0.01114797611147962,0.2867647058823535,0.16075944487221033,101281070.45,BULL,אין פריצה מאושרת מעל הרמה | ווליום לא מאשר | סגירת נר לא חזקה | ציון Entry Quality נמוך (59.0 < 60.0)
2026-09-14 07:05:44,EMO,EMA21/MA50 Pullback Bounce,WATCHLIST,37.0,76.0,56.33,55.029999,2.500000000000002,1.1687693406331825,50.2,0.9769216935913367,-0.023078306408663266,0.3142847619047568,0.06935485819041166,2311810.25799,BULL,אין פריצה מאושרת מעל הרמה | ווליום לא מאשר | סגירת נר לא חזקה | RS לא מספיק חזק | נזילות דולרית נמוכה | ציון Entry Quality נמוך (37.0 < 60.0)
2026-09-14 07:05:44,EMO,Flat Base / Rectangle Breakout,WATCHLIST,44.0,73.0,56.33,55.029999,4.367812504940155,1.1687693406331825,50.2,0.9769216935913367,-0.023078306408663266,0.3142847619047568,0.06935485819041166,2311810.25799,BULL,אין פריצה מאושרת מעל הרמה | ווליום לא מאשר | סגירת נר לא חזקה | RS לא מספיק חזק | נזילות דולרית נמוכה | ציון Entry Quality נמוך (44.0 < 60.0)
2026-09-14 07:05:44,EMO,Darvas Box Breakout,WATCHLIST,44.0,70.0,56.33,55.029999,4.367812504940155,1.1687693406331825,50.2,0.9769216935913367,-0.023078306408663266,0.3142847619047568,0.06935485819041166,2311810.25799,BULL,אין פריצה מאושרת מעל הרמה | ווליום לא מאשר | סגירת נר לא חזקה | RS לא מספיק חזק | נזילות דולרית נמוכה | ציון Entry Quality נמוך (44.0 < 60.0)
2026-09-14 07:05:48,MDT,EMA21/MA50 Pullback Bounce,WATCHLIST,40.0,64.0,92.54,90.96,2.5583452405252753,0.6759374757834901,36.9,0.8554500141070253,-0.01707369786038483,0.2554744525547408,0.05658179909374621,727747310.4,BULL,MA150 לא עולה | אין פריצה מאושרת מעל הרמה | ווליום לא מאשר | סגירת נר לא חזקה | RS לא מספיק חזק | ציון Entry Quality נמוך (40.0 < 60.0)
2026-09-14 07:05:51,AACI,Flat Base / Rectangle Breakout,WATCHLIST,38.0,71.0,10.05,10.05,2.5,0.24650457052554453,26.9,0.9215110948101962,0.0,0.0,0.001418260687607323,4708939.0575,BULL,MA150 לא עולה | אין פריצה מאושרת מעל הרמה | ווליום לא מאשר | סגירת נר לא חזקה | גוף נר חלש | RS לא מספיק חזק | נזילות דולרית נמוכה | ציון Entry Quality נמוך (38.0 < 60.0)
2026-09-14 07:05:51,AACI,Darvas Box Breakout,WATCHLIST,38.0,68.0,10.05,10.05,2.5,0.24650457052554453,26.9,0.9215110948101962,0.0,0.0,0.001418260687607323,4708939.0575,BULL,MA150 לא עולה | אין פריצה מאושרת מעל הרמה | ווליום לא מאשר | סגירת נר לא חזקה | גוף נר חלש | RS לא מספיק חזק | נזילות דולרית נמוכה | ציון Entry Quality נמוך (38.0 < 60.0)
2026-09-14 07:05:51,AACI,VCP Breakout,WATCHLIST,40.0,66.0,10.05,10.05,3.0,0.24650457052554453,26.9,0.9215110948101962,0.0,0.0,0.001418260687607323,4708939.0575,BULL,MA150 לא עולה | אין פריצה מאושרת מעל הרמה | ווליום לא מאשר | סגירת נר לא חזקה | גוף נר חלש | RS לא מספיק חזק | נזילות דולרית נמוכה | ציון Entry Quality נמוך (40.0 < 60.0)
2026-09-14 07:05:55,ZD,EMA21/MA50 Pullback Bounce,WATCHLIST,60.0,100.0,55.86,56.22,2.5,1.1256528542687017,88.3,0.9683086295503164,0.00644468313641245,0.6130952380952389,0.21824551330961878,27664175.4,BULL,ווליום לא מאשר | סגירת נר לא חזקה | גוף נר חלש
2026-09-14 07:05:55,ZD,VCP Breakout,WATCHLIST,59.0,99.0,57.68,56.22,3.0,1.1256528542687017,88.3,0.9683086295503164,-0.025312066574202513,0.6130952380952389,0.21824551330961878,27664175.4,BULL,אין פריצה מאושרת מעל הרמה | ווליום לא מאשר | סגירת נר לא חזקה | גוף נר חלש | ציון Entry Quality נמוך (59.0 < 60.0)
2026-09-14 07:05:55,ZD,Darvas Box Breakout,WATCHLIST,57.0,95.0,57.68,56.22,3.0221816730341633,1.1256528542687017,88.3,0.9683086295503164,-0.025312066574202513,0.6130952380952389,0.21824551330961878,27664175.4,BULL,אין פריצה מאושרת מעל הרמה | ווליום לא מאשר | סגירת נר לא חזקה | גוף נר חלש | ציון Entry Quality נמוך (57.0 < 60.0)
2026-09-14 07:06:02,THC,EMA21/MA50 Pullback Bounce,WATCHLIST,50.0,94.0,270.60999,263.69,2.5000000000000013,0.7861038336095814,89.3,0.9316022299213099,-0.025571820168205854,0.4605985589693488,0.23850414406714102,197271762.8,BULL,אין פריצה מאושרת מעל הרמה | ווליום לא מאשר | סגירת נר לא חזקה | ציון Entry Quality נמוך (50.0 < 60.0)
2026-09-14 07:06:06,MIR,EMA21/MA50 Pullback Bounce,WATCHLIST,32.0,52.0,16.58,15.98,6.209332589700634,0.7417933697661107,10.5,0.527793374508703,-0.036188178528347284,0.2916666666666676,-0.12020231341638177,56113610.2,BULL,לא מעל MA150 | MA150 לא עולה | מתחת ל-MA200 | אין פריצה מאושרת מעל הרמה | ווליום לא מאשר | סגירת נר לא חזקה | גוף נר חלש | RS לא מספיק חזק | רחוק מדי משיא 52 שבועות | ציון Entry Quality נמוך (32.0 < 60.0)
2026-09-14 07:06:13,FCF,VCP Breakout,WATCHLIST,45.0,75.0,21.45,21.31,3.0,1.252044200583839,59.6,0.9538943598925693,-0.006526806526806554,0.5227272727272722,0.10351613146463406,13942919.899999999,BULL,אין פריצה מאושרת מעל הרמה | ווליום לא מאשר | סגירת נר לא חזקה | RS לא מספיק חזק | ציון Entry Quality נמוך (45.0 < 60.0)
2026-09-14 07:06:13,FCF,EMA21/MA50 Pullback Bounce,WATCHLIST,41.0,72.0,21.26,21.31,2.4999999999999982,1.252044200583839,59.6,0.9538943598925693,0.002351834430855934,0.5227272727272722,0.10351613146463406,13942919.899999999,BULL,ווליום לא מאשר | סגירת נר לא חזקה | RS לא מספיק חזק | R:R נמוך מדי | ציון Entry Quality נמוך (41.0 < 60.0)
2026-09-14 07:06:13,FCF,Darvas Box Breakout,WATCHLIST,36.0,65.0,21.8,21.31,2.4999999999999982,1.252044200583839,59.6,0.9538943598925693,-0.022477064220183578,0.5227272727272722,0.10351613146463406,13942919.899999999,BULL,אין פריצה מאושרת מעל הרמה | ווליום לא מאשר | סגירת נר לא חזקה | RS לא מספיק חזק | R:R נמוך מדי | ציון Entry Quality נמוך (36.0 < 60.0)
2026-09-14 07:06:16,TWLV,Flat Base / Rectangle Breakout,WATCHLIST,48.0,78.0,10.13,10.07,2.846975088967999,7.714065312419645,25.6,0.828125,-0.00592300098716688,,0.010280042538107215,195811.15,BULL,מתחת ל-MA200 | אין פריצה מאושרת מעל הרמה | סגירת נר לא חזקה | גוף נר חלש | RS לא מספיק חזק | נזילות דולרית נמוכה | ציון Entry Quality נמוך (48.0 < 60.0)
2026-09-14 07:06:16,TWLV,Darvas Box Breakout,WATCHLIST,48.0,72.0,10.13,10.07,2.5000000000000124,7.714065312419645,25.6,0.828125,-0.00592300098716688,,0.010280042538107215,195811.15,BULL,מתחת ל-MA200 | אין פריצה מאושרת מעל הרמה | סגירת נר לא חזקה | גוף נר חלש | RS לא מספיק חזק | נזילות דולרית נמוכה | ציון Entry Quality נמוך (48.0 < 60.0)
2026-09-14 07:06:20,GSAT,Flat Base / Rectangle Breakout,WATCHLIST,56.0,100.0,84.85,82.48,4.750407924525385,0.5465840465486155,99.0,0.9720683559222157,-0.02793164407778421,0.46153846153847833,0.08838606352079316,52377686.800000004,BULL,אין פריצה מאושרת מעל הרמה | ווליום לא מאשר | סגירת נר לא חזקה | ציון Entry Quality נמוך (56.0 < 60.0)
2026-09-14 07:06:20,GSAT,VCP Breakout,WATCHLIST,56.0,99.0,82.68,82.48,3.0,0.5465840465486155,99.0,0.9720683559222157,-0.002418964683115661,0.46153846153847833,0.08838606352079316,52377686.800000004,BULL,אין פריצה מאושרת מעל הרמה | ווליום לא מאשר | סגירת נר לא חזקה | ציון Entry Quality נמוך (56.0 < 60.0)
2026-09-14 07:06:20,GSAT,Darvas Box Breakout,WATCHLIST,56.0,95.0,84.85,82.48,4.750407924525385,0.5465840465486155,99.0,0.9720683559222157,-0.02793164407778421,0.46153846153847833,0.08838606352079316,52377686.800000004,BULL,אין פריצה מאושרת מעל הרמה | ווליום לא מאשר | סגירת נר לא חזקה | ציון Entry Quality נמוך (56.0 < 60.0)
2026-09-14 07:06:24,BANR,EMA21/MA50 Pullback Bounce,WATCHLIST,55.0,92.0,70.87,71.3,2.500000000000002,1.0350271508127895,44.8,0.9526990913949759,0.006067447438972662,0.8688524590163961,0.08299081484777338,20549016.5,BULL,ווליום לא מאשר | גוף נר חלש | RS לא מספיק חזק | ציון Entry Quality נמוך (55.0 < 60.0)
2026-09-14 07:06:34,MDGL,EMA21/MA50 Pullback Bounce,WATCHLIST,43.0,79.0,543.12,534.48999,2.5,0.8260496246229717,61.1,0.8690894146341464,-0.0158896928855501,0.2053976300197526,0.05910572435275876,121385349.17895001,BULL,אין פריצה מאושרת מעל הרמה | ווליום לא מאשר | סגירת נר לא חזקה | גוף נר חלש | RS לא מספיק חזק | ציון Entry Quality נמוך (43.0 < 60.0)
2026-09-14 07:06:48,TMO,EMA21/MA50 Pullback Bounce,WATCHLIST,56.0,100.0,606.63,609.82001,2.500000000000003,1.0769796356228944,78.7,0.9425347913446678,0.005258576067784365,0.40374060640464016,0.1766340447088943,1011856047.9927001,BULL,ווליום לא מאשר | סגירת נר לא חזקה | גוף נר חלש | ציון Entry Quality נמוך (56.0 < 60.0)
2026-09-14 07:06:59,RBCAA,Darvas Box Breakout,WATCHLIST,47.0,73.0,98.77,96.27,2.5,0.8202595390276971,69.8,0.9417922128741929,-0.025311329351017518,0.106249999999997,0.17076813150715994,9940840.2,BULL,אין פריצה מאושרת מעל הרמה | ווליום לא מאשר | סגירת נר לא חזקה | RS לא מספיק חזק | ציון Entry Quality נמוך (47.0 < 60.0)
2026-09-14 07:06:59,RBCAA,EMA21/MA50 Pullback Bounce,WATCHLIST,44.0,73.0,97.32,96.27,2.5,0.8202595390276971,69.8,0.9417922128741929,-0.010789149198520316,0.106249999999997,0.17076813150715994,9940840.2,BULL,אין פריצה מאושרת מעל הרמה | ווליום לא מאשר | סגירת נר לא חזקה | RS לא מספיק חזק | ציון Entry Quality נמוך (44.0 < 60.0)
2026-09-14 07:06:59,RBCAA,VCP Breakout,WATCHLIST,51.0,71.0,97.77,96.27,3.0,0.8202595390276971,69.8,0.9417922128741929,-0.015342129487572876,0.106249999999997,0.17076813150715994,9940840.2,BULL,אין פריצה מאושרת מעל הרמה | ווליום לא מאשר | סגירת נר לא חזקה | RS לא מספיק חזק | ציון Entry Quality נמוך (51.0 < 60.0)
2026-09-14 07:07:02,PONO,Flat Base / Rectangle Breakout,WATCHLIST,24.0,46.0,10.09,10.06,2.499999999999991,0.0024775472282440383,26.1,0.5588888888888889,-0.0029732408325073697,,0.18255554237394114,812093.5,BULL,MA150 לא עולה | אין פריצה מאושרת מעל הרמה | ווליום לא מאשר | סגירת נר לא חזקה | גוף נר חלש | RS לא מספיק חזק | רחוק מדי משיא 52 שבועות | נזילות דולרית נמוכה | R:R נמוך מדי | ציון Entry Quality נמוך (24.0 < 60.0)
2026-09-14 07:07:10,DEC,EMA21/MA50 Pullback Bounce,WATCHLIST,38.0,71.0,15.26,14.81,2.500000000000004,0.51931602279924,29.6,0.7835978835978837,-0.029488859764089076,0.5000000000000032,0.010571997852847178,12627894.6,BULL,אין פריצה מאושרת מעל הרמה | ווליום לא מאשר | סגירת נר לא חזקה | RS לא מספיק חזק | ציון Entry Quality נמוך (38.0 < 60.0)
2026-09-14 07:07:13,IHS,Breakout Retest Entry,WATCHLIST,47.0,82.0,8.44,8.47,3.257328990227991,0.9909579180067516,41.8,0.946368715083799,0.003554502369668381,0.40000000000001423,0.027571760176640467,10613164.100000001,BULL,ווליום לא מאשר | סגירת נר לא חזקה | RS לא מספיק חזק | ציון Entry Quality נמוך (47.0 < 60.0)
2026-09-14 07:07:13,IHS,Flat Base / Rectangle Breakout,WATCHLIST,41.0,76.0,8.52,8.47,2.5048169556839817,0.9909579180067516,41.8,0.946368715083799,-0.005868544600938842,0.40000000000001423,0.027571760176640467,10613164.100000001,BULL,אין פריצה מאושרת מעל הרמה | ווליום לא מאשר | סגירת נר לא חזקה | RS לא מספיק חזק | ציון Entry Quality נמוך (41.0 < 60.0)
2026-09-14 07:07:13,IHS,Darvas Box Breakout,WATCHLIST,41.0,73.0,8.52,8.47,2.5,0.9909579180067516,41.8,0.946368715083799,-0.005868544600938842,0.40000000000001423,0.027571760176640467,10613164.100000001,BULL,אין פריצה מאושרת מעל הרמה | ווליום לא מאשר | סגירת נר לא חזקה | RS לא מספיק חזק | ציון Entry Quality נמוך (41.0 < 60.0)
2026-09-14 07:07:17,CLH,EMA21/MA50 Pullback Bounce,WATCHLIST,55.0,85.0,323.78,322.82001,2.5,0.5729705312459137,68.7,0.9609454366851224,-0.0029649453332508124,0.9333350150180497,0.0840736669477309,135782938.50615,BULL,אין פריצה מאושרת מעל הרמה | ווליום לא מאשר | גוף נר חלש | RS לא מספיק חזק | ציון Entry Quality נמוך (55.0 < 60.0)
2026-09-14 07:07:17,CLH,VCP Breakout,WATCHLIST,62.0,83.0,328.67999,322.82001,3.0,0.5729705312459137,68.7,0.9609454366851224,-0.017828831015845995,0.9333350150180497,0.0840736669477309,135782938.50615,BULL,אין פריצה מאושרת מעל הרמה | ווליום לא מאשר | גוף נר חלש | RS לא מספיק חזק
2026-09-14 07:07:17,CLH,Darvas Box Breakout,WATCHLIST,58.0,81.0,328.67999,322.82001,2.5,0.5729705312459137,68.7,0.9609454366851224,-0.017828831015845995,0.9333350150180497,0.0840736669477309,135782938.50615,BULL,אין פריצה מאושרת מעל הרמה | ווליום לא מאשר | גוף נר חלש | RS לא מספיק חזק | ציון Entry Quality נמוך (58.0 < 60.0)
2026-09-14 07:07:20,IHD,Flat Base / Rectangle Breakout,WATCHLIST,53.0,84.0,7.74,7.67,5.277401894451953,0.4847908745247148,56.1,0.9422604422604421,-0.009043927648578847,0.857142857142859,0.05595021752299143,645507.2,BULL,אין פריצה מאושרת מעל הרמה | ווליום לא מאשר | RS לא מספיק חזק | נזילות דולרית נמוכה | ציון Entry Quality נמוך (53.0 < 60.0)
2026-09-14 07:07:20,IHD,VCP Breakout,WATCHLIST,51.0,84.0,7.74,7.67,2.999999999999997,0.4847908745247148,56.1,0.9422604422604421,-0.009043927648578847,0.857142857142859,0.05595021752299143,645507.2,BULL,אין פריצה מאושרת מעל הרמה | ווליום לא מאשר | RS לא מספיק חזק | נזילות דולרית נמוכה | ציון Entry Quality נמוך (51.0 < 60.0)
2026-09-14 07:07:20,IHD,Darvas Box Breakout,WATCHLIST,53.0,78.0,7.74,7.67,5.277401894451953,0.4847908745247148,56.1,0.9422604422604421,-0.009043927648578847,0.857142857142859,0.05595021752299143,645507.2,BULL,אין פריצה מאושרת מעל הרמה | ווליום לא מאשר | RS לא מספיק חזק | נזילות דולרית נמוכה | ציון Entry Quality נמוך (53.0 < 60.0)
2026-09-14 07:07:28,BIIB,EMA21/MA50 Pullback Bounce,WATCHLIST,64.0,100.0,216.7,217.14999,2.5000000000000013,1.5257062206997312,75.7,0.9616917183348095,0.0020765574526996487,0.48316626996542617,0.10290191060035588,153087485.70015,BULL,סגירת נר לא חזקה | גוף נר חלש
2026-09-14 07:07:31,SFNC,EMA21/MA50 Pullback Bounce,WATCHLIST,38.0,73.0,23.2,23.19,2.5000000000000018,0.8248419773269026,49.0,0.9535361842105263,-0.0004310344827585349,0.4375000000000014,0.07198328497219748,27093920.55,BULL,אין פריצה מאושרת מעל הרמה | ווליום לא מאשר | סגירת נר לא חזקה | גוף נר חלש | RS לא מספיק חזק | ציון Entry Quality נמוך (38.0 < 60.0)
2026-09-14 07:07:35,PDS,EMA21/MA50 Pullback Bounce,WATCHLIST,63.0,88.0,92.35,89.77,2.5000000000000018,1.5404781879194631,66.3,0.8648362235067437,-0.027937195452084444,0.840797534719008,0.009834742421883114,8560467.2,BULL,אין פריצה מאושרת מעל הרמה | RS לא מספיק חזק
2026-09-14 07:07:42,CNQ,EMA21/MA50 Pullback Bounce,WATCHLIST,56.0,100.0,52.31,50.07,2.5,1.1870080941612529,80.2,0.9571783597782451,-0.042821640221754956,0.8020833333333359,0.0929721203509081,344742464.7,BULL,אין פריצה מאושרת מעל הרמה | ווליום לא מאשר | גוף נר חלש | ציון Entry Quality נמוך (56.0 < 60.0)
2026-09-14 07:07:52,CMRE,EMA21/MA50 Pullback Bounce,WATCHLIST,47.0,73.0,15.12,15.28,2.5000000000000013,0.8964417907221787,38.7,0.8460687068698065,0.010582010582010592,0.8571428571428523,-0.04901000661669547,5655586.399999999,BULL,לא מעל MA150 | MA150 לא עולה | מתחת ל-MA200 | ווליום לא מאשר | RS לא מספיק חזק | ציון Entry Quality נמוך (47.0 < 60.0)
2026-09-14 07:08:02,CFR,EMA21/MA50 Pullback Bounce,WATCHLIST,42.0,73.0,162.92999,162.92,2.5,0.9296962579405328,65.6,0.9538641686182668,-6.131467877716161e-05,0.21516393442622622,0.09938260890523398,76299509.0,BULL,אין פריצה מאושרת מעל הרמה | ווליום לא מאשר | סגירת נר לא חזקה | גוף נר חלש | RS לא מספיק חזק | ציון Entry Quality נמוך (42.0 < 60.0)
2026-09-14 07:08:02,CFR,VCP Breakout,WATCHLIST,49.0,71.0,166.44,162.92,3.0,0.9296962579405328,65.6,0.9538641686182668,-0.021148762316750842,0.21516393442622622,0.09938260890523398,76299509.0,BULL,אין פריצה מאושרת מעל הרמה | ווליום לא מאשר | סגירת נר לא חזקה | גוף נר חלש | RS לא מספיק חזק | ציון Entry Quality נמוך (49.0 < 60.0)
2026-09-14 07:08:16,URBN,EMA21/MA50 Pullback Bounce,WATCHLIST,57.0,90.0,76.57,78.58,2.5000000000000013,0.6835935321477835,45.8,0.9198173943579537,0.02625048974794313,0.6109090909090882,0.10191833040668656,105674776.89999999,BULL,ווליום לא מאשר | סגירת נר לא חזקה | RS לא מספיק חזק | ציון Entry Quality נמוך (57.0 < 60.0)
2026-09-14 07:08:23,COR,EMA21/MA50 Pullback Bounce,WATCHLIST,40.0,66.0,327.89999,321.57001,3.0010658547188154,0.7049411017993077,40.1,0.8517508117881335,-0.019304605651253536,0.5034888375330054,0.02980174049330002,385049537.82405,BULL,MA150 לא עולה | אין פריצה מאושרת מעל הרמה | ווליום לא מאשר | סגירת נר לא חזקה | RS לא מספיק חזק | ציון Entry Quality נמוך (40.0 < 60.0)
2026-09-14 07:08:26,AAUC,EMA21/MA50 Pullback Bounce,WATCHLIST,31.0,50.0,22.81,22.84,2.500000000000002,0.2729107791683488,46.2,0.7093167701863353,0.00131521262604126,0.23809523809524052,-0.1513100695096822,11314936.0,BULL,לא מעל MA150 | MA150 לא עולה | מתחת ל-MA200 | אין פריצה מאושרת מעל הרמה | ווליום לא מאשר | סגירת נר לא חזקה | גוף נר חלש | RS לא מספיק חזק | רחוק מדי משיא 52 שבועות | ציון Entry Quality נמוך (31.0 < 60.0)
2026-09-14 07:08:33,SPNT,EMA21/MA50 Pullback Bounce,WATCHLIST,48.0,89.0,24.48,24.2,2.8946867263378446,1.4406040736607142,58.3,0.9138972809667674,-0.011437908496732072,0.341772151898734,0.059850919214965,13877248.0,BULL,אין פריצה מאושרת מעל הרמה | סגירת נר לא חזקה | RS לא מספיק חזק | ציון Entry Quality נמוך (48.0 < 60.0)
2026-09-14 07:08:37,BCO,EMA21/MA50 Pullback Bounce,WATCHLIST,52.0,83.0,109.73,111.98,2.5000000000000018,1.1864181091877497,33.5,0.8211483464105008,0.02050487560375467,0.8015873015873024,0.01764844729966526,42048490.0,BULL,MA150 לא עולה | מתחת ל-MA200 | ווליום לא מאשר | RS לא מספיק חזק | ציון Entry Quality נמוך (52.0 < 60.0)
2026-09-14 07:08:37,BCO,VCP Breakout,WATCHLIST,51.0,64.0,113.94,111.98,3.0000000000000018,1.1864181091877497,33.5,0.8211483464105008,-0.017202036159382077,0.8015873015873024,0.01764844729966526,42048490.0,BULL,MA150 לא עולה | מתחת ל-MA200 | אין פריצה מאושרת מעל הרמה | ווליום לא מאשר | RS לא מספיק חזק | ציון Entry Quality נמוך (51.0 < 60.0)
2026-09-14 07:08:41,AWK,EMA21/MA50 Pullback Bounce,WATCHLIST,44.0,69.0,142.37,137.69,2.5000000000000044,0.6631248981288785,33.2,0.9454133479813239,-0.032872093839994426,0.11413043478260597,0.04094058536102588,291440850.05,BULL,אין פריצה מאושרת מעל הרמה | ווליום לא מאשר | סגירת נר לא חזקה | RS לא מספיק חזק | ציון Entry Quality נמוך (44.0 < 60.0)
2026-09-14 07:08:45,HTGC,Flat Base / Rectangle Breakout,WATCHLIST,49.0,68.0,17.93,17.41,24.379811804961253,0.5322805703978492,38.0,0.8873598369011213,-0.029001673173452293,0.18181818181817888,0.10212195014448748,28135691.65,BULL,אין פריצה מאושרת מעל הרמה | ווליום לא מאשר | סגירת נר לא חזקה | גוף נר חלש | RS לא מספיק חזק | ציון Entry Quality נמוך (49.0 < 60.0)
2026-09-14 07:08:45,HTGC,Darvas Box Breakout,WATCHLIST,47.0,65.0,17.93,17.41,16.59538066723678,0.5322805703978492,38.0,0.8873598369011213,-0.029001673173452293,0.18181818181817888,0.10212195014448748,28135691.65,BULL,אין פריצה מאושרת מעל הרמה | ווליום לא מאשר | סגירת נר לא חזקה | גוף נר חלש | RS לא מספיק חזק | ציון Entry Quality נמוך (47.0 < 60.0)
2026-09-14 07:08:45,HTGC,EMA21/MA50 Pullback Bounce,WATCHLIST,44.0,65.0,17.73,17.41,4.448246364413983,0.5322805703978492,38.0,0.8873598369011213,-0.018048505358150044,0.18181818181817888,0.10212195014448748,28135691.65,BULL,אין פריצה מאושרת מעל הרמה | ווליום לא מאשר | סגירת נר לא חזקה | גוף נר חלש | RS לא מספיק חזק | ציון Entry Quality נמוך (44.0 < 60.0)
2026-09-14 07:08:52,NE,EMA21/MA50 Pullback Bounce,WATCHLIST,40.0,76.0,46.242,45.28,3.2443611452206897,1.2029188334027625,61.7,0.8235722080756639,-0.020803598460274127,0.40355677154582903,-0.00897351741236493,48369680.800000004,BULL,לא מעל MA150 | אין פריצה מאושרת מעל הרמה | ווליום לא מאשר | סגירת נר לא חזקה | גוף נר חלש | RS לא מספיק חזק | ציון Entry Quality נמוך (40.0 < 60.0)
2026-09-14 07:08:58,UBS,Flat Base / Rectangle Breakout,WATCHLIST,62.0,93.0,55.985,54.58,4.918166273104804,0.9370258442323849,78.2,0.974903992140752,-0.025096007859248034,0.20895522388059734,0.16713545088542275,87051825.2,BULL,אין פריצה מאושרת מעל הרמה | ווליום לא מאשר | סגירת נר לא חזקה
2026-09-14 07:08:58,UBS,Darvas Box Breakout,WATCHLIST,60.0,90.0,55.985,54.58,3.6764107157397676,0.9370258442323849,78.2,0.974903992140752,-0.025096007859248034,0.20895522388059734,0.16713545088542275,87051825.2,BULL,אין פריצה מאושרת מעל הרמה | ווליום לא מאשר | סגירת נר לא חזקה
2026-09-14 07:08:58,UBS,EMA21/MA50 Pullback Bounce,WATCHLIST,55.0,88.0,54.63,54.58,2.5,0.9370258442323849,78.2,0.974903992140752,-0.0009152480322168088,0.20895522388059734,0.16713545088542275,87051825.2,BULL,אין פריצה מאושרת מעל הרמה | ווליום לא מאשר | סגירת נר לא חזקה | ציון Entry Quality נמוך (55.0 < 60.0)
2026-09-14 07:09:09,CHCO,VCP Breakout,WATCHLIST,53.0,84.0,146.45,143.96001,3.0,1.503289118947482,54.5,0.9662393471884457,-0.01700232161147134,0.32769111689897307,0.10757440117264395,13349411.727300001,BULL,אין פריצה מאושרת מעל הרמה | סגירת נר לא חזקה | RS לא מספיק חזק | ציון Entry Quality נמוך (53.0 < 60.0)
2026-09-14 07:09:09,CHCO,EMA21/MA50 Pullback Bounce,WATCHLIST,46.0,80.0,144.5,143.96001,2.500000000000005,1.503289118947482,54.5,0.9662393471884457,-0.003736955017300961,0.32769111689897307,0.10757440117264395,13349411.727300001,BULL,אין פריצה מאושרת מעל הרמה | סגירת נר לא חזקה | RS לא מספיק חזק | ציון Entry Quality נמוך (46.0 < 60.0)
2026-09-14 07:09:13,TCBI,EMA21/MA50 Pullback Bounce,WATCHLIST,33.0,65.0,98.97,99.089996,2.5,1.1994267972295198,38.8,0.9097502387073081,0.0012124482166313067,0.47712156862745053,-0.0036833970081186986,41488981.3252,BULL,לא מעל MA150 | MA150 לא עולה | אין פריצה מאושרת מעל הרמה | ווליום לא מאשר | סגירת נר לא חזקה | RS לא מספיק חזק | ציון Entry Quality נמוך (33.0 < 60.0)
2026-09-14 07:09:13,TCBI,Darvas Box Breakout,WATCHLIST,36.0,58.0,101.91,99.089996,2.5,1.1994267972295198,38.8,0.9097502387073081,-0.02767151408105188,0.47712156862745053,-0.0036833970081186986,41488981.3252,BULL,לא מעל MA150 | MA150 לא עולה | אין פריצה מאושרת מעל הרמה | ווליום לא מאשר | סגירת נר לא חזקה | RS לא מספיק חזק | ציון Entry Quality נמוך (36.0 < 60.0)
2026-09-14 07:09:13,TCBI,VCP Breakout,WATCHLIST,40.0,56.0,99.42,99.089996,3.0,1.1994267972295198,38.8,0.9097502387073081,-0.003319291892979304,0.47712156862745053,-0.0036833970081186986,41488981.3252,BULL,לא מעל MA150 | MA150 לא עולה | אין פריצה מאושרת מעל הרמה | ווליום לא מאשר | סגירת נר לא חזקה | RS לא מספיק חזק | ציון Entry Quality נמוך (40.0 < 60.0)
2026-09-14 07:09:23,ROKU,EMA21/MA50 Pullback Bounce,WATCHLIST,62.0,100.0,154.46001,154.92999,2.5,0.6161818994922879,91.5,0.9689786102945777,0.003042729312266602,0.8826664461835,0.24731698490439455,353367419.7918,BULL,ווליום לא מאשר | גוף נר חלש
2026-09-14 07:09:27,TXN,VCP Breakout,WATCHLIST,59.0,87.0,270.5,268.70001,3.0000000000000013,0.9679052996401593,70.1,0.8044187971272605,-0.0066543068391866165,0.6105984950365825,0.03465859730450572,1459089420.3018,BULL,אין פריצה מאושרת מעל הרמה | ווליום לא מאשר | סגירת נר לא חזקה | ציון Entry Quality נמוך (59.0 < 60.0)
2026-09-14 07:09:27,TXN,EMA21/MA50 Pullback Bounce,WATCHLIST,55.0,91.0,261.72,268.70001,2.4999999999999996,0.9679052996401593,70.1,0.8044187971272605,0.02666976157725811,0.6105984950365825,0.03465859730450572,1459089420.3018,BULL,ווליום לא מאשר | סגירת נר לא חזקה | R:R נמוך מדי | ציון Entry Quality נמוך (55.0 < 60.0)
2026-09-14 07:09:34,ARMK,EMA21/MA50 Pullback Bounce,WATCHLIST,67.0,100.0,57.13,58.55,2.5000000000000013,1.2893389320184405,84.5,0.9345570630486831,0.024855592508314275,0.6966292134831428,0.17131078654596518,129607158.25,BULL,ווליום לא מאשר
2026-09-14 07:09:41,PFG,EMA21/MA50 Pullback Bounce,WATCHLIST,70.0,100.0,115.32,116.17,2.500000000000001,0.8206965794211328,75.4,0.9586565439841558,0.007370794311481171,0.9130434782608716,0.1308782904352787,134218171.2,BULL,ווליום לא מאשר | גוף נר חלש
2026-09-14 07:09:54,TLK,Flat Base / Rectangle Breakout,WATCHLIST,37.0,51.0,15.38,14.94,3.0653674380836478,0.9690068622275847,11.4,0.6352040816326531,-0.028608582574772515,0.21428571428570886,-0.10587108743790773,7924773.6,BULL,לא מעל MA150 | MA150 לא עולה | מתחת ל-MA200 | אין פריצה מאושרת מעל הרמה | ווליום לא מאשר | סגירת נר לא חזקה | RS לא מספיק חזק | רחוק מדי משיא 52 שבועות | ציון Entry Quality נמוך (37.0 < 60.0)
2026-09-14 07:09:54,TLK,VCP Breakout,WATCHLIST,39.0,49.0,15.22,14.94,3.0000000000000036,0.9690068622275847,11.4,0.6352040816326531,-0.0183968462549278,0.21428571428570886,-0.10587108743790773,7924773.6,BULL,לא מעל MA150 | MA150 לא עולה | מתחת ל-MA200 | אין פריצה מאושרת מעל הרמה | ווליום לא מאשר | סגירת נר לא חזקה | RS לא מספיק חזק | רחוק מדי משיא 52 שבועות | ציון Entry Quality נמוך (39.0 < 60.0)
2026-09-14 07:09:54,TLK,EMA21/MA50 Pullback Bounce,WATCHLIST,32.0,47.0,15.04,14.94,2.5,0.9690068622275847,11.4,0.6352040816326531,-0.006648936170212743,0.21428571428570886,-0.10587108743790773,7924773.6,BULL,לא מעל MA150 | MA150 לא עולה | מתחת ל-MA200 | אין פריצה מאושרת מעל הרמה | ווליום לא מאשר | סגירת נר לא חזקה | RS לא מספיק חזק | רחוק מדי משיא 52 שבועות | ציון Entry Quality נמוך (32.0 < 60.0)
2026-09-14 07:10:05,SRCE,VCP Breakout,WATCHLIST,54.0,86.0,87.38,87.16,3.0,0.8441715418459604,73.6,0.9529849114366936,-0.0025177386129548967,0.648044692737426,0.13230097751626532,9013651.4,BULL,אין פריצה מאושרת מעל הרמה | ווליום לא מאשר | סגירת נר לא חזקה | גוף נר חלש | ציון Entry Quality נמוך (54.0 < 60.0)
2026-09-14 07:10:05,SRCE,EMA21/MA50 Pullback Bounce,WATCHLIST,50.0,84.0,86.76,87.16,2.499999999999998,0.8441715418459604,73.6,0.9529849114366936,0.0046104195481787855,0.648044692737426,0.13230097751626532,9013651.4,BULL,ווליום לא מאשר | סגירת נר לא חזקה | גוף נר חלש | R:R נמוך מדי | ציון Entry Quality נמוך (50.0 < 60.0)
2026-09-14 07:10:05,SRCE,Darvas Box Breakout,WATCHLIST,45.0,80.0,89.47,87.16,2.499999999999998,0.8441715418459604,73.6,0.9529849114366936,-0.025818710182184,0.648044692737426,0.13230097751626532,9013651.4,BULL,אין פריצה מאושרת מעל הרמה | ווליום לא מאשר | סגירת נר לא חזקה | גוף נר חלש | R:R נמוך מדי | ציון Entry Quality נמוך (45.0 < 60.0)
2026-09-14 07:10:19,SIRI,EMA21/MA50 Pullback Bounce,WATCHLIST,45.0,68.0,29.19,29.15,2.500000000000002,0.8706359636592195,64.5,0.8925290875688917,-0.0013703323055841965,0.18604651162790314,0.09546381552000108,102030830.0,BULL,אין פריצה מאושרת מעל הרמה | ווליום לא מאשר | סגירת נר לא חזקה | גוף נר חלש | RS לא מספיק חזק | ציון Entry Quality נמוך (45.0 < 60.0)
2026-09-14 07:10:29,LYB,EMA21/MA50 Pullback Bounce,WATCHLIST,39.0,72.0,66.099998,63.69,2.578871269762265,1.1701000865271753,33.6,0.7587562544674767,-0.036459880074429074,0.10822510822510811,-0.027862151790918572,216772417.95,BULL,לא מעל MA150 | אין פריצה מאושרת מעל הרמה | ווליום לא מאשר | סגירת נר לא חזקה | גוף נר חלש | RS לא מספיק חזק | ציון Entry Quality נמוך (39.0 < 60.0)
2026-09-14 07:10:36,AGI,EMA21/MA50 Pullback Bounce,WATCHLIST,35.0,46.0,36.099998,35.92,2.5434539945782206,0.689110480160531,28.7,0.6482584371052157,-0.00498609445906334,0.2400000000000034,-0.08359710226141902,134164971.60000001,BULL,לא מעל MA150 | MA150 לא עולה | מתחת ל-MA200 | אין פריצה מאושרת מעל הרמה | ווליום לא מאשר | סגירת נר לא חזקה | גוף נר חלש | RS לא מספיק חזק | רחוק מדי משיא 52 שבועות | ציון Entry Quality נמוך (35.0 < 60.0)
2026-09-14 07:10:47,MLYS,Double Bottom,WATCHLIST,41.0,48.0,28.09,28.2,2.49,1.6588889261922004,27.9,0.5918153200419727,0.003915984336062635,0.016901408450702878,0.033392251040241086,29398641.0,BULL,MA150 לא עולה | מתחת ל-MA200 | סגירת נר לא חזקה | RS לא מספיק חזק | רחוק מדי משיא 52 שבועות | R:R נמוך מדי | ציון Entry Quality נמוך (41.0 < 60.0)
2026-09-14 07:10:51,GM,EMA21/MA50 Pullback Bounce,WATCHLIST,56.0,95.0,86.18,85.62,2.500000000000002,1.3318055967209086,73.1,0.9321720195971694,-0.006498027384544003,0.12601626016260287,0.06937667473537087,473756008.8,BULL,אין פריצה מאושרת מעל הרמה | סגירת נר לא חזקה | ציון Entry Quality נמוך (56.0 < 60.0)
2026-09-14 07:10:57,VRSN,EMA21/MA50 Pullback Bounce,WATCHLIST,60.0,91.0,290.72,292.70999,2.5,0.7487355491329479,40.7,0.936731888865467,0.00684503990093553,0.9443377656071108,0.09346193117039066,194453100.5568,BULL,ווליום לא מאשר | RS לא מספיק חזק
2026-09-14 07:10:57,VRSN,VCP Breakout,WATCHLIST,59.0,83.0,300.35999,292.70999,3.0,0.7487355491329479,40.7,0.936731888865467,-0.025469437523952435,0.9443377656071108,0.09346193117039066,194453100.5568,BULL,אין פריצה מאושרת מעל הרמה | ווליום לא מאשר | RS לא מספיק חזק | ציון Entry Quality נמוך (59.0 < 60.0)
2026-09-14 07:10:58,VRSN,Darvas Box Breakout,WATCHLIST,57.0,81.0,300.35999,292.70999,2.5,0.7487355491329479,40.7,0.936731888865467,-0.025469437523952435,0.9443377656071108,0.09346193117039066,194453100.5568,BULL,אין פריצה מאושרת מעל הרמה | ווליום לא מאשר | RS לא מספיק חזק | ציון Entry Quality נמוך (57.0 < 60.0)
2026-09-14 07:11:04,EHC,EMA21/MA50 Pullback Bounce,WATCHLIST,41.0,78.0,124.25,121.71,2.5,0.8172846965234247,48.2,0.9509336666927104,-0.020442655935613733,0.5340314136125643,0.12538973970693246,96693726.6,BULL,אין פריצה מאושרת מעל הרמה | ווליום לא מאשר | סגירת נר לא חזקה | גוף נר חלש | RS לא מספיק חזק | ציון Entry Quality נמוך (41.0 < 60.0)
2026-09-14 07:11:04,EHC,VCP Breakout,WATCHLIST,48.0,71.0,124.25,121.71,3.000000000000004,0.8172846965234247,48.2,0.9509336666927104,-0.020442655935613733,0.5340314136125643,0.12538973970693246,96693726.6,BULL,אין פריצה מאושרת מעל הרמה | ווליום לא מאשר | סגירת נר לא חזקה | גוף נר חלש | RS לא מספיק חזק | ציון Entry Quality נמוך (48.0 < 60.0)
2026-09-14 07:11:08,WFG,EMA21/MA50 Pullback Bounce,WATCHLIST,49.0,86.0,68.96,69.040001,2.5000000000000018,0.7180936794862258,24.4,0.8967398493310821,0.0011601073085848316,0.909091735537944,0.036427083605431745,13921571.001645,BULL,MA150 לא עולה | אין פריצה מאושרת מעל הרמה | ווליום לא מאשר | RS לא מספיק חזק | ציון Entry Quality נמוך (49.0 < 60.0)
2026-09-14 07:11:08,WFG,VCP Breakout,WATCHLIST,56.0,73.0,70.69,69.040001,3.0,0.7180936794862258,24.4,0.8967398493310821,-0.023341335408119876,0.909091735537944,0.036427083605431745,13921571.001645,BULL,MA150 לא עולה | אין פריצה מאושרת מעל הרמה | ווליום לא מאשר | RS לא מספיק חזק | ציון Entry Quality נמוך (56.0 < 60.0)
2026-09-14 07:11:15,OCUL,EMA21/MA50 Pullback Bounce,WATCHLIST,45.0,68.0,11.43,10.49,3.0439547059539858,0.9658176204653214,34.9,0.6380778588807785,-0.08223972003499558,0.21739130434782636,0.13059504435079686,28540143.0,BULL,אין פריצה מאושרת מעל הרמה | ווליום לא מאשר | סגירת נר לא חזקה | RS לא מספיק חזק | רחוק מדי משיא 52 שבועות | ציון Entry Quality נמוך (45.0 < 60.0)
2026-09-14 07:11:19,MGNI,EMA21/MA50 Pullback Bounce,WATCHLIST,65.0,91.0,23.66,23.77,2.500000000000002,0.5282063929486698,89.2,0.907598319969454,0.00464919695688924,0.38596491228069957,0.4465676728334954,55419160.75,BULL,ווליום לא מאשר | סגירת נר לא חזקה | גוף נר חלש
2026-09-14 07:11:23,TRGP,EMA21/MA50 Pullback Bounce,WATCHLIST,57.0,98.0,296.87,290.25,2.501063888814608,0.698607094619789,88.5,0.9425537442358901,-0.022299322935965253,0.3895030676710864,0.12033886977838733,350282407.5,BULL,אין פריצה מאושרת מעל הרמה | ווליום לא מאשר | סגירת נר לא חזקה | גוף נר חלש | ציון Entry Quality נמוך (57.0 < 60.0)
2026-09-14 07:11:26,SDGR,EMA21/MA50 Pullback Bounce,WATCHLIST,64.0,98.0,19.2,19.02,5.620498287873431,0.4848098820605725,72.4,0.8262380538662033,-0.009374999999999986,0.9749975625060961,0.31305228216446407,18215358.9,BULL,אין פריצה מאושרת מעל הרמה | ווליום לא מאשר | גוף נר חלש
2026-09-14 07:11:36,UVE,VCP Breakout,WATCHLIST,62.0,100.0,45.14,44.33,3.0,0.7446898536007447,91.8,0.9818383167220377,-0.01794417368187865,0.7299999999999969,0.1577919156258079,7857714.149999999,BULL,אין פריצה מאושרת מעל הרמה | ווליום לא מאשר | גוף נר חלש
2026-09-14 07:11:37,UVE,Darvas Box Breakout,WATCHLIST,62.0,98.0,45.15,44.33,4.538555691554473,0.7446898536007447,91.8,0.9818383167220377,-0.018161683277962356,0.7299999999999969,0.1577919156258079,7857714.149999999,BULL,אין פריצה מאושרת מעל הרמה | ווליום לא מאשר | גוף נר חלש
2026-09-14 07:11:37,UVE,Flat Base / Rectangle Breakout,WATCHLIST,62.0,93.0,45.15,44.33,4.538555691554473,0.7446898536007447,91.8,0.9818383167220377,-0.018161683277962356,0.7299999999999969,0.1577919156258079,7857714.149999999,BULL,אין פריצה מאושרת מעל הרמה | ווליום לא מאשר | גוף נר חלש
2026-09-14 07:11:40,NFJ,VCP Breakout,WATCHLIST,54.0,74.0,15.75,15.7,3.0,1.2290422907803953,54.1,0.9968253968253967,-0.0031746031746032197,1.0,0.09007086617817892,2195880.5,BULL,אין פריצה מאושרת מעל הרמה | ווליום לא מאשר | RS לא מספיק חזק | נזילות דולרית נמוכה | ציון Entry Quality נמוך (54.0 < 60.0)
2026-09-14 07:11:40,NFJ,Flat Base / Rectangle Breakout,WATCHLIST,47.0,74.0,15.75,15.7,2.4999999999999956,1.2290422907803953,54.1,0.9968253968253967,-0.0031746031746032197,1.0,0.09007086617817892,2195880.5,BULL,אין פריצה מאושרת מעל הרמה | ווליום לא מאשר | RS לא מספיק חזק | נזילות דולרית נמוכה | R:R נמוך מדי | ציון Entry Quality נמוך (47.0 < 60.0)
2026-09-14 07:11:40,NFJ,Darvas Box Breakout,WATCHLIST,47.0,68.0,15.75,15.7,2.4999999999999956,1.2290422907803953,54.1,0.9968253968253967,-0.0031746031746032197,1.0,0.09007086617817892,2195880.5,BULL,אין פריצה מאושרת מעל הרמה | ווליום לא מאשר | RS לא מספיק חזק | נזילות דולרית נמוכה | R:R נמוך מדי | ציון Entry Quality נמוך (47.0 < 60.0)
2026-09-14 07:11:44,PACS,EMA21/MA50 Pullback Bounce,WATCHLIST,52.0,96.0,45.58,44.76,2.500000000000001,0.9930109737199962,99.0,0.90442513639119,-0.017990346643264595,0.3012820512820501,0.14735496685669486,28307119.2,BULL,אין פריצה מאושרת מעל הרמה | ווליום לא מאשר | סגירת נר לא חזקה | ציון Entry Quality נמוך (52.0 < 60.0)
2026-09-14 07:11:44,PACS,VCP Breakout,WATCHLIST,57.0,91.0,45.607,44.76,3.0,0.9930109737199962,99.0,0.90442513639119,-0.018571710483039912,0.3012820512820501,0.14735496685669486,28307119.2,BULL,אין פריצה מאושרת מעל הרמה | ווליום לא מאשר | סגירת נר לא חזקה | ציון Entry Quality נמוך (57.0 < 60.0)
2026-09-14 07:11:51,OFG,EMA21/MA50 Pullback Bounce,WATCHLIST,45.0,84.0,52.59,52.66,2.500000000000002,1.1375080410816087,63.3,0.9667706994675968,0.0013310515307091305,0.5961523113920061,0.13582277869141487,11869827.299999999,BULL,אין פריצה מאושרת מעל הרמה | ווליום לא מאשר | סגירת נר לא חזקה | RS לא מספיק חזק | ציון Entry Quality נמוך (45.0 < 60.0)
2026-09-14 07:11:51,OFG,VCP Breakout,WATCHLIST,52.0,75.0,53.4,52.66,3.0,1.1375080410816087,63.3,0.9667706994675968,-0.01385767790262176,0.5961523113920061,0.13582277869141487,11869827.299999999,BULL,אין פריצה מאושרת מעל הרמה | ווליום לא מאשר | סגירת נר לא חזקה | RS לא מספיק חזק | ציון Entry Quality נמוך (52.0 < 60.0)
2026-09-14 07:12:14,HSBC,Flat Base / Rectangle Breakout,WATCHLIST,53.0,99.0,107.92,105.3,2.5357561381958806,0.8932703229515783,85.1,0.9757227575982209,-0.02427724240177914,0.56140350877193,0.1251562733074128,112635724.5,BULL,אין פריצה מאושרת מעל הרמה | ווליום לא מאשר | סגירת נר לא חזקה | ציון Entry Quality נמוך (53.0 < 60.0)
2026-09-14 07:12:14,HSBC,Darvas Box Breakout,WATCHLIST,57.0,95.0,107.92,105.3,3.4365425614525456,0.8932703229515783,85.1,0.9757227575982209,-0.02427724240177914,0.56140350877193,0.1251562733074128,112635724.5,BULL,אין פריצה מאושרת מעל הרמה | ווליום לא מאשר | סגירת נר לא חזקה | ציון Entry Quality נמוך (57.0 < 60.0)
2026-09-14 07:12:14,HSBC,VCP Breakout,WATCHLIST,57.0,87.0,107.43,105.3,3.0,0.8932703229515783,85.1,0.9757227575982209,-0.019826864004468113,0.56140350877193,0.1251562733074128,112635724.5,BULL,אין פריצה מאושרת מעל הרמה | ווליום לא מאשר | סגירת נר לא חזקה | ציון Entry Quality נמוך (57.0 < 60.0)
2026-09-14 07:12:18,RAL,EMA21/MA50 Pullback Bounce,WATCHLIST,56.0,95.0,67.040001,67.25,2.499999999999999,0.9271162525888459,86.9,0.8917915395836097,0.0031324432706973894,0.5364238410596024,0.18839910403974422,81502292.5,BULL,ווליום לא מאשר | סגירת נר לא חזקה | R:R נמוך מדי | ציון Entry Quality נמוך (56.0 < 60.0)
2026-09-14 07:12:22,WST,EMA21/MA50 Pullback Bounce,WATCHLIST,57.0,100.0,344.92001,346.23001,2.5012619599321932,1.1730827523491967,73.1,0.8969689378238341,0.003797982030674307,0.4426089494163429,0.13378834058357356,159909792.4186,BULL,ווליום לא מאשר | סגירת נר לא חזקה | גוף נר חלש | ציון Entry Quality נמוך (57.0 < 60.0)
2026-09-14 07:12:29,PRGO,EMA21/MA50 Pullback Bounce,WATCHLIST,41.0,64.0,14.48,13.66,7.85555907507128,0.7266420174478323,34.2,0.6030905077262694,-0.05662983425414366,0.6153846153846164,0.17390930705548718,34377370.7,BULL,MA150 לא עולה | אין פריצה מאושרת מעל הרמה | ווליום לא מאשר | סגירת נר לא חזקה | RS לא מספיק חזק | רחוק מדי משיא 52 שבועות | ציון Entry Quality נמוך (41.0 < 60.0)
2026-09-14 07:12:33,TWST,EMA21/MA50 Pullback Bounce,WATCHLIST,58.0,95.0,129.28,127.22,3.698097877721647,0.6982383432742755,99.0,0.8184508492022645,-0.015934405940594077,0.3252427184466024,0.6537656230588771,201988466.2,BULL,אין פריצה מאושרת מעל הרמה | ווליום לא מאשר | סגירת נר לא חזקה | גוף נר חלש | ציון Entry Quality נמוך (58.0 < 60.0)
2026-09-14 07:12:36,BLFS,EMA21/MA50 Pullback Bounce,WATCHLIST,58.0,100.0,34.95,34.95,4.2458525407736785,1.1636293696206184,93.0,0.9173228827991016,0.0,0.25000000000000555,0.34697999027424703,29074206.000000004,BULL,אין פריצה מאושרת מעל הרמה | ווליום לא מאשר | סגירת נר לא חזקה | גוף נר חלש | ציון Entry Quality נמוך (58.0 < 60.0)
2026-09-14 07:12:40,MU,EMA21/MA50 Pullback Bounce,WATCHLIST,50.0,85.0,999.0,975.26001,2.499999999999999,0.8084015301525458,99.0,0.777099609561753,-0.023763753753753787,0.29612976179246814,0.3433908301842613,26172604268.7654,BULL,אין פריצה מאושרת מעל הרמה | ווליום לא מאשר | סגירת נר לא חזקה | R:R נמוך מדי | ציון Entry Quality נמוך (50.0 < 60.0)
2026-09-14 07:12:54,CMG,EMA21/MA50 Pullback Bounce,WATCHLIST,47.0,68.0,36.63,36.2,4.197835717917042,0.5653579418796462,36.0,0.8453993460999534,-0.01173901173901173,0.5510204081632695,0.06002514416420754,492776663.00000006,BULL,MA150 לא עולה | אין פריצה מאושרת מעל הרמה | ווליום לא מאשר | סגירת נר לא חזקה | גוף נר חלש | RS לא מספיק חזק | ציון Entry Quality נמוך (47.0 < 60.0)
2026-09-14 07:13:04,VOYA,Flat Base / Rectangle Breakout,WATCHLIST,69.0,100.0,105.64,103.41,3.496418925274459,1.6436737433244037,81.9,0.9788905717531238,-0.02110942824687622,0.7521367521367517,0.2193885248902447,90136809.45,BULL,אין פריצה מאושרת מעל הרמה | גוף נר חלש
2026-09-14 07:13:04,VOYA,Darvas Box Breakout,WATCHLIST,67.0,100.0,105.64,103.41,2.8997965573307907,1.6436737433244037,81.9,0.9788905717531238,-0.02110942824687622,0.7521367521367517,0.2193885248902447,90136809.45,BULL,אין פריצה מאושרת מעל הרמה | גוף נר חלש
2026-09-14 07:13:04,VOYA,VCP Breakout,WATCHLIST,69.0,100.0,105.64,103.41,3.0,1.6436737433244037,81.9,0.9788905717531238,-0.02110942824687622,0.7521367521367517,0.2193885248902447,90136809.45,BULL,אין פריצה מאושרת מעל הרמה | גוף נר חלש
2026-09-14 07:13:11,NTRS,EMA21/MA50 Pullback Bounce,WATCHLIST,62.0,100.0,187.8,189.19,2.5000000000000018,0.7721760975797877,80.8,0.9663397691286137,0.007401490947816753,0.8412694003515067,0.1408368806056012,171702222.35,BULL,ווליום לא מאשר | גוף נר חלש
2026-09-14 07:13:15,E,EMA21/MA50 Pullback Bounce,WATCHLIST,63.0,96.0,56.42,56.049999,2.5,0.7664644357207566,78.5,0.9663792931034483,-0.006557975895072705,0.9655138723819018,0.07760138077934954,20417333.13573,BULL,אין פריצה מאושרת מעל הרמה | ווליום לא מאשר
2026-09-14 07:13:15,E,Flat Base / Rectangle Breakout,WATCHLIST,68.0,95.0,57.75,56.049999,2.596512439516497,0.7664644357207566,78.5,0.9663792931034483,-0.02943724675324676,0.9655138723819018,0.07760138077934954,20417333.13573,BULL,אין פריצה מאושרת מעל הרמה | ווליום לא מאשר
2026-09-14 07:13:15,E,VCP Breakout,WATCHLIST,70.0,94.0,57.75,56.049999,3.0,0.7664644357207566,78.5,0.9663792931034483,-0.02943724675324676,0.9655138723819018,0.07760138077934954,20417333.13573,BULL,אין פריצה מאושרת מעל הרמה | ווליום לא מאשר
2026-09-14 07:13:22,SNDA,EMA21/MA50 Pullback Bounce,WATCHLIST,51.0,88.0,40.85,39.52,2.5,0.850867440055382,79.3,0.8902906059923407,-0.03255813953488368,0.2074469960956886,0.07102786735907407,18838788.8,BULL,אין פריצה מאושרת מעל הרמה | ווליום לא מאשר | סגירת נר לא חזקה | ציון Entry Quality נמוך (51.0 < 60.0)
2026-09-14 07:13:26,TSM,Flat Base / Rectangle Breakout,WATCHLIST,63.0,100.0,444.29001,433.23999,3.008841878517344,1.1638196743030518,85.2,0.9044676200417536,-0.024871187177942664,0.6707872167121803,0.09027141567653169,3956793825.8697,BULL,אין פריצה מאושרת מעל הרמה | ווליום לא מאשר | גוף נר חלש
2026-09-14 07:13:26,TSM,Darvas Box Breakout,WATCHLIST,63.0,98.0,444.29001,433.23999,3.008841878517344,1.1638196743030518,85.2,0.9044676200417536,-0.024871187177942664,0.6707872167121803,0.09027141567653169,3956793825.8697,BULL,אין פריצה מאושרת מעל הרמה | ווליום לא מאשר | גוף נר חלש
2026-09-14 07:13:26,TSM,VCP Breakout,WATCHLIST,63.0,93.0,444.29001,433.23999,3.0,1.1638196743030518,85.2,0.9044676200417536,-0.024871187177942664,0.6707872167121803,0.09027141567653169,3956793825.8697,BULL,אין פריצה מאושרת מעל הרמה | ווליום לא מאשר | גוף נר חלש
2026-09-14 07:13:33,C,EMA21/MA50 Pullback Bounce,WATCHLIST,45.0,84.0,138.85001,138.82001,2.4999999999999987,0.8863652981500993,70.1,0.9382265518906088,-0.00021606048137843948,0.37179743589743325,0.09009079238684739,1158121203.6261,BULL,אין פריצה מאושרת מעל הרמה | ווליום לא מאשר | סגירת נר לא חזקה | R:R נמוך מדי | ציון Entry Quality נמוך (45.0 < 60.0)
2026-09-14 07:13:33,C,Flat Base / Rectangle Breakout,WATCHLIST,50.0,83.0,140.88,138.82001,2.4999999999999987,0.8863652981500993,70.1,0.9382265518906088,-0.014622302668938098,0.37179743589743325,0.09009079238684739,1158121203.6261,BULL,אין פריצה מאושרת מעל הרמה | ווליום לא מאשר | סגירת נר לא חזקה | R:R נמוך מדי | ציון Entry Quality נמוך (50.0 < 60.0)
2026-09-14 07:13:33,C,Darvas Box Breakout,WATCHLIST,48.0,80.0,140.88,138.82001,2.4999999999999987,0.8863652981500993,70.1,0.9382265518906088,-0.014622302668938098,0.37179743589743325,0.09009079238684739,1158121203.6261,BULL,אין פריצה מאושרת מעל הרמה | ווליום לא מאשר | סגירת נר לא חזקה | R:R נמוך מדי | ציון Entry Quality נמוך (48.0 < 60.0)
2026-09-14 07:13:37,AMTB,Darvas Box Breakout,WATCHLIST,53.0,93.0,29.74,29.32,2.5000000000000013,0.9108533609653374,84.3,0.9581699346405228,-0.014122394082044323,0.41176384082917866,0.19549853277998175,8771664.4,BULL,אין פריצה מאושרת מעל הרמה | ווליום לא מאשר | סגירת נר לא חזקה | ציון Entry Quality נמוך (53.0 < 60.0)
2026-09-14 07:13:37,AMTB,VCP Breakout,WATCHLIST,55.0,89.0,29.74,29.32,2.9999999999999973,0.9108533609653374,84.3,0.9581699346405228,-0.014122394082044323,0.41176384082917866,0.19549853277998175,8771664.4,BULL,אין פריצה מאושרת מעל הרמה | ווליום לא מאשר | סגירת נר לא חזקה | ציון Entry Quality נמוך (55.0 < 60.0)
2026-09-14 07:13:37,AMTB,EMA21/MA50 Pullback Bounce,WATCHLIST,50.0,89.0,29.3,29.32,2.5000000000000013,0.9108533609653374,84.3,0.9581699346405228,0.0006825938566552756,0.41176384082917866,0.19549853277998175,8771664.4,BULL,אין פריצה מאושרת מעל הרמה | ווליום לא מאשר | סגירת נר לא חזקה | ציון Entry Quality נמוך (50.0 < 60.0)
2026-09-14 07:14:00,BLKB,EMA21/MA50 Pullback Bounce,WATCHLIST,56.0,77.0,44.81,45.48,2.5,0.7761556535283403,50.5,0.6431904963937208,0.014952019638473434,0.9192546583850916,0.17730910037505135,17227369.2,BULL,MA150 לא עולה | ווליום לא מאשר | RS לא מספיק חזק | רחוק מדי משיא 52 שבועות | ציון Entry Quality נמוך (56.0 < 60.0)
2026-09-14 07:14:04,CRUS,EMA21/MA50 Pullback Bounce,WATCHLIST,38.0,58.0,116.57,118.79,2.5587047231133195,1.256570283423991,13.2,0.6584081587407162,0.019044351033713762,0.5399449035812701,-0.18283328701010584,103733367.5,BULL,לא מעל MA150 | MA150 לא עולה | מתחת ל-MA200 | ווליום לא מאשר | סגירת נר לא חזקה | RS לא מספיק חזק | רחוק מדי משיא 52 שבועות | ציון Entry Quality נמוך (38.0 < 60.0)
2026-09-14 07:14:14,PRLB,VCP Breakout,WATCHLIST,71.0,100.0,82.55,81.98,3.0,0.6208023234706843,88.4,0.8815053763440861,-0.006904906117504461,0.9814814814814852,0.14747321676018216,13548834.600000001,BULL,אין פריצה מאושרת מעל הרמה | ווליום לא מאשר
2026-09-14 07:14:14,PRLB,EMA21/MA50 Pullback Bounce,WATCHLIST,67.0,100.0,80.66,81.98,2.4999999999999987,0.6208023234706843,88.4,0.8815053763440861,0.016364988842053153,0.9814814814814852,0.14747321676018216,13548834.600000001,BULL,ווליום לא מאשר | R:R נמוך מדי
2026-09-14 07:14:18,AES,VCP Breakout,WATCHLIST,45.0,69.0,14.85,14.79,3.0,1.0319458278276796,41.4,0.8379603399433428,-0.004040404040404074,0.1999999999999929,0.003946095089960175,106837561.64999999,BULL,MA150 לא עולה | אין פריצה מאושרת מעל הרמה | ווליום לא מאשר | סגירת נר לא חזקה | RS לא מספיק חזק | ציון Entry Quality נמוך (45.0 < 60.0)
2026-09-14 07:14:18,AES,Flat Base / Rectangle Breakout,WATCHLIST,43.0,66.0,14.88,14.79,2.5,1.0319458278276796,41.4,0.8379603399433428,-0.006048387096774303,0.1999999999999929,0.003946095089960175,106837561.64999999,BULL,MA150 לא עולה | אין פריצה מאושרת מעל הרמה | ווליום לא מאשר | סגירת נר לא חזקה | RS לא מספיק חזק | ציון Entry Quality נמוך (43.0 < 60.0)
2026-09-14 07:14:18,AES,Darvas Box Breakout,WATCHLIST,43.0,63.0,14.85,14.79,2.5,1.0319458278276796,41.4,0.8379603399433428,-0.004040404040404074,0.1999999999999929,0.003946095089960175,106837561.64999999,BULL,MA150 לא עולה | אין פריצה מאושרת מעל הרמה | ווליום לא מאשר | סגירת נר לא חזקה | RS לא מספיק חזק | ציון Entry Quality נמוך (43.0 < 60.0)
2026-09-14 07:14:26,HESM,EMA21/MA50 Pullback Bounce,WATCHLIST,40.0,77.0,41.152,39.97,2.5000000000000044,0.7968204156551602,32.3,0.9645270270270271,-0.02872278382581654,0.5584415584415559,0.026749781827744575,54004266.4,BULL,אין פריצה מאושרת מעל הרמה | ווליום לא מאשר | סגירת נר לא חזקה | גוף נר חלש | RS לא מספיק חזק | ציון Entry Quality נמוך (40.0 < 60.0)
2026-09-14 07:14:42,ETON,EMA21/MA50 Pullback Bounce,WATCHLIST,64.0,95.0,59.55,57.080002,7.428717878185003,0.46885300531009355,99.0,0.8600271508211541,-0.041477716204869806,0.17847082152974464,0.7037992822455041,39396331.98039,BULL,אין פריצה מאושרת מעל הרמה | ווליום לא מאשר | סגירת נר לא חזקה
2026-09-14 07:14:46,GRMN,EMA21/MA50 Pullback Bounce,WATCHLIST,51.0,77.0,273.56,282.67001,2.4999999999999982,0.9188913573951998,63.7,0.8994209303805524,0.03330168884339812,0.9905768054446784,0.12194977400246562,232838113.9371,BULL,המחיר כבר רחוק מדי מהכניסה | ווליום לא מאשר | RS לא מספיק חזק | R:R נמוך מדי | ציון Entry Quality נמוך (51.0 < 60.0)
2026-09-14 07:14:56,TPC,EMA21/MA50 Pullback Bounce,WATCHLIST,68.0,100.0,87.97000122070312,89.12999725341797,3.5410848088887623,0.9597793837024635,82.1,0.8712609442281581,0.013186268234833749,0.7866651746961806,0.09206346239948943,36198811.43451691,BULL,ווליום לא מאשר
2026-09-14 07:15:00,GLNG,VCP Breakout,WATCHLIST,56.0,84.0,53.59,52.89,3.0,1.263540658184618,62.7,0.9152102439868489,-0.013062138458667714,0.4224137931034486,0.04314725827610879,69380573.1,BULL,אין פריצה מאושרת מעל הרמה | ווליום לא מאשר | סגירת נר לא חזקה | גוף נר חלש | RS לא מספיק חזק | ציון Entry Quality נמוך (56.0 < 60.0)
2026-09-14 07:15:00,GLNG,EMA21/MA50 Pullback Bounce,WATCHLIST,44.0,91.0,52.87,52.89,2.4999999999999987,1.263540658184618,62.7,0.9152102439868489,0.00037828636277668107,0.4224137931034486,0.04314725827610879,69380573.1,BULL,אין פריצה מאושרת מעל הרמה | ווליום לא מאשר | סגירת נר לא חזקה | גוף נר חלש | RS לא מספיק חזק | R:R נמוך מדי | ציון Entry Quality נמוך (44.0 < 60.0)
2026-09-14 07:15:10,CBZ,Darvas Box Breakout,WATCHLIST,65.0,100.0,55.15,54.54,3.3009708737864143,1.6126838556745098,91.5,0.9375966993295513,-0.011060743427017216,0.11111111111108918,0.49197930900122794,56140203.6,BULL,אין פריצה מאושרת מעל הרמה | סגירת נר לא חזקה
2026-09-14 07:15:10,CBZ,VCP Breakout,WATCHLIST,65.0,100.0,55.15,54.54,3.0,1.6126838556745098,91.5,0.9375966993295513,-0.011060743427017216,0.11111111111108918,0.49197930900122794,56140203.6,BULL,אין פריצה מאושרת מעל הרמה | סגירת נר לא חזקה
2026-09-14 07:15:14,BY,VCP Breakout,WATCHLIST,55.0,96.0,38.96,38.67,3.0,0.7458371454711802,70.5,0.9660255050218713,-0.007443531827515378,0.6705890103787991,0.11289329162149023,10566577.5,BULL,אין פריצה מאושרת מעל הרמה | ווליום לא מאשר | גוף נר חלש | ציון Entry Quality נמוך (55.0 < 60.0)
2026-09-14 07:15:14,BY,Darvas Box Breakout,WATCHLIST,46.0,86.0,39.57,38.67,2.4999999999999973,0.7458371454711802,70.5,0.9660255050218713,-0.022744503411675474,0.6705890103787991,0.11289329162149023,10566577.5,BULL,אין פריצה מאושרת מעל הרמה | ווליום לא מאשר | גוף נר חלש | R:R נמוך מדי | ציון Entry Quality נמוך (46.0 < 60.0)
2026-09-14 07:15:14,BY,EMA21/MA50 Pullback Bounce,WATCHLIST,51.0,86.0,38.4,38.67,2.4999999999999973,0.7458371454711802,70.5,0.9660255050218713,0.007031250000000082,0.6705890103787991,0.11289329162149023,10566577.5,BULL,ווליום לא מאשר | גוף נר חלש | R:R נמוך מדי | ציון Entry Quality נמוך (51.0 < 60.0)
2026-09-14 07:15:18,LOPE,Darvas Box Breakout,WATCHLIST,39.0,45.0,153.2,151.2,3.4593490001459513,0.777325243121935,13.5,0.6779053297405725,-0.013054830287206267,0.457339444844517,-0.0323460094245295,45477180.0,BULL,לא מעל MA150 | MA150 לא עולה | מתחת ל-MA200 | אין פריצה מאושרת מעל הרמה | ווליום לא מאשר | סגירת נר לא חזקה | RS לא מספיק חזק | רחוק מדי משיא 52 שבועות | ציון Entry Quality נמוך (39.0 < 60.0)
2026-09-14 07:15:18,LOPE,VCP Breakout,WATCHLIST,39.0,45.0,153.2,151.2,3.0,0.777325243121935,13.5,0.6779053297405725,-0.013054830287206267,0.457339444844517,-0.0323460094245295,45477180.0,BULL,לא מעל MA150 | MA150 לא עולה | מתחת ל-MA200 | אין פריצה מאושרת מעל הרמה | ווליום לא מאשר | סגירת נר לא חזקה | RS לא מספיק חזק | רחוק מדי משיא 52 שבועות | ציון Entry Quality נמוך (39.0 < 60.0)
2026-09-14 07:15:22,ROCK,EMA21/MA50 Pullback Bounce,WATCHLIST,49.0,72.0,45.61,46.16,2.751078027510781,1.0064771105500054,24.9,0.6148108520295458,0.012058759044069221,0.8181818181818178,0.07430284611810564,10511786.0,BULL,MA150 לא עולה | ווליום לא מאשר | RS לא מספיק חזק | רחוק מדי משיא 52 שבועות | ציון Entry Quality נמוך (49.0 < 60.0)
2026-09-14 07:15:26,AVO,EMA21/MA50 Pullback Bounce,WATCHLIST,41.0,68.0,13.56,13.01,2.5000000000000018,1.4177690505718616,48.1,0.8377334191886672,-0.04056047197640123,0.3695652173913035,0.0016218935093463762,7553085.6,BULL,MA150 לא עולה | אין פריצה מאושרת מעל הרמה | סגירת נר לא חזקה | RS לא מספיק חזק | ציון Entry Quality נמוך (41.0 < 60.0)
2026-09-14 07:15:33,PTGX,EMA21/MA50 Pullback Bounce,WATCHLIST,58.0,100.0,146.50999,148.17999,2.5,0.9360068927704237,99.0,0.9214600460170388,0.011398540126854258,0.5064345631643009,0.2953668203013676,75672557.2932,BULL,ווליום לא מאשר | סגירת נר לא חזקה | גוף נר חלש | ציון Entry Quality נמוך (58.0 < 60.0)
2026-09-14 07:15:40,SPOT,EMA21/MA50 Pullback Bounce,WATCHLIST,33.0,62.0,530.37,525.75,2.4999999999999987,0.6458221673923867,20.4,0.7057046979865772,-0.008710899937779295,0.32258262422605255,0.07136190331595642,828894821.25,BULL,אין פריצה מאושרת מעל הרמה | ווליום לא מאשר | סגירת נר לא חזקה | גוף נר חלש | RS לא מספיק חזק | רחוק מדי משיא 52 שבועות | R:R נמוך מדי | ציון Entry Quality נמוך (33.0 < 60.0)
2026-09-14 07:15:44,PFE,EMA21/MA50 Pullback Bounce,WATCHLIST,50.0,84.0,27.75,27.72,2.9978118161925575,0.767178283078927,42.5,0.9489900718931872,-0.001081081081081122,0.697674418604645,0.04890341941730188,922742251.1999999,BULL,אין פריצה מאושרת מעל הרמה | ווליום לא מאשר | גוף נר חלש | RS לא מספיק חזק | ציון Entry Quality נמוך (50.0 < 60.0)
2026-09-14 07:15:48,BHE,VCP Breakout,WATCHLIST,68.0,100.0,74.99,77.8,3.0,1.0339216810525174,91.6,0.7748232247784085,0.03747166288838515,0.9685714285714287,0.0544415297115487,25102559.0,BULL,המחיר כבר רחוק מדי מהכניסה | ווליום לא מאשר
2026-09-14 07:15:48,BHE,EMA21/MA50 Pullback Bounce,WATCHLIST,63.0,100.0,74.99,77.8,2.5,1.0339216810525174,91.6,0.7748232247784085,0.03747166288838515,0.9685714285714287,0.0544415297115487,25102559.0,BULL,המחיר כבר רחוק מדי מהכניסה | ווליום לא מאשר
2026-09-14 07:15:51,FMBH,VCP Breakout,WATCHLIST,49.0,71.0,51.52,51.02,3.0,0.7026071586389748,67.2,0.9561469265367317,-0.009704968944099378,0.5113636363636381,0.11917052940000246,5772913.0,BULL,אין פריצה מאושרת מעל הרמה | ווליום לא מאשר | סגירת נר לא חזקה | RS לא מספיק חזק | ציון Entry Quality נמוך (49.0 < 60.0)
2026-09-14 07:15:51,FMBH,Darvas Box Breakout,WATCHLIST,40.0,65.0,52.55,51.02,2.4999999999999987,0.7026071586389748,67.2,0.9561469265367317,-0.029115128449095987,0.5113636363636381,0.11917052940000246,5772913.0,BULL,אין פריצה מאושרת מעל הרמה | ווליום לא מאשר | סגירת נר לא חזקה | RS לא מספיק חזק | R:R נמוך מדי | ציון Entry Quality נמוך (40.0 < 60.0)
2026-09-14 07:15:52,FMBH,EMA21/MA50 Pullback Bounce,WATCHLIST,45.0,65.0,50.9,51.02,2.4999999999999987,0.7026071586389748,67.2,0.9561469265367317,0.002357563850687712,0.5113636363636381,0.11917052940000246,5772913.0,BULL,ווליום לא מאשר | סגירת נר לא חזקה | RS לא מספיק חזק | R:R נמוך מדי | ציון Entry Quality נמוך (45.0 < 60.0)
2026-09-14 07:15:55,AME,EMA21/MA50 Pullback Bounce,WATCHLIST,56.0,100.0,235.92,241.87,2.500000000000002,0.9523740427831929,57.9,0.926137233879614,0.025220413699559248,0.7775675747096996,0.03940725868641962,333380305.15000004,BULL,ווליום לא מאשר | RS לא מספיק חזק | ציון Entry Quality נמוך (56.0 < 60.0)
2026-09-14 07:16:02,THG,EMA21/MA50 Pullback Bounce,WATCHLIST,61.0,92.0,228.64999,225.84,2.5,1.305071451801121,68.7,0.9566653674899074,-0.012289482278131737,0.8422482413054582,0.14724812767155301,59026671.6,BULL,אין פריצה מאושרת מעל הרמה | גוף נר חלש | RS לא מספיק חזק
2026-09-14 07:16:09,SAFT,VCP Breakout,WATCHLIST,57.0,100.0,103.8,103.42,3.0,0.6808480364257257,91.4,0.9963391136801542,-0.003660886319845814,0.6842105263157737,0.277561919852697,14536715.200000001,BULL,אין פריצה מאושרת מעל הרמה | ווליום לא מאשר | ציון Entry Quality נמוך (57.0 < 60.0)
2026-09-14 07:16:09,SAFT,Darvas Box Breakout,WATCHLIST,53.0,99.0,103.8,103.42,2.5,0.6808480364257257,91.4,0.9963391136801542,-0.003660886319845814,0.6842105263157737,0.277561919852697,14536715.200000001,BULL,אין פריצה מאושרת מעל הרמה | ווליום לא מאשר | ציון Entry Quality נמוך (53.0 < 60.0)
2026-09-14 07:16:19,WABC,Darvas Box Breakout,WATCHLIST,57.0,84.0,60.73,59.09,3.828545420470648,1.5451388888888888,50.4,0.9289419902531049,-0.027004775234645045,0.5,0.06094175849753589,7487884.800000001,BULL,אין פריצה מאושרת מעל הרמה | סגירת נר לא חזקה | RS לא מספיק חזק | ציון Entry Quality נמוך (57.0 < 60.0)
2026-09-14 07:16:19,WABC,VCP Breakout,WATCHLIST,57.0,84.0,59.71,59.09,3.0,1.5451388888888888,50.4,0.9289419902531049,-0.010383520348350318,0.5,0.06094175849753589,7487884.800000001,BULL,אין פריצה מאושרת מעל הרמה | סגירת נר לא חזקה | RS לא מספיק חזק | ציון Entry Quality נמוך (57.0 < 60.0)
2026-09-14 07:16:20,WABC,EMA21/MA50 Pullback Bounce,WATCHLIST,50.0,80.0,59.16,59.09,2.5,1.5451388888888888,50.4,0.9289419902531049,-0.001183231913454922,0.5,0.06094175849753589,7487884.800000001,BULL,אין פריצה מאושרת מעל הרמה | סגירת נר לא חזקה | RS לא מספיק חזק | ציון Entry Quality נמוך (50.0 < 60.0)
2026-09-14 07:16:23,FLR,EMA21/MA50 Pullback Bounce,WATCHLIST,45.0,76.0,54.45,54.2,2.4999999999999987,0.7421458261358921,67.0,0.9288774635818338,-0.004591368227731864,0.7793103448275864,0.09068078365097153,124723143.0,BULL,אין פריצה מאושרת מעל הרמה | ווליום לא מאשר | גוף נר חלש | RS לא מספיק חזק | R:R נמוך מדי | ציון Entry Quality נמוך (45.0 < 60.0)
2026-09-14 07:16:27,FOX,EMA21/MA50 Pullback Bounce,WATCHLIST,54.0,78.0,58.29,58.45,2.5,0.8512483737067096,39.9,0.8573524019068575,0.0027448962086121754,0.655737704918035,0.06832269442030506,61323694.25,BULL,MA150 לא עולה | ווליום לא מאשר | RS לא מספיק חזק | ציון Entry Quality נמוך (54.0 < 60.0)
2026-09-14 07:16:34,FOXA,EMA21/MA50 Pullback Bounce,WATCHLIST,53.0,76.0,65.49,65.94,2.499999999999999,0.5703134319100309,42.9,0.8632019897892393,0.00687127805771878,0.8673474802143702,0.08399985118899152,345497575.5,BULL,MA150 לא עולה | ווליום לא מאשר | RS לא מספיק חזק | R:R נמוך מדי | ציון Entry Quality נמוך (53.0 < 60.0)
2026-09-14 07:16:42,AMPL,EMA21/MA50 Pullback Bounce,WATCHLIST,63.0,100.0,12.52,12.59,3.1011075384065743,0.8090205055769324,96.2,0.8529810298102981,0.005591054313099065,0.6363636363636381,0.5058127481780343,23263676.1,BULL,ווליום לא מאשר | סגירת נר לא חזקה
2026-09-14 07:16:49,WAT,EMA21/MA50 Pullback Bounce,WATCHLIST,63.0,100.0,403.48999,408.34,2.5000000000000018,0.7637441018325469,79.5,0.9580498334193608,0.012020149496149825,0.720821766561512,0.1607919846140105,260484169.39999998,BULL,ווליום לא מאשר | גוף נר חלש
2026-09-14 07:16:52,AMT,Flat Base / Rectangle Breakout,WATCHLIST,57.0,79.0,180.98,177.85001,3.0965815786984785,0.9597899376942348,19.1,0.8931351880680962,-0.01729467344457947,0.835718656472993,0.0006917523339971584,354239871.41789997,BULL,אין פריצה מאושרת מעל הרמה | ווליום לא מאשר | RS לא מספיק חזק | ציון Entry Quality נמוך (57.0 < 60.0)
2026-09-14 07:16:52,AMT,Darvas Box Breakout,WATCHLIST,57.0,73.0,180.98,177.85001,3.0965815786984785,0.9597899376942348,19.1,0.8931351880680962,-0.01729467344457947,0.835718656472993,0.0006917523339971584,354239871.41789997,BULL,אין פריצה מאושרת מעל הרמה | ווליום לא מאשר | RS לא מספיק חזק | ציון Entry Quality נמוך (57.0 < 60.0)
2026-09-14 07:16:52,AMT,VCP Breakout,WATCHLIST,57.0,73.0,180.98,177.85001,3.0,0.9597899376942348,19.1,0.8931351880680962,-0.01729467344457947,0.835718656472993,0.0006917523339971584,354239871.41789997,BULL,אין פריצה מאושרת מעל הרמה | ווליום לא מאשר | RS לא מספיק חזק | ציון Entry Quality נמוך (57.0 < 60.0)
2026-09-14 07:16:56,DXPE,EMA21/MA50 Pullback Bounce,WATCHLIST,59.0,97.0,185.74001,187.089996,2.4999999999999982,0.9236011477761836,88.0,0.8994711346153846,0.007268148634211881,0.4510730310262592,0.1666714278053272,20864276.35392,BULL,ווליום לא מאשר | סגירת נר לא חזקה | גוף נר חלש | R:R נמוך מדי | ציון Entry Quality נמוך (59.0 < 60.0)
2026-09-14 07:17:03,DSGR,Flat Base / Rectangle Breakout,WATCHLIST,58.0,100.0,35.060001,34.75,3.07010745352212,0.9241349666881582,81.6,0.9911579865613809,-0.00884201343861912,0.1249999999999778,0.18654677977683592,7276128.75,BULL,אין פריצה מאושרת מעל הרמה | ווליום לא מאשר | סגירת נר לא חזקה | ציון Entry Quality נמוך (58.0 < 60.0)
2026-09-14 07:17:03,DSGR,VCP Breakout,WATCHLIST,60.0,99.0,34.87,34.75,3.0,0.9241349666881582,81.6,0.9911579865613809,-0.0034413535990822325,0.1249999999999778,0.18654677977683592,7276128.75,BULL,אין פריצה מאושרת מעל הרמה | ווליום לא מאשר | סגירת נר לא חזקה
2026-09-14 07:17:03,DSGR,Darvas Box Breakout,WATCHLIST,58.0,95.0,35.060001,34.75,3.3430052873955605,0.9241349666881582,81.6,0.9911579865613809,-0.00884201343861912,0.1249999999999778,0.18654677977683592,7276128.75,BULL,אין פריצה מאושרת מעל הרמה | ווליום לא מאשר | סגירת נר לא חזקה | ציון Entry Quality נמוך (58.0 < 60.0)
2026-09-14 07:17:07,TSLA,EMA21/MA50 Pullback Bounce,WATCHLIST,30.0,46.0,369.20999,365.44,2.5,0.7566340918205832,20.1,0.7325942852794396,-0.010210964226618047,0.5439087024202564,-0.04751975559802865,14533530528.0,BULL,לא מעל MA150 | MA150 לא עולה | מתחת ל-MA200 | אין פריצה מאושרת מעל הרמה | ווליום לא מאשר | סגירת נר לא חזקה | גוף נר חלש | RS לא מספיק חזק | רחוק מדי משיא 52 שבועות | ציון Entry Quality נמוך (30.0 < 60.0)
2026-09-14 07:17:15,CNXC,EMA21/MA50 Pullback Bounce,WATCHLIST,43.0,66.0,27.47,28.24,2.499999999999999,0.7726405148323934,8.5,0.4879481641468682,0.028030578813250804,0.9282051282051279,0.031162478897890197,36027321.199999996,BULL,MA150 לא עולה | מתחת ל-MA200 | ווליום לא מאשר | RS לא מספיק חזק | רחוק מדי משיא 52 שבועות | R:R נמוך מדי | ציון Entry Quality נמוך (43.0 < 60.0)
2026-09-14 07:17:18,JCAP,EMA21/MA50 Pullback Bounce,WATCHLIST,52.0,76.0,21.8,21.38,3.1463677960002134,0.5102210865459393,66.6,0.8747954173486088,-0.019266055045871637,0.6791443850267342,0.08054381042843962,7697655.199999999,BULL,אין פריצה מאושרת מעל הרמה | ווליום לא מאשר | גוף נר חלש | RS לא מספיק חזק | ציון Entry Quality נמוך (52.0 < 60.0)
2026-09-14 07:17:25,BFC,Flat Base / Rectangle Breakout,WATCHLIST,45.0,76.0,159.10001,154.41,2.953927248605911,0.7348975188781014,54.0,0.9705216234744423,-0.029478376525557737,0.15665796344647437,0.06582075037848266,11451045.6,BULL,אין פריצה מאושרת מעל הרמה | ווליום לא מאשר | סגירת נר לא חזקה | RS לא מספיק חזק | ציון Entry Quality נמוך (45.0 < 60.0)
2026-09-14 07:17:25,BFC,VCP Breakout,WATCHLIST,47.0,75.0,156.92999,154.41,3.0,0.7348975188781014,54.0,0.9705216234744423,-0.016058052383741354,0.15665796344647437,0.06582075037848266,11451045.6,BULL,אין פריצה מאושרת מעל הרמה | ווליום לא מאשר | סגירת נר לא חזקה | RS לא מספיק חזק | ציון Entry Quality נמוך (47.0 < 60.0)
2026-09-14 07:17:25,BFC,Darvas Box Breakout,WATCHLIST,43.0,73.0,159.10001,154.41,2.5,0.7348975188781014,54.0,0.9705216234744423,-0.029478376525557737,0.15665796344647437,0.06582075037848266,11451045.6,BULL,אין פריצה מאושרת מעל הרמה | ווליום לא מאשר | סגירת נר לא חזקה | RS לא מספיק חזק | ציון Entry Quality נמוך (43.0 < 60.0)
2026-09-14 07:17:32,BMRN,EMA21/MA50 Pullback Bounce,WATCHLIST,40.0,78.0,65.59,65.68,2.5,0.8769926061129357,59.6,0.9253310791772331,0.0013721603903034518,0.5131558691215716,0.12085099159390825,120187175.20000002,BULL,אין פריצה מאושרת מעל הרמה | ווליום לא מאשר | סגירת נר לא חזקה | RS לא מספיק חזק | ציון Entry Quality נמוך (40.0 < 60.0)
2026-09-14 07:17:36,SYY,EMA21/MA50 Pullback Bounce,WATCHLIST,51.0,83.0,82.42,83.21,2.5,1.3727400671213597,32.8,0.9059335873707131,0.009585052171802864,0.1485714285714234,0.03242824698852198,211367961.74999997,BULL,MA150 לא עולה | סגירת נר לא חזקה | גוף נר חלש | RS לא מספיק חזק | ציון Entry Quality נמוך (51.0 < 60.0)
2026-09-14 07:17:36,SYY,Darvas Box Breakout,WATCHLIST,46.0,75.0,85.4,83.21,2.5,1.3727400671213597,32.8,0.9059335873707131,-0.025644028103044635,0.1485714285714234,0.03242824698852198,211367961.74999997,BULL,MA150 לא עולה | אין פריצה מאושרת מעל הרמה | סגירת נר לא חזקה | גוף נר חלש | RS לא מספיק חזק | ציון Entry Quality נמוך (46.0 < 60.0)
2026-09-14 07:17:47,JPM,Flat Base / Rectangle Breakout,WATCHLIST,45.0,81.0,366.5,356.23001,3.5536308660779565,0.964835384625087,59.2,0.9719781991814461,-0.028021800818553908,0.273765403581536,0.1092566547204491,1976989279.1475499,BULL,אין פריצה מאושרת מעל הרמה | ווליום לא מאשר | סגירת נר לא חזקה | RS לא מספיק חזק | ציון Entry Quality נמוך (45.0 < 60.0)
2026-09-14 07:17:47,JPM,EMA21/MA50 Pullback Bounce,WATCHLIST,48.0,77.0,354.22,356.23001,2.5,0.964835384625087,59.2,0.9719781991814461,0.005674467844842091,0.273765403581536,0.1092566547204491,1976989279.1475499,BULL,ווליום לא מאשר | סגירת נר לא חזקה | RS לא מספיק חזק | ציון Entry Quality נמוך (48.0 < 60.0)
2026-09-14 07:17:47,JPM,Darvas Box Breakout,WATCHLIST,45.0,75.0,366.5,356.23001,3.024733235237728,0.964835384625087,59.2,0.9719781991814461,-0.028021800818553908,0.273765403581536,0.1092566547204491,1976989279.1475499,BULL,אין פריצה מאושרת מעל הרמה | ווליום לא מאשר | סגירת נר לא חזקה | RS לא מספיק חזק | ציון Entry Quality נמוך (45.0 < 60.0)
2026-09-14 07:17:57,DAR,EMA21/MA50 Pullback Bounce,WATCHLIST,59.0,100.0,68.39,65.11,2.5000000000000013,0.5885850849626465,95.9,0.9304086881966276,-0.047960228103523926,0.1518324607329867,0.09694665478758584,173000525.5,BULL,אין פריצה מאושרת מעל הרמה | ווליום לא מאשר | סגירת נר לא חזקה | ציון Entry Quality נמוך (59.0 < 60.0)
2026-09-14 07:18:01,CORT,EMA21/MA50 Pullback Bounce,WATCHLIST,60.0,100.0,116.99,112.79,2.6745387453874456,1.615398181039478,99.0,0.8924671625257162,-0.03590050431660816,0.40866510538641765,0.6137693814414523,89539469.4,BULL,אין פריצה מאושרת מעל הרמה | סגירת נר לא חזקה | גוף נר חלש
2026-09-14 07:18:04,KNTK,EMA21/MA50 Pullback Bounce,WATCHLIST,51.0,81.0,56.92,54.75,2.499999999999998,1.0491149339316879,68.5,0.9618763176387912,-0.03812368236120874,0.8720930232558145,0.13056765880217858,54900562.5,BULL,אין פריצה מאושרת מעל הרמה | ווליום לא מאשר | RS לא מספיק חזק | R:R נמוך מדי | ציון Entry Quality נמוך (51.0 < 60.0)
2026-09-14 07:18:11,MCK,EMA21/MA50 Pullback Bounce,WATCHLIST,43.0,73.0,904.83002,881.51001,3.876787438278824,0.9880331048895855,52.3,0.8823924024024024,-0.02577280758213573,0.3671604968490532,0.03919610294270384,792975552.1456499,BULL,אין פריצה מאושרת מעל הרמה | ווליום לא מאשר | סגירת נר לא חזקה | RS לא מספיק חזק | ציון Entry Quality נמוך (43.0 < 60.0)
2026-09-14 07:18:15,GILD,EMA21/MA50 Pullback Bounce,WATCHLIST,46.0,76.0,145.91,143.72,4.697789041324227,0.7923517616458683,55.7,0.9137262962506387,-0.015009252278801986,0.08835305882305604,0.04662577709100134,762248482.6,BULL,אין פריצה מאושרת מעל הרמה | ווליום לא מאשר | סגירת נר לא חזקה | RS לא מספיק חזק | ציון Entry Quality נמוך (46.0 < 60.0)
2026-09-14 07:18:19,ETN,EMA21/MA50 Pullback Bounce,WATCHLIST,59.0,91.0,414.37,425.37,2.5000000000000013,0.9390133651193993,56.2,0.8898953974895397,0.02654632333421821,0.8652961451323088,0.06729161813858339,738701795.7,BULL,ווליום לא מאשר | RS לא מספיק חזק | ציון Entry Quality נמוך (59.0 < 60.0)
2026-09-14 07:18:19,ETN,VCP Breakout,WATCHLIST,56.0,76.0,430.25,425.37,3.0,0.9390133651193993,56.2,0.8898953974895397,-0.011342242882045312,0.8652961451323088,0.06729161813858339,738701795.7,BULL,אין פריצה מאושרת מעל הרמה | ווליום לא מאשר | RS לא מספיק חזק | ציון Entry Quality נמוך (56.0 < 60.0)
2026-09-14 07:18:23,DCOM,Darvas Box Breakout,WATCHLIST,49.0,82.0,41.53,40.71,2.5,1.3227043390514632,64.0,0.9699785561115083,-0.019744762822056353,0.4683544303797441,0.09023032786612815,10085902.5,BULL,אין פריצה מאושרת מעל הרמה | סגירת נר לא חזקה | גוף נר חלש | RS לא מספיק חזק | ציון Entry Quality נמוך (49.0 < 60.0)
2026-09-14 07:18:23,DCOM,VCP Breakout,WATCHLIST,53.0,80.0,41.49,40.71,3.0,1.3227043390514632,64.0,0.9699785561115083,-0.018799710773680433,0.4683544303797441,0.09023032786612815,10085902.5,BULL,אין פריצה מאושרת מעל הרמה | סגירת נר לא חזקה | גוף נר חלש | RS לא מספיק חזק | ציון Entry Quality נמוך (53.0 < 60.0)
2026-09-14 07:18:23,DCOM,EMA21/MA50 Pullback Bounce,WATCHLIST,54.0,80.0,40.53,40.71,2.5,1.3227043390514632,64.0,0.9699785561115083,0.004441154700222051,0.4683544303797441,0.09023032786612815,10085902.5,BULL,סגירת נר לא חזקה | גוף נר חלש | RS לא מספיק חזק | ציון Entry Quality נמוך (54.0 < 60.0)
2026-09-14 07:18:27,EPD,Flat Base / Rectangle Breakout,WATCHLIST,50.0,81.0,39.69,38.9,8.725910064239747,0.593057768849079,50.0,0.9683843664426188,-0.019904257999496074,0.08955223880596366,0.030902336877673058,103012646.0,BULL,אין פריצה מאושרת מעל הרמה | ווליום לא מאשר | סגירת נר לא חזקה | RS לא מספיק חזק | ציון Entry Quality נמוך (50.0 < 60.0)
2026-09-14 07:18:27,EPD,Darvas Box Breakout,WATCHLIST,50.0,75.0,39.69,38.9,7.280513918629484,0.593057768849079,50.0,0.9683843664426188,-0.019904257999496074,0.08955223880596366,0.030902336877673058,103012646.0,BULL,אין פריצה מאושרת מעל הרמה | ווליום לא מאשר | סגירת נר לא חזקה | RS לא מספיק חזק | ציון Entry Quality נמוך (50.0 < 60.0)
2026-09-14 07:18:27,EPD,VCP Breakout,WATCHLIST,52.0,75.0,39.69,38.9,3.0,0.593057768849079,50.0,0.9683843664426188,-0.019904257999496074,0.08955223880596366,0.030902336877673058,103012646.0,BULL,אין פריצה מאושרת מעל הרמה | ווליום לא מאשר | סגירת נר לא חזקה | RS לא מספיק חזק | ציון Entry Quality נמוך (52.0 < 60.0)
2026-09-14 07:18:34,MSI,EMA21/MA50 Pullback Bounce,WATCHLIST,46.0,78.0,466.95001,466.16,2.7679162312724537,0.7029290405954749,33.5,0.9420228161660541,-0.0016918513397183462,0.045456521739140256,0.06403731933363233,458116409.20000005,BULL,אין פריצה מאושרת מעל הרמה | ווליום לא מאשר | סגירת נר לא חזקה | RS לא מספיק חזק | ציון Entry Quality נמוך (46.0 < 60.0)
2026-09-14 07:18:38,ITT,EMA21/MA50 Pullback Bounce,WATCHLIST,49.0,97.0,197.47,204.14,2.5,1.2815185954621369,48.3,0.8863320212603325,0.03377728262520883,0.9321074964639294,0.020390481859952864,125285821.49999999,BULL,המחיר כבר רחוק מדי מהכניסה | ווליום לא מאשר | RS לא מספיק חזק | ציון Entry Quality נמוך (49.0 < 60.0)
2026-09-14 07:18:51,CSQ,Flat Base / Rectangle Breakout,WATCHLIST,38.0,76.0,21.17,20.83,6.03603603603608,0.963922811596905,44.2,0.9839395370807745,-0.016060462919225478,0.6129032258064468,0.05763957963264752,3351651.15,BULL,אין פריצה מאושרת מעל הרמה | ווליום לא מאשר | סגירת נר לא חזקה | גוף נר חלש | RS לא מספיק חזק | נזילות דולרית נמוכה | ציון Entry Quality נמוך (38.0 < 60.0)
2026-09-14 07:18:51,CSQ,Darvas Box Breakout,WATCHLIST,38.0,70.0,21.17,20.83,3.0930930930931217,0.963922811596905,44.2,0.9839395370807745,-0.016060462919225478,0.6129032258064468,0.05763957963264752,3351651.15,BULL,אין פריצה מאושרת מעל הרמה | ווליום לא מאשר | סגירת נר לא חזקה | גוף נר חלש | RS לא מספיק חזק | נזילות דולרית נמוכה | ציון Entry Quality נמוך (38.0 < 60.0)
2026-09-14 07:18:51,CSQ,VCP Breakout,WATCHLIST,38.0,66.0,21.17,20.83,3.0,0.963922811596905,44.2,0.9839395370807745,-0.016060462919225478,0.6129032258064468,0.05763957963264752,3351651.15,BULL,אין פריצה מאושרת מעל הרמה | ווליום לא מאשר | סגירת נר לא חזקה | גוף נר חלש | RS לא מספיק חזק | נזילות דולרית נמוכה | ציון Entry Quality נמוך (38.0 < 60.0)
2026-09-14 07:19:02,ALG,Double Bottom,WATCHLIST,24.0,40.5,168.8,169.080002,1.31,0.8371688020898121,22.1,0.7689648990358378,0.0016587796208530573,0.5841603568325702,-0.0008796641870127897,27184682.72156,BULL,לא מעל MA150 | MA150 לא עולה | מתחת ל-MA200 | אין פריצה מאושרת מעל הרמה | ווליום לא מאשר | סגירת נר לא חזקה | RS לא מספיק חזק | R:R נמוך מדי | ציון Entry Quality נמוך (24.0 < 60.0)
2026-09-14 07:19:02,ALG,EMA21/MA50 Pullback Bounce,WATCHLIST,33.0,57.0,173.88,169.080002,2.5,0.8371688020898121,22.1,0.7689648990358378,-0.027605233494363862,0.5841603568325702,-0.0008796641870127897,27184682.72156,BULL,לא מעל MA150 | MA150 לא עולה | מתחת ל-MA200 | אין פריצה מאושרת מעל הרמה | ווליום לא מאשר | סגירת נר לא חזקה | RS לא מספיק חזק | ציון Entry Quality נמוך (33.0 < 60.0)
2026-09-14 07:19:06,ICLR,EMA21/MA50 Pullback Bounce,WATCHLIST,62.0,83.0,166.53,169.31,2.5,2.8818686643128597,65.3,0.830317296846648,0.01669368882483637,0.36482475897009164,0.24673668207556923,100462628.15,BULL,MA150 לא עולה | סגירת נר לא חזקה | RS לא מספיק חזק
2026-09-14 07:19:09,OBK,EMA21/MA50 Pullback Bounce,WATCHLIST,57.0,97.0,54.27,54.43,2.5000000000000018,0.8444752965321582,83.5,0.9794853338132086,0.0029482218536944277,0.5555555555555536,0.13615964270419276,9017145.95,BULL,ווליום לא מאשר | סגירת נר לא חזקה | ציון Entry Quality נמוך (57.0 < 60.0)
2026-09-14 07:19:09,OBK,Flat Base / Rectangle Breakout,WATCHLIST,54.0,96.0,55.57,54.43,2.6125588488827036,0.8444752965321582,83.5,0.9794853338132086,-0.020514666186791444,0.5555555555555536,0.13615964270419276,9017145.95,BULL,אין פריצה מאושרת מעל הרמה | ווליום לא מאשר | סגירת נר לא חזקה | ציון Entry Quality נמוך (54.0 < 60.0)
2026-09-14 07:19:09,OBK,VCP Breakout,WATCHLIST,56.0,95.0,54.795,54.43,3.0,0.8444752965321582,83.5,0.9794853338132086,-0.006661191714572533,0.5555555555555536,0.13615964270419276,9017145.95,BULL,אין פריצה מאושרת מעל הרמה | ווליום לא מאשר | סגירת נר לא חזקה | ציון Entry Quality נמוך (56.0 < 60.0)
2026-09-14 07:19:19,DT,EMA21/MA50 Pullback Bounce,WATCHLIST,48.0,68.0,51.65,51.07,2.499999999999998,0.7244772187725274,63.3,0.9313394729643476,-0.011229428848015456,0.18279569892473307,0.2327530440628556,350325134.35,BULL,אין פריצה מאושרת מעל הרמה | ווליום לא מאשר | סגירת נר לא חזקה | גוף נר חלש | RS לא מספיק חזק | R:R נמוך מדי | ציון Entry Quality נמוך (48.0 < 60.0)
2026-09-14 07:19:33,TRV,EMA21/MA50 Pullback Bounce,WATCHLIST,68.0,100.0,370.51999,375.20001,2.5,1.0890729878454375,78.6,0.9410584414081153,0.012630951436655316,0.9824595875775073,0.15925673264319617,558421430.8833001,BULL,ווליום לא מאשר
2026-09-14 07:19:33,TRV,Darvas Box Breakout,WATCHLIST,63.0,96.0,376.57001,375.20001,2.5,1.0890729878454375,78.6,0.9410584414081153,-0.003638101717128256,0.9824595875775073,0.15925673264319617,558421430.8833001,BULL,אין פריצה מאושרת מעל הרמה | ווליום לא מאשר
2026-09-14 07:19:33,TRV,VCP Breakout,WATCHLIST,67.0,94.0,376.57001,375.20001,3.0,1.0890729878454375,78.6,0.9410584414081153,-0.003638101717128256,0.9824595875775073,0.15925673264319617,558421430.8833001,BULL,אין פריצה מאושרת מעל הרמה | ווליום לא מאשר
2026-09-14 07:19:37,NBN,VCP Breakout,WATCHLIST,43.0,75.0,133.11,132.64,3.0000000000000013,1.2445278298936835,52.8,0.9320497505445856,-0.0035309142814215853,0.32197932501338516,0.0742446918903464,12725481.599999998,BULL,אין פריצה מאושרת מעל הרמה | ווליום לא מאשר | סגירת נר לא חזקה | גוף נר חלש | RS לא מספיק חזק | ציון Entry Quality נמוך (43.0 < 60.0)
2026-09-14 07:19:37,NBN,EMA21/MA50 Pullback Bounce,WATCHLIST,39.0,76.0,131.47,132.64,2.499999999999999,1.2445278298936835,52.8,0.9320497505445856,0.00889936867726468,0.32197932501338516,0.0742446918903464,12725481.599999998,BULL,ווליום לא מאשר | סגירת נר לא חזקה | גוף נר חלש | RS לא מספיק חזק | R:R נמוך מדי | ציון Entry Quality נמוך (39.0 < 60.0)
2026-09-14 07:19:47,TRMK,EMA21/MA50 Pullback Bounce,WATCHLIST,46.0,80.0,47.47,46.98,2.5,1.653815384091644,47.9,0.9587755102040816,-0.010322308826627385,0.11504424778760705,0.04698584863988251,13800140.1,BULL,אין פריצה מאושרת מעל הרמה | סגירת נר לא חזקה | RS לא מספיק חזק | ציון Entry Quality נמוך (46.0 < 60.0)
2026-09-14 07:20:04,BIO,EMA21/MA50 Pullback Bounce,WATCHLIST,59.0,100.0,382.01001,369.32001,9.136279636239166,1.446733520748542,83.1,0.9320849018982688,-0.0332190248103708,0.12550025000050322,0.22735001492875154,88020037.9833,BULL,אין פריצה מאושרת מעל הרמה | סגירת נר לא חזקה | גוף נר חלש | ציון Entry Quality נמוך (59.0 < 60.0)
2026-09-14 07:20:08,TDW,EMA21/MA50 Pullback Bounce,WATCHLIST,60.0,100.0,94.33,92.97,2.5,0.7719885277246654,86.8,0.9152392203189604,-0.014417470581999358,0.9380530973451326,0.16144652243077773,54458107.2,BULL,אין פריצה מאושרת מעל הרמה | ווליום לא מאשר | גוף נר חלש
2026-09-14 07:20:25,PM,EMA21/MA50 Pullback Bounce,WATCHLIST,40.0,84.0,192.45,191.059998,2.5000000000000013,1.2471434230171548,44.7,0.9196188255496163,-0.0072226656274356005,0.11737014701843558,0.06671519042790866,815151749.66706,BULL,אין פריצה מאושרת מעל הרמה | ווליום לא מאשר | סגירת נר לא חזקה | גוף נר חלש | RS לא מספיק חזק | ציון Entry Quality נמוך (40.0 < 60.0)
2026-09-14 07:20:25,PM,Darvas Box Breakout,WATCHLIST,43.0,73.0,196.66,191.059998,2.5000000000000013,1.2471434230171548,44.7,0.9196188255496163,-0.028475551713617358,0.11737014701843558,0.06671519042790866,815151749.66706,BULL,אין פריצה מאושרת מעל הרמה | ווליום לא מאשר | סגירת נר לא חזקה | גוף נר חלש | RS לא מספיק חזק | ציון Entry Quality נמוך (43.0 < 60.0)
2026-09-14 07:20:25,PM,VCP Breakout,WATCHLIST,47.0,67.0,196.66,191.059998,3.0,1.2471434230171548,44.7,0.9196188255496163,-0.028475551713617358,0.11737014701843558,0.06671519042790866,815151749.66706,BULL,אין פריצה מאושרת מעל הרמה | ווליום לא מאשר | סגירת נר לא חזקה | גוף נר חלש | RS לא מספיק חזק | ציון Entry Quality נמוך (47.0 < 60.0)
2026-09-14 07:20:32,DKNG,EMA21/MA50 Pullback Bounce,WATCHLIST,38.0,72.0,23.988,24.74,2.499999999999999,1.2985881779294755,5.0,0.5341105354058722,0.03134900783725191,1.0,0.009600865128532008,223248812.0,BULL,MA150 לא עולה | מתחת ל-MA200 | המחיר כבר רחוק מדי מהכניסה | ווליום לא מאשר | RS לא מספיק חזק | רחוק מדי משיא 52 שבועות | R:R נמוך מדי | ציון Entry Quality נמוך (38.0 < 60.0)
2026-09-14 07:20:35,REXR,VCP Breakout,WATCHLIST,69.0,88.0,37.94,38.040001,3.0,1.51549473169723,29.1,0.8571428796755294,0.0026357670005271194,0.989363818472144,0.06292218950880339,80942274.92782,BULL,MA150 לא עולה | RS לא מספיק חזק
2026-09-14 07:20:35,REXR,Darvas Box Breakout,WATCHLIST,52.0,72.0,38.16,38.040001,2.499999999999998,1.51549473169723,29.1,0.8571428796755294,-0.0031446278825995803,0.989363818472144,0.06292218950880339,80942274.92782,BULL,MA150 לא עולה | אין פריצה מאושרת מעל הרמה | RS לא מספיק חזק | R:R נמוך מדי | ציון Entry Quality נמוך (52.0 < 60.0)
2026-09-14 07:20:39,FIX,VCP Breakout,WATCHLIST,71.0,98.0,1711.30005,1690.81995,2.9999999999999987,0.8828345373237014,95.3,0.8152498122712734,-0.011967568165500838,0.9436936870191664,0.015171813033201552,614401699.3312501,BULL,אין פריצה מאושרת מעל הרמה | ווליום לא מאשר
2026-09-14 07:20:39,FIX,EMA21/MA50 Pullback Bounce,WATCHLIST,66.0,100.0,1629.96997,1690.81995,2.5000000000000004,0.8828345373237014,95.3,0.8152498122712734,0.0373319638520702,0.9436936870191664,0.015171813033201552,614401699.3312501,BULL,המחיר כבר רחוק מדי מהכניסה | ווליום לא מאשר
2026-09-14 07:20:43,IVZ,EMA21/MA50 Pullback Bounce,WATCHLIST,51.0,98.0,32.42,32.28,2.500000000000002,0.9495935617053796,81.4,0.9590017825311944,-0.004318322023442337,0.17391304347826625,0.16987040117202315,111726406.2,BULL,אין פריצה מאושרת מעל הרמה | ווליום לא מאשר | סגירת נר לא חזקה | ציון Entry Quality נמוך (51.0 < 60.0)
2026-09-14 07:21:03,NESR,EMA21/MA50 Pullback Bounce,WATCHLIST,55.0,100.0,34.84,33.54,4.389078938875612,0.7735049755914383,99.0,0.907958852192745,-0.03731343283582102,0.12258064516128908,0.27851955291793196,57162892.8,BULL,אין פריצה מאושרת מעל הרמה | ווליום לא מאשר | סגירת נר לא חזקה | ציון Entry Quality נמוך (55.0 < 60.0)
2026-09-14 07:21:07,LKFN,EMA21/MA50 Pullback Bounce,WATCHLIST,33.0,73.0,60.57,60.58,2.5000000000000027,0.9514805685923625,24.5,0.906614785992218,0.00016509823344886926,0.45161290322580455,0.007234754756453387,8970989.299999999,BULL,MA150 לא עולה | אין פריצה מאושרת מעל הרמה | ווליום לא מאשר | סגירת נר לא חזקה | גוף נר חלש | RS לא מספיק חזק | ציון Entry Quality נמוך (33.0 < 60.0)
2026-09-14 07:21:07,LKFN,VCP Breakout,WATCHLIST,40.0,64.0,61.4,60.58,3.0,0.9514805685923625,24.5,0.906614785992218,-0.013355048859934859,0.45161290322580455,0.007234754756453387,8970989.299999999,BULL,MA150 לא עולה | אין פריצה מאושרת מעל הרמה | ווליום לא מאשר | סגירת נר לא חזקה | גוף נר חלש | RS לא מספיק חזק | ציון Entry Quality נמוך (40.0 < 60.0)
2026-09-14 07:21:11,EEFT,EMA21/MA50 Pullback Bounce,WATCHLIST,53.0,72.0,71.67,72.18,2.5000000000000013,0.7116222280887011,21.3,0.7881633544442018,0.0071159480954374925,0.696335078534034,0.00953966883090747,43746854.400000006,BULL,מתחת ל-MA200 | ווליום לא מאשר | RS לא מספיק חזק | ציון Entry Quality נמוך (53.0 < 60.0)
2026-09-14 07:21:15,ANDE,VCP Breakout,WATCHLIST,59.0,90.0,72.69,70.97,2.999999999999999,0.6999682640431609,80.2,0.8643283400316648,-0.023662126840005487,0.2906403940886715,0.0046791590514654756,27953308.75,BULL,אין פריצה מאושרת מעל הרמה | ווליום לא מאשר | סגירת נר לא חזקה | ציון Entry Quality נמוך (59.0 < 60.0)
2026-09-14 07:21:15,ANDE,EMA21/MA50 Pullback Bounce,WATCHLIST,56.0,88.0,72.69,70.97,2.5,0.6999682640431609,80.2,0.8643283400316648,-0.023662126840005487,0.2906403940886715,0.0046791590514654756,27953308.75,BULL,אין פריצה מאושרת מעל הרמה | ווליום לא מאשר | סגירת נר לא חזקה | ציון Entry Quality נמוך (56.0 < 60.0)
2026-09-14 07:21:15,ANDE,Darvas Box Breakout,WATCHLIST,59.0,87.0,72.69,70.97,2.5000000000000004,0.6999682640431609,80.2,0.8643283400316648,-0.023662126840005487,0.2906403940886715,0.0046791590514654756,27953308.75,BULL,אין פריצה מאושרת מעל הרמה | ווליום לא מאשר | סגירת נר לא חזקה | ציון Entry Quality נמוך (59.0 < 60.0)
2026-09-14 07:21:22,LFUS,VCP Breakout,WATCHLIST,75.0,100.0,429.75,432.29999,3.0,0.9829241994934932,77.4,0.8636154411248088,0.005933659104130261,0.9003389898075242,0.060533731337595896,86202779.50594999,BULL,ווליום לא מאשר
2026-09-14 07:21:22,LFUS,EMA21/MA50 Pullback Bounce,WATCHLIST,68.0,100.0,422.42999,432.29999,2.500000000000001,0.9829241994934932,77.4,0.8636154411248088,0.023364818392747174,0.9003389898075242,0.060533731337595896,86202779.50594999,BULL,ווליום לא מאשר
2026-09-14 07:21:32,TD,EMA21/MA50 Pullback Bounce,WATCHLIST,69.0,100.0,120.21,120.97,2.5,1.0287561770581433,81.6,0.9641348529528971,0.006322269361949964,0.8177083333333351,0.10130648027509007,230109134.0,BULL,ווליום לא מאשר | גוף נר חלש
2026-09-14 07:21:39,FSCO,Flat Base / Rectangle Breakout,WATCHLIST,39.0,54.0,5.3,5.2,3.5403926617315653,0.8952902712733056,18.4,0.6942590120160214,-0.01886792452830182,0.5000000000000111,0.023380303865228734,4413630.0,BULL,MA150 לא עולה | מתחת ל-MA200 | אין פריצה מאושרת מעל הרמה | ווליום לא מאשר | סגירת נר לא חזקה | RS לא מספיק חזק | רחוק מדי משיא 52 שבועות | נזילות דולרית נמוכה | ציון Entry Quality נמוך (39.0 < 60.0)
2026-09-14 07:21:39,FSCO,Darvas Box Breakout,WATCHLIST,39.0,48.0,5.3,5.2,3.8622465400707977,0.8952902712733056,18.4,0.6942590120160214,-0.01886792452830182,0.5000000000000111,0.023380303865228734,4413630.0,BULL,MA150 לא עולה | מתחת ל-MA200 | אין פריצה מאושרת מעל הרמה | ווליום לא מאשר | סגירת נר לא חזקה | RS לא מספיק חזק | רחוק מדי משיא 52 שבועות | נזילות דולרית נמוכה | ציון Entry Quality נמוך (39.0 < 60.0)
2026-09-14 07:21:39,FSCO,VCP Breakout,WATCHLIST,39.0,48.0,5.3,5.2,3.0,0.8952902712733056,18.4,0.6942590120160214,-0.01886792452830182,0.5000000000000111,0.023380303865228734,4413630.0,BULL,MA150 לא עולה | מתחת ל-MA200 | אין פריצה מאושרת מעל הרמה | ווליום לא מאשר | סגירת נר לא חזקה | RS לא מספיק חזק | רחוק מדי משיא 52 שבועות | נזילות דולרית נמוכה | ציון Entry Quality נמוך (39.0 < 60.0)
2026-09-14 07:21:43,VST,EMA21/MA50 Pullback Bounce,WATCHLIST,32.0,52.0,152.8,148.38,2.5,0.7552460926993994,13.1,0.6750067930576474,-0.02892670157068073,0.7095429796323794,-0.04143736453492386,620654992.5,BULL,לא מעל MA150 | MA150 לא עולה | מתחת ל-MA200 | אין פריצה מאושרת מעל הרמה | ווליום לא מאשר | גוף נר חלש | RS לא מספיק חזק | רחוק מדי משיא 52 שבועות | ציון Entry Quality נמוך (32.0 < 60.0)
2026-09-14 07:21:56,CHEF,EMA21/MA50 Pullback Bounce,WATCHLIST,47.0,79.0,110.58,110.45,2.499999999999998,0.5243235839776873,95.5,0.9388015299617509,-0.0011756194610236521,0.13732455117989636,0.31666262792813205,88705708.5,BULL,אין פריצה מאושרת מעל הרמה | ווליום לא מאשר | סגירת נר לא חזקה | R:R נמוך מדי | ציון Entry Quality נמוך (47.0 < 60.0)
2026-09-14 07:22:00,DCH,EMA21/MA50 Pullback Bounce,WATCHLIST,38.0,57.0,6.72,6.48,33.02469135802469,0.6760394600693079,44.3,0.7005405405405406,-0.035714285714285615,0.10344827586206981,0.055729941674179155,15249157.200000001,BULL,MA150 לא עולה | אין פריצה מאושרת מעל הרמה | ווליום לא מאשר | סגירת נר לא חזקה | RS לא מספיק חזק | רחוק מדי משיא 52 שבועות | ציון Entry Quality נמוך (38.0 < 60.0)
2026-09-14 07:22:04,CME,EMA21/MA50 Pullback Bounce,WATCHLIST,44.0,63.0,277.67001,275.54001,2.7464578424540744,0.5450004020324687,29.4,0.8371005286183011,-0.007670976062557118,0.8724303036413456,-0.014318355139507242,531159854.97705,BULL,לא מעל MA150 | MA150 לא עולה | מתחת ל-MA200 | אין פריצה מאושרת מעל הרמה | ווליום לא מאשר | גוף נר חלש | RS לא מספיק חזק | ציון Entry Quality נמוך (44.0 < 60.0)
2026-09-14 07:22:11,FANG,EMA21/MA50 Pullback Bounce,WATCHLIST,51.0,89.0,207.57001,204.97,2.4999999999999982,0.9096872475726313,73.7,0.9449977383585864,-0.012525942451898506,0.9761888492090597,0.07009989003219795,378085612.3,BULL,אין פריצה מאושרת מעל הרמה | ווליום לא מאשר | גוף נר חלש | R:R נמוך מדי | ציון Entry Quality נמוך (51.0 < 60.0)
2026-09-14 07:22:21,MD,Flat Base / Rectangle Breakout,WATCHLIST,64.0,95.0,27.56,26.77,3.670251811189472,0.7134969494520056,86.2,0.9581245526127415,-0.028664731494920145,0.2241379310344817,0.14484882146720585,19393794.2,BULL,אין פריצה מאושרת מעל הרמה | ווליום לא מאשר | סגירת נר לא חזקה
2026-09-14 07:22:21,MD,VCP Breakout,WATCHLIST,64.0,95.0,27.56,26.77,3.0,0.7134969494520056,86.2,0.9581245526127415,-0.028664731494920145,0.2241379310344817,0.14484882146720585,19393794.2,BULL,אין פריצה מאושרת מעל הרמה | ווליום לא מאשר | סגירת נר לא חזקה
2026-09-14 07:22:21,MD,EMA21/MA50 Pullback Bounce,WATCHLIST,59.0,95.0,27.56,26.77,2.5,0.7134969494520056,86.2,0.9581245526127415,-0.028664731494920145,0.2241379310344817,0.14484882146720585,19393794.2,BULL,אין פריצה מאושרת מעל הרמה | ווליום לא מאשר | סגירת נר לא חזקה | ציון Entry Quality נמוך (59.0 < 60.0)
2026-09-14 07:22:44,GBTG,Flat Base / Rectangle Breakout,WATCHLIST,52.0,78.0,9.56,9.46,3.720238095238013,0.6304591811838188,66.2,0.9895397489539749,-0.010460251046025068,0.0,0.1961661988215362,16478421.3,BULL,אין פריצה מאושרת מעל הרמה | ווליום לא מאשר | סגירת נר לא חזקה | RS לא מספיק חזק | ציון Entry Quality נמוך (52.0 < 60.0)
2026-09-14 07:22:44,GBTG,Darvas Box Breakout,WATCHLIST,52.0,75.0,9.56,9.46,3.273809523809461,0.6304591811838188,66.2,0.9895397489539749,-0.010460251046025068,0.0,0.1961661988215362,16478421.3,BULL,אין פריצה מאושרת מעל הרמה | ווליום לא מאשר | סגירת נר לא חזקה | RS לא מספיק חזק | ציון Entry Quality נמוך (52.0 < 60.0)
2026-09-14 07:22:44,GBTG,VCP Breakout,WATCHLIST,52.0,71.0,9.56,9.46,3.0,0.6304591811838188,66.2,0.9895397489539749,-0.010460251046025068,0.0,0.1961661988215362,16478421.3,BULL,אין פריצה מאושרת מעל הרמה | ווליום לא מאשר | סגירת נר לא חזקה | RS לא מספיק חזק | ציון Entry Quality נמוך (52.0 < 60.0)
2026-09-14 07:22:48,TKO,EMA21/MA50 Pullback Bounce,WATCHLIST,29.0,53.0,191.5,190.31,2.5000000000000013,0.8058887782621724,20.6,0.8385916982462325,-0.0062140992167101705,0.4929577464788711,-0.025987649555912862,196877598.1,BULL,לא מעל MA150 | MA150 לא עולה | מתחת ל-MA200 | אין פריצה מאושרת מעל הרמה | ווליום לא מאשר | סגירת נר לא חזקה | גוף נר חלש | RS לא מספיק חזק | ציון Entry Quality נמוך (29.0 < 60.0)
2026-09-14 07:22:52,WSFS,EMA21/MA50 Pullback Bounce,WATCHLIST,43.0,87.0,79.97,79.73,2.4999999999999982,1.0601151341659065,73.2,0.9612973233662889,-0.0030011254220331986,0.3225806451612909,0.09672289949376368,25345369.700000003,BULL,אין פריצה מאושרת מעל הרמה | ווליום לא מאשר | סגירת נר לא חזקה | R:R נמוך מדי | ציון Entry Quality נמוך (43.0 < 60.0)
2026-09-14 07:22:52,WSFS,Darvas Box Breakout,WATCHLIST,46.0,80.0,82.11,79.73,2.4999999999999982,1.0601151341659065,73.2,0.9612973233662889,-0.028985507246376756,0.3225806451612909,0.09672289949376368,25345369.700000003,BULL,אין פריצה מאושרת מעל הרמה | ווליום לא מאשר | סגירת נר לא חזקה | R:R נמוך מדי | ציון Entry Quality נמוך (46.0 < 60.0)
2026-09-14 07:22:55,ULTA,EMA21/MA50 Pullback Bounce,WATCHLIST,60.0,75.0,542.79999,546.78003,2.5,0.5751197024392583,45.1,0.7647594345815671,0.007332424600818491,0.9806709618939214,0.019044793066379264,399113881.19805,BULL,MA150 לא עולה | מתחת ל-MA200 | ווליום לא מאשר | RS לא מספיק חזק
2026-09-14 07:22:59,KARO,EMA21/MA50 Pullback Bounce,WATCHLIST,66.0,100.0,64.31,64.78,2.5000000000000018,0.6830530401034929,80.2,0.9415697674418605,0.007308350178821316,0.9864406779661044,0.219143451024933,3755620.5,BULL,ווליום לא מאשר | נזילות דולרית נמוכה
2026-09-14 07:23:06,FA,VCP Breakout,WATCHLIST,67.0,100.0,21.445,21.22,3.0,0.6014949615394259,92.3,0.8437375745526839,-0.010491956166938746,0.9552238805970134,0.34521756827315886,38083427.9,BULL,אין פריצה מאושרת מעל הרמה | ווליום לא מאשר
2026-09-14 07:23:06,FA,EMA21/MA50 Pullback Bounce,WATCHLIST,70.0,100.0,20.875,21.22,2.758911177802346,0.6014949615394259,92.3,0.8437375745526839,0.016526946107784376,0.9552238805970134,0.34521756827315886,38083427.9,BULL,ווליום לא מאשר
2026-09-14 07:23:16,AEHR,EMA21/MA50 Pullback Bounce,WATCHLIST,44.0,95.0,100.45,94.69,9.552199126510954,1.0290429633685556,99.0,0.6424016718047267,-0.05734196117471384,0.02994011976047901,0.22235848510804024,269777017.95,BULL,אין פריצה מאושרת מעל הרמה | ווליום לא מאשר | סגירת נר לא חזקה | גוף נר חלש | רחוק מדי משיא 52 שבועות | ציון Entry Quality נמוך (44.0 < 60.0)
2026-09-14 07:23:20,EME,EMA21/MA50 Pullback Bounce,WATCHLIST,47.0,82.0,756.89001,780.65997,2.500000000000001,0.7092824768968156,44.4,0.8200554157726078,0.03140477438723241,0.9415658934528861,-0.023179899189521024,265252644.60660002,BULL,לא מעל MA150 | המחיר כבר רחוק מדי מהכניסה | ווליום לא מאשר | RS לא מספיק חזק | ציון Entry Quality נמוך (47.0 < 60.0)
2026-09-14 07:23:24,TIGO,EMA21/MA50 Pullback Bounce,WATCHLIST,53.0,100.0,96.685,96.68,2.5000000000000013,0.46967510313983674,95.4,0.9024549612620182,-5.1714330040807285e-05,0.5953307392996129,0.14473537762769356,94791356.2,BULL,אין פריצה מאושרת מעל הרמה | ווליום לא מאשר | סגירת נר לא חזקה | גוף נר חלש | ציון Entry Quality נמוך (53.0 < 60.0)
2026-09-14 07:23:24,TIGO,VCP Breakout,WATCHLIST,60.0,95.0,97.040001,96.68,3.0,0.46967510313983674,95.4,0.9024549612620182,-0.003709820654268098,0.5953307392996129,0.14473537762769356,94791356.2,BULL,אין פריצה מאושרת מעל הרמה | ווליום לא מאשר | סגירת נר לא חזקה | גוף נר חלש
2026-09-14 07:23:24,TIGO,Darvas Box Breakout,WATCHLIST,58.0,93.0,97.040001,96.68,2.5000000000000013,0.46967510313983674,95.4,0.9024549612620182,-0.003709820654268098,0.5953307392996129,0.14473537762769356,94791356.2,BULL,אין פריצה מאושרת מעל הרמה | ווליום לא מאשר | סגירת נר לא חזקה | גוף נר חלש | ציון Entry Quality נמוך (58.0 < 60.0)
2026-09-14 07:23:28,BNS,Flat Base / Rectangle Breakout,WATCHLIST,65.0,100.0,95.34,93.45,3.733437765158932,1.171824569929289,81.2,0.9801762114537445,-0.01982378854625551,0.6200012400024815,0.15564595067601783,190373069.25,BULL,אין פריצה מאושרת מעל הרמה | ווליום לא מאשר | סגירת נר לא חזקה
2026-09-14 07:23:28,BNS,EMA21/MA50 Pullback Bounce,WATCHLIST,66.0,100.0,92.86,93.45,2.5,1.171824569929289,81.2,0.9801762114537445,0.006353650656902902,0.6200012400024815,0.15564595067601783,190373069.25,BULL,ווליום לא מאשר | סגירת נר לא חזקה
2026-09-14 07:23:28,BNS,Darvas Box Breakout,WATCHLIST,65.0,95.0,95.34,93.45,3.6746948632595804,1.171824569929289,81.2,0.9801762114537445,-0.01982378854625551,0.6200012400024815,0.15564595067601783,190373069.25,BULL,אין פריצה מאושרת מעל הרמה | ווליום לא מאשר | סגירת נר לא חזקה
2026-09-14 07:23:31,UHS,EMA21/MA50 Pullback Bounce,WATCHLIST,32.0,52.0,177.88,174.83,2.5000000000000013,0.8041462337601971,32.8,0.7097389680509886,-0.01714639082527537,0.4054778232269168,0.0061382306184669935,112836156.15,BULL,MA150 לא עולה | מתחת ל-MA200 | אין פריצה מאושרת מעל הרמה | ווליום לא מאשר | סגירת נר לא חזקה | גוף נר חלש | RS לא מספיק חזק | רחוק מדי משיא 52 שבועות | ציון Entry Quality נמוך (32.0 < 60.0)
2026-09-14 07:23:32,UHS,Darvas Box Breakout,WATCHLIST,35.0,51.0,179.94,174.83,2.5000000000000013,0.8041462337601971,32.8,0.7097389680509886,-0.028398355007224547,0.4054778232269168,0.0061382306184669935,112836156.15,BULL,MA150 לא עולה | מתחת ל-MA200 | אין פריצה מאושרת מעל הרמה | ווליום לא מאשר | סגירת נר לא חזקה | גוף נר חלש | RS לא מספיק חזק | רחוק מדי משיא 52 שבועות | ציון Entry Quality נמוך (35.0 < 60.0)
2026-09-14 07:23:32,UHS,VCP Breakout,WATCHLIST,39.0,49.0,179.94,174.83,3.0,0.8041462337601971,32.8,0.7097389680509886,-0.028398355007224547,0.4054778232269168,0.0061382306184669935,112836156.15,BULL,MA150 לא עולה | מתחת ל-MA200 | אין פריצה מאושרת מעל הרמה | ווליום לא מאשר | סגירת נר לא חזקה | גוף נר חלש | RS לא מספיק חזק | רחוק מדי משיא 52 שבועות | ציון Entry Quality נמוך (39.0 < 60.0)
2026-09-14 07:23:35,ACT,Flat Base / Rectangle Breakout,WATCHLIST,53.0,78.0,50.56,49.43,4.313661022521785,1.00412048229409,68.8,0.9776503164556961,-0.022349683544303847,0.2919254658385087,0.11895193232779026,16254808.35,BULL,אין פריצה מאושרת מעל הרמה | ווליום לא מאשר | סגירת נר לא חזקה | RS לא מספיק חזק | ציון Entry Quality נמוך (53.0 < 60.0)
2026-09-14 07:23:35,ACT,Darvas Box Breakout,WATCHLIST,49.0,73.0,50.56,49.43,2.500000000000002,1.00412048229409,68.8,0.9776503164556961,-0.022349683544303847,0.2919254658385087,0.11895193232779026,16254808.35,BULL,אין פריצה מאושרת מעל הרמה | ווליום לא מאשר | סגירת נר לא חזקה | RS לא מספיק חזק | ציון Entry Quality נמוך (49.0 < 60.0)
2026-09-14 07:23:35,ACT,VCP Breakout,WATCHLIST,53.0,71.0,50.18,49.43,3.0,1.00412048229409,68.8,0.9776503164556961,-0.014946193702670387,0.2919254658385087,0.11895193232779026,16254808.35,BULL,אין פריצה מאושרת מעל הרמה | ווליום לא מאשר | סגירת נר לא חזקה | RS לא מספיק חזק | ציון Entry Quality נמוך (53.0 < 60.0)
2026-09-14 07:23:39,UFCS,Flat Base / Rectangle Breakout,WATCHLIST,59.0,88.0,56.74,55.38,3.063219639365626,0.7316272965879265,93.5,0.976031018681706,-0.02396898131829396,0.3873873873873873,0.2125077905010357,8439912.0,BULL,אין פריצה מאושרת מעל הרמה | ווליום לא מאשר | סגירת נר לא חזקה | גוף נר חלש | ציון Entry Quality נמוך (59.0 < 60.0)
2026-09-14 07:23:39,UFCS,Darvas Box Breakout,WATCHLIST,59.0,88.0,56.74,55.38,3.063219639365626,0.7316272965879265,93.5,0.976031018681706,-0.02396898131829396,0.3873873873873873,0.2125077905010357,8439912.0,BULL,אין פריצה מאושרת מעל הרמה | ווליום לא מאשר | סגירת נר לא חזקה | גוף נר חלש | ציון Entry Quality נמוך (59.0 < 60.0)
2026-09-14 07:23:39,UFCS,VCP Breakout,WATCHLIST,57.0,85.0,56.74,55.38,2.9999999999999982,0.7316272965879265,93.5,0.976031018681706,-0.02396898131829396,0.3873873873873873,0.2125077905010357,8439912.0,BULL,אין פריצה מאושרת מעל הרמה | ווליום לא מאשר | סגירת נר לא חזקה | גוף נר חלש | ציון Entry Quality נמוך (57.0 < 60.0)
2026-09-14 07:23:43,OKE,EMA21/MA50 Pullback Bounce,WATCHLIST,52.0,80.0,96.67,96.62,2.5000000000000018,0.8353295726759911,62.7,0.9676514772158238,-0.0005172235440156942,0.6686046511627944,0.08394537398045908,325093449.2,BULL,אין פריצה מאושרת מעל הרמה | ווליום לא מאשר | RS לא מספיק חזק | ציון Entry Quality נמוך (52.0 < 60.0)
2026-09-14 07:23:47,PWR,EMA21/MA50 Pullback Bounce,WATCHLIST,60.0,100.0,630.56,650.58002,2.5,0.9169931201153794,77.3,0.8248241141045959,0.031749587668104616,0.8885884408280804,0.018356683536702494,667612204.9236,BULL,המחיר כבר רחוק מדי מהכניסה | ווליום לא מאשר
2026-09-14 07:23:54,ALSN,EMA21/MA50 Pullback Bounce,WATCHLIST,52.0,72.0,127.91,126.94,2.499999999999999,0.6864047007988331,69.6,0.9223950007266385,-0.007583457118286286,0.08620689655172396,0.05353549410752019,92245393.89999999,BULL,אין פריצה מאושרת מעל הרמה | ווליום לא מאשר | סגירת נר לא חזקה | RS לא מספיק חזק | R:R נמוך מדי | ציון Entry Quality נמוך (52.0 < 60.0)
2026-09-14 07:24:04,AU,EMA21/MA50 Pullback Bounce,WATCHLIST,61.0,95.0,105.31,104.42,6.701991401885566,0.7229587829986532,85.9,0.8085798358370762,-0.008451239198556648,0.2584269662921338,0.07635724947226194,293851454.6,BULL,אין פריצה מאושרת מעל הרמה | ווליום לא מאשר | סגירת נר לא חזקה
2026-09-14 07:24:08,EBAY,VCP Breakout,WATCHLIST,59.0,79.0,109.65,107.75,3.0000000000000018,0.7067203544920595,46.7,0.9031095465593831,-0.017327861377109035,0.9672727748759626,0.04675878757750418,480736861.25,BULL,אין פריצה מאושרת מעל הרמה | ווליום לא מאשר | RS לא מספיק חזק | ציון Entry Quality נמוך (59.0 < 60.0)
2026-09-14 07:24:08,EBAY,EMA21/MA50 Pullback Bounce,WATCHLIST,57.0,81.0,106.0,107.75,2.499999999999999,0.7067203544920595,46.7,0.9031095465593831,0.01650943396226415,0.9672727748759626,0.04675878757750418,480736861.25,BULL,ווליום לא מאשר | RS לא מספיק חזק | R:R נמוך מדי | ציון Entry Quality נמוך (57.0 < 60.0)
2026-09-14 07:24:08,EBAY,Darvas Box Breakout,WATCHLIST,52.0,69.0,109.65,107.75,2.499999999999999,0.7067203544920595,46.7,0.9031095465593831,-0.017327861377109035,0.9672727748759626,0.04675878757750418,480736861.25,BULL,אין פריצה מאושרת מעל הרמה | ווליום לא מאשר | RS לא מספיק חזק | R:R נמוך מדי | ציון Entry Quality נמוך (52.0 < 60.0)
2026-09-14 07:24:15,NOW,EMA21/MA50 Pullback Bounce,WATCHLIST,49.0,68.0,134.7,132.53,6.712020289399146,0.6178505748685361,34.4,0.680597352176905,-0.01610987379361535,0.5270935960591167,0.2229512118567569,2296347972.65,BULL,אין פריצה מאושרת מעל הרמה | ווליום לא מאשר | סגירת נר לא חזקה | RS לא מספיק חזק | רחוק מדי משיא 52 שבועות | ציון Entry Quality נמוך (49.0 < 60.0)
2026-09-14 07:24:19,KEX,EMA21/MA50 Pullback Bounce,WATCHLIST,53.0,100.0,139.62,139.42,4.712370258175014,1.1525097850717572,74.0,0.8841397678990424,-0.0014324595330183142,0.6550189737162653,0.009424285524243277,50759336.49999999,BULL,אין פריצה מאושרת מעל הרמה | ווליום לא מאשר | גוף נר חלש | ציון Entry Quality נמוך (53.0 < 60.0)
2026-09-14 07:24:19,KEX,Darvas Box Breakout,WATCHLIST,56.0,93.0,143.57001,139.42,5.818421975581797,1.1525097850717572,74.0,0.8841397678990424,-0.028905827895394094,0.6550189737162653,0.009424285524243277,50759336.49999999,BULL,אין פריצה מאושרת מעל הרמה | ווליום לא מאשר | גוף נר חלש | ציון Entry Quality נמוך (56.0 < 60.0)
2026-09-14 07:24:19,KEX,VCP Breakout,WATCHLIST,58.0,93.0,143.57001,139.42,3.0,1.1525097850717572,74.0,0.8841397678990424,-0.028905827895394094,0.6550189737162653,0.009424285524243277,50759336.49999999,BULL,אין פריצה מאושרת מעל הרמה | ווליום לא מאשר | גוף נר חלש | ציון Entry Quality נמוך (58.0 < 60.0)
2026-09-14 07:24:26,LBRT,EMA21/MA50 Pullback Bounce,WATCHLIST,32.0,52.0,22.27,20.96,4.223964695220457,0.8517763804402216,63.5,0.6079238934973026,-0.05882352941176465,0.21978021978021897,-0.20882970170505732,69533123.2,BULL,לא מעל MA150 | MA150 לא עולה | מתחת ל-MA200 | אין פריצה מאושרת מעל הרמה | ווליום לא מאשר | סגירת נר לא חזקה | גוף נר חלש | RS לא מספיק חזק | רחוק מדי משיא 52 שבועות | ציון Entry Quality נמוך (32.0 < 60.0)
2026-09-14 07:24:33,V,EMA21/MA50 Pullback Bounce,WATCHLIST,54.0,79.0,368.0,370.45001,2.499999999999996,0.5380064171979673,53.4,0.9607853318259892,0.0066576358695652725,0.6449103000268985,0.1091308807784601,2404935533.4193,BULL,ווליום לא מאשר | סגירת נר לא חזקה | RS לא מספיק חזק | R:R נמוך מדי | ציון Entry Quality נמוך (54.0 < 60.0)
2026-09-14 07:24:40,ESQ,EMA21/MA50 Pullback Bounce,WATCHLIST,55.0,75.0,119.25,119.86,2.500000000000001,1.2537897310513448,51.8,0.8890702073211438,0.005115303983228507,0.43142144638403834,0.057395727364327326,18383527.5,BULL,ווליום לא מאשר | סגירת נר לא חזקה | RS לא מספיק חזק | ציון Entry Quality נמוך (55.0 < 60.0)
2026-09-14 07:24:47,MET,EMA21/MA50 Pullback Bounce,WATCHLIST,52.0,77.0,96.91,97.14,2.5000000000000018,0.9351515258986044,67.5,0.9624492222332309,0.002373336085027386,0.4504950495049497,0.16188667387435005,273900801.0,BULL,ווליום לא מאשר | סגירת נר לא חזקה | RS לא מספיק חזק | ציון Entry Quality נמוך (52.0 < 60.0)
2026-09-14 07:24:47,MET,Darvas Box Breakout,WATCHLIST,47.0,73.0,99.25,97.14,2.5000000000000018,0.9351515258986044,67.5,0.9624492222332309,-0.02125944584382871,0.4504950495049497,0.16188667387435005,273900801.0,BULL,אין פריצה מאושרת מעל הרמה | ווליום לא מאשר | סגירת נר לא חזקה | RS לא מספיק חזק | ציון Entry Quality נמוך (47.0 < 60.0)
2026-09-14 07:24:47,MET,VCP Breakout,WATCHLIST,51.0,71.0,99.25,97.14,3.0,0.9351515258986044,67.5,0.9624492222332309,-0.02125944584382871,0.4504950495049497,0.16188667387435005,273900801.0,BULL,אין פריצה מאושרת מעל הרמה | ווליום לא מאשר | סגירת נר לא חזקה | RS לא מספיק חזק | ציון Entry Quality נמוך (51.0 < 60.0)
2026-09-14 07:24:51,INVX,EMA21/MA50 Pullback Bounce,WATCHLIST,52.0,96.0,30.19,30.13,2.4999999999999982,1.0445971146713624,88.8,0.8938000593295757,-0.001987413050679108,0.8260869565217386,0.11252790968082954,21730810.55,BULL,אין פריצה מאושרת מעל הרמה | ווליום לא מאשר | גוף נר חלש | R:R נמוך מדי | ציון Entry Quality נמוך (52.0 < 60.0)
2026-09-14 07:25:01,ECPG,EMA21/MA50 Pullback Bounce,WATCHLIST,45.0,88.0,98.39,98.56,2.4999999999999987,0.9284400220225866,98.8,0.9388454943798819,0.001727817867669496,0.12386706948640425,0.19966502888795626,36698323.2,BULL,אין פריצה מאושרת מעל הרמה | ווליום לא מאשר | סגירת נר לא חזקה | גוף נר חלש | R:R נמוך מדי | ציון Entry Quality נמוך (45.0 < 60.0)
2026-09-14 07:25:05,SLAB,Breakout Retest Entry,WATCHLIST,65.0,100.0,219.75,220.33,2.5,0.4010144238389602,77.4,0.990291653993813,0.002639362912400512,0.8723457070313221,0.028360782485511108,69503098.5,BULL,ווליום לא מאשר
2026-09-14 07:25:05,SLAB,Flat Base / Rectangle Breakout,WATCHLIST,61.0,99.0,222.49001,220.33,2.5,0.4010144238389602,77.4,0.990291653993813,-0.009708346006186972,0.8723457070313221,0.028360782485511108,69503098.5,BULL,אין פריצה מאושרת מעל הרמה | ווליום לא מאשר
2026-09-14 07:25:05,SLAB,Darvas Box Breakout,WATCHLIST,61.0,96.0,222.49001,220.33,2.5,0.4010144238389602,77.4,0.990291653993813,-0.009708346006186972,0.8723457070313221,0.028360782485511108,69503098.5,BULL,אין פריצה מאושרת מעל הרמה | ווליום לא מאשר
2026-09-14 07:25:09,FIVE,EMA21/MA50 Pullback Bounce,WATCHLIST,53.0,90.0,250.73,244.60001,2.499999999999997,0.7153837106017773,90.5,0.9269365241776565,-0.02444857017508871,0.6904785044325759,0.11889472771836278,301534331.32765,BULL,אין פריצה מאושרת מעל הרמה | ווליום לא מאשר | גוף נר חלש | R:R נמוך מדי | ציון Entry Quality נמוך (53.0 < 60.0)
2026-09-14 07:25:13,CI,Darvas Box Breakout,WATCHLIST,40.0,62.0,286.81,280.76001,2.500000000000003,0.9642735257665296,21.6,0.8899737217485022,-0.021094069244447473,0.4339124618323936,-0.0022343554455785063,390768800.91825,BULL,לא מעל MA150 | אין פריצה מאושרת מעל הרמה | ווליום לא מאשר | סגירת נר לא חזקה | RS לא מספיק חזק | ציון Entry Quality נמוך (40.0 < 60.0)
2026-09-14 07:25:13,CI,EMA21/MA50 Pullback Bounce,WATCHLIST,37.0,62.0,285.5,280.76001,2.523075208731387,0.9642735257665296,21.6,0.8899737217485022,-0.016602416812609377,0.4339124618323936,-0.0022343554455785063,390768800.91825,BULL,לא מעל MA150 | אין פריצה מאושרת מעל הרמה | ווליום לא מאשר | סגירת נר לא חזקה | RS לא מספיק חזק | ציון Entry Quality נמוך (37.0 < 60.0)
2026-09-14 07:25:13,CI,VCP Breakout,WATCHLIST,44.0,60.0,286.81,280.76001,3.0,0.9642735257665296,21.6,0.8899737217485022,-0.021094069244447473,0.4339124618323936,-0.0022343554455785063,390768800.91825,BULL,לא מעל MA150 | אין פריצה מאושרת מעל הרמה | ווליום לא מאשר | סגירת נר לא חזקה | RS לא מספיק חזק | ציון Entry Quality נמוך (44.0 < 60.0)
2026-09-14 07:25:17,CNC,EMA21/MA50 Pullback Bounce,WATCHLIST,62.0,99.0,68.21,66.42,2.5,0.9330844080336229,97.5,0.9576124567474049,-0.026242486438938457,0.8154506437768271,0.23148234061461784,258466455.9,BULL,אין פריצה מאושרת מעל הרמה | ווליום לא מאשר
2026-09-14 07:25:25,BWA,EMA21/MA50 Pullback Bounce,WATCHLIST,58.0,100.0,65.97,66.65,2.5000000000000018,0.8438546109534572,70.2,0.8455975640700332,0.010307715628316005,0.587156283142329,0.07338991589945346,117668575.50000001,BULL,ווליום לא מאשר | סגירת נר לא חזקה | גוף נר חלש | ציון Entry Quality נמוך (58.0 < 60.0)
2026-09-14 07:25:28,PAG,Darvas Box Breakout,WATCHLIST,59.0,99.0,221.039993,215.91,6.714783745099293,1.4199540734139904,72.9,0.9511453744493392,-0.02320843812187423,0.04142024088828271,0.20523244047247902,62996060.699999996,BULL,אין פריצה מאושרת מעל הרמה | סגירת נר לא חזקה | ציון Entry Quality נמוך (59.0 < 60.0)
2026-09-14 07:25:28,PAG,VCP Breakout,WATCHLIST,61.0,95.0,221.039993,215.91,3.0,1.4199540734139904,72.9,0.9511453744493392,-0.02320843812187423,0.04142024088828271,0.20523244047247902,62996060.699999996,BULL,אין פריצה מאושרת מעל הרמה | סגירת נר לא חזקה
2026-09-14 07:25:32,MTG,EMA21/MA50 Pullback Bounce,WATCHLIST,40.0,80.0,31.17,30.74,2.929936305732502,1.1250037986351926,54.5,0.9639385387268735,-0.013795316008983101,0.11320754716980866,0.10776371524688318,45519638.3,BULL,אין פריצה מאושרת מעל הרמה | ווליום לא מאשר | סגירת נר לא חזקה | RS לא מספיק חזק | ציון Entry Quality נמוך (40.0 < 60.0)
2026-09-14 07:25:32,MTG,Darvas Box Breakout,WATCHLIST,45.0,75.0,31.62,30.74,5.095541401273916,1.1250037986351926,54.5,0.9639385387268735,-0.027830487033523168,0.11320754716980866,0.10776371524688318,45519638.3,BULL,אין פריצה מאושרת מעל הרמה | ווליום לא מאשר | סגירת נר לא חזקה | RS לא מספיק חזק | ציון Entry Quality נמוך (45.0 < 60.0)
2026-09-14 07:25:32,MTG,VCP Breakout,WATCHLIST,47.0,71.0,31.62,30.74,3.0,1.1250037986351926,54.5,0.9639385387268735,-0.027830487033523168,0.11320754716980866,0.10776371524688318,45519638.3,BULL,אין פריצה מאושרת מעל הרמה | ווליום לא מאשר | סגירת נר לא חזקה | RS לא מספיק חזק | ציון Entry Quality נמוך (47.0 < 60.0)
2026-09-14 07:25:39,BFST,EMA21/MA50 Pullback Bounce,WATCHLIST,42.0,73.0,31.45,31.42,2.5000000000000018,0.9019961775323848,62.1,0.9660261337432745,-0.0009538950715420536,0.31428571428571805,0.0798190899635241,5918271.2,BULL,אין פריצה מאושרת מעל הרמה | ווליום לא מאשר | סגירת נר לא חזקה | RS לא מספיק חזק | ציון Entry Quality נמוך (42.0 < 60.0)
2026-09-14 07:25:39,BFST,VCP Breakout,WATCHLIST,47.0,69.0,31.89,31.42,2.9999999999999964,0.9019961775323848,62.1,0.9660261337432745,-0.014738162433364656,0.31428571428571805,0.0798190899635241,5918271.2,BULL,אין פריצה מאושרת מעל הרמה | ווליום לא מאשר | סגירת נר לא חזקה | RS לא מספיק חזק | ציון Entry Quality נמוך (47.0 < 60.0)
2026-09-14 07:25:50,ICE,EMA21/MA50 Pullback Bounce,WATCHLIST,39.0,70.0,157.75,157.39999,2.5,0.7537602388367317,29.0,0.8913301432697208,-0.0022187638668779556,0.7291636904761917,0.033484206167061534,519313722.00675,BULL,MA150 לא עולה | אין פריצה מאושרת מעל הרמה | ווליום לא מאשר | גוף נר חלש | RS לא מספיק חזק | ציון Entry Quality נמוך (39.0 < 60.0)
2026-09-14 07:25:57,EDD,Flat Base / Rectangle Breakout,WATCHLIST,38.0,74.0,6.04,5.91,2.6431718061673997,0.7838117647058823,43.1,0.9563106796116505,-0.021523178807947,0.3636363636363629,0.035280103703184594,1569843.75,BULL,אין פריצה מאושרת מעל הרמה | ווליום לא מאשר | סגירת נר לא חזקה | RS לא מספיק חזק | נזילות דולרית נמוכה | ציון Entry Quality נמוך (38.0 < 60.0)
2026-09-14 07:25:57,EDD,Darvas Box Breakout,WATCHLIST,40.0,70.0,6.04,5.91,3.0207677784770257,0.7838117647058823,43.1,0.9563106796116505,-0.021523178807947,0.3636363636363629,0.035280103703184594,1569843.75,BULL,אין פריצה מאושרת מעל הרמה | ווליום לא מאשר | סגירת נר לא חזקה | RS לא מספיק חזק | נזילות דולרית נמוכה | ציון Entry Quality נמוך (40.0 < 60.0)
2026-09-14 07:25:57,EDD,VCP Breakout,WATCHLIST,40.0,66.0,6.04,5.91,3.0,0.7838117647058823,43.1,0.9563106796116505,-0.021523178807947,0.3636363636363629,0.035280103703184594,1569843.75,BULL,אין פריצה מאושרת מעל הרמה | ווליום לא מאשר | סגירת נר לא חזקה | RS לא מספיק חזק | נזילות דולרית נמוכה | ציון Entry Quality נמוך (40.0 < 60.0)
2026-09-14 07:26:05,AUR,EMA21/MA50 Pullback Bounce,WATCHLIST,45.0,79.0,6.52,6.43,2.5,1.092990390235888,65.7,0.7507297139521307,-0.013803680981595071,0.17910447761193915,0.11415947093308683,196464406.2,BULL,אין פריצה מאושרת מעל הרמה | ווליום לא מאשר | סגירת נר לא חזקה | גוף נר חלש | RS לא מספיק חזק | ציון Entry Quality נמוך (45.0 < 60.0)
2026-09-14 07:26:09,RSG,Flat Base / Rectangle Breakout,WATCHLIST,51.0,78.0,225.74001,222.74001,4.8127298057419,0.897502366513582,29.6,0.9542456087738841,-0.01328962464385467,0.6284018126888261,0.03331183527605029,332955108.04815,BULL,אין פריצה מאושרת מעל הרמה | ווליום לא מאשר | סגירת נר לא חזקה | RS לא מספיק חזק | ציון Entry Quality נמוך (51.0 < 60.0)
2026-09-14 07:26:09,RSG,EMA21/MA50 Pullback Bounce,WATCHLIST,44.0,78.0,224.25999,222.74001,2.5,0.897502366513582,29.6,0.9542456087738841,-0.006777758261738867,0.6284018126888261,0.03331183527605029,332955108.04815,BULL,אין פריצה מאושרת מעל הרמה | ווליום לא מאשר | סגירת נר לא חזקה | RS לא מספיק חזק | ציון Entry Quality נמוך (44.0 < 60.0)
2026-09-14 07:26:09,RSG,Darvas Box Breakout,WATCHLIST,49.0,75.0,225.74001,222.74001,3.164259967714116,0.897502366513582,29.6,0.9542456087738841,-0.01328962464385467,0.6284018126888261,0.03331183527605029,332955108.04815,BULL,אין פריצה מאושרת מעל הרמה | ווליום לא מאשר | סגירת נר לא חזקה | RS לא מספיק חזק | ציון Entry Quality נמוך (49.0 < 60.0)
2026-09-14 07:26:16,EZPW,EMA21/MA50 Pullback Bounce,WATCHLIST,62.0,97.0,33.099998,32.47,2.930558504990444,0.4283559889269925,92.6,0.8744950175060597,-0.01903317335547877,0.1250001953128033,0.07807613071893348,31434856.4,BULL,אין פריצה מאושרת מעל הרמה | ווליום לא מאשר | סגירת נר לא חזקה
2026-09-14 07:26:23,GDDY,EMA21/MA50 Pullback Bounce,WATCHLIST,43.0,77.0,97.95,98.07,2.5,0.7980256173392712,31.8,0.6566454197090446,0.0012251148545175123,0.9829059829059803,0.10954143144334895,177822975.75,BULL,MA150 לא עולה | אין פריצה מאושרת מעל הרמה | ווליום לא מאשר | RS לא מספיק חזק | רחוק מדי משיא 52 שבועות | ציון Entry Quality נמוך (43.0 < 60.0)
2026-09-14 07:26:27,FSUN,VCP Breakout,WATCHLIST,42.0,84.0,41.11,40.16,3.0,1.2763674043372066,43.6,0.9485120453471892,-0.02310873266845057,0.22222222222221852,0.07200056710936967,10852035.2,BULL,MA150 לא עולה | אין פריצה מאושרת מעל הרמה | ווליום לא מאשר | סגירת נר לא חזקה | RS לא מספיק חזק | ציון Entry Quality נמוך (42.0 < 60.0)
2026-09-14 07:26:27,FSUN,Darvas Box Breakout,WATCHLIST,38.0,82.0,41.335,40.16,2.8713537933581073,1.2763674043372066,43.6,0.9485120453471892,-0.02842627313414792,0.22222222222221852,0.07200056710936967,10852035.2,BULL,MA150 לא עולה | אין פריצה מאושרת מעל הרמה | ווליום לא מאשר | סגירת נר לא חזקה | RS לא מספיק חזק | ציון Entry Quality נמוך (38.0 < 60.0)
2026-09-14 07:26:27,FSUN,Flat Base / Rectangle Breakout,WATCHLIST,42.0,76.0,41.335,40.16,8.157946178406231,1.2763674043372066,43.6,0.9485120453471892,-0.02842627313414792,0.22222222222221852,0.07200056710936967,10852035.2,BULL,MA150 לא עולה | אין פריצה מאושרת מעל הרמה | ווליום לא מאשר | סגירת נר לא חזקה | RS לא מספיק חזק | ציון Entry Quality נמוך (42.0 < 60.0)
2026-09-14 07:26:30,JOF,Flat Base / Rectangle Breakout,WATCHLIST,52.0,85.0,12.85,12.56,12.133526850507845,1.843133848692782,52.8,0.9774319066147861,-0.02256809338521394,0.33333333333333665,0.07976135210880154,723016.4,BULL,אין פריצה מאושרת מעל הרמה | סגירת נר לא חזקה | RS לא מספיק חזק | נזילות דולרית נמוכה | ציון Entry Quality נמוך (52.0 < 60.0)
2026-09-14 07:26:30,JOF,Darvas Box Breakout,WATCHLIST,50.0,82.0,12.85,12.56,5.863570391872206,1.843133848692782,52.8,0.9774319066147861,-0.02256809338521394,0.33333333333333665,0.07976135210880154,723016.4,BULL,אין פריצה מאושרת מעל הרמה | סגירת נר לא חזקה | RS לא מספיק חזק | נזילות דולרית נמוכה | ציון Entry Quality נמוך (50.0 < 60.0)
2026-09-14 07:26:30,JOF,VCP Breakout,WATCHLIST,52.0,82.0,12.85,12.56,3.0,1.843133848692782,52.8,0.9774319066147861,-0.02256809338521394,0.33333333333333665,0.07976135210880154,723016.4,BULL,אין פריצה מאושרת מעל הרמה | סגירת נר לא חזקה | RS לא מספיק חזק | נזילות דולרית נמוכה | ציון Entry Quality נמוך (52.0 < 60.0)
2026-09-14 07:26:34,COIN,EMA21/MA50 Pullback Bounce,WATCHLIST,48.0,58.0,174.46001,175.25999,3.5984333984627677,0.7923660782041462,9.6,0.4357966729659836,0.004585463453773598,0.26508507217993893,-0.0004190686924845306,1726353840.1975498,BULL,לא מעל MA150 | מתחת ל-MA200 | ווליום לא מאשר | סגירת נר לא חזקה | גוף נר חלש | RS לא מספיק חזק | רחוק מדי משיא 52 שבועות | ציון Entry Quality נמוך (48.0 < 60.0)
2026-09-14 07:26:41,DRTS,EMA21/MA50 Pullback Bounce,WATCHLIST,55.0,100.0,14.81,14.43,2.5,0.6426759372357418,99.0,0.9512195121951219,-0.025658338960162105,0.688524590163935,0.42568270738101194,9214709.4,BULL,אין פריצה מאושרת מעל הרמה | ווליום לא מאשר | גוף נר חלש | ציון Entry Quality נמוך (55.0 < 60.0)
2026-09-14 07:26:51,GPC,EMA21/MA50 Pullback Bounce,WATCHLIST,43.0,70.0,135.36,133.67999,3.1023834859543653,0.7066068562810572,55.5,0.8819686031557299,-0.012411421394799126,0.09698662207358408,0.14993671865276387,138275908.0562,BULL,MA150 לא עולה | אין פריצה מאושרת מעל הרמה | ווליום לא מאשר | סגירת נר לא חזקה | RS לא מספיק חזק | ציון Entry Quality נמוך (43.0 < 60.0)
2026-09-14 07:26:55,KTN,Flat Base / Rectangle Breakout,WATCHLIST,46.0,71.0,25.6,25.57,2.5,2.4196597353497165,25.2,0.9509111193752324,-0.0011718750000000444,1.0,-0.009383158621870271,67632.65,BULL,לא מעל MA150 | MA150 לא עולה | מתחת ל-MA200 | אין פריצה מאושרת מעל הרמה | RS לא מספיק חזק | נזילות דולרית נמוכה | ציון Entry Quality נמוך (46.0 < 60.0)
2026-09-14 07:26:55,KTN,VCP Breakout,WATCHLIST,48.0,70.0,25.6,25.57,3.0,2.4196597353497165,25.2,0.9509111193752324,-0.0011718750000000444,1.0,-0.009383158621870271,67632.65,BULL,לא מעל MA150 | MA150 לא עולה | מתחת ל-MA200 | אין פריצה מאושרת מעל הרמה | RS לא מספיק חזק | נזילות דולרית נמוכה | ציון Entry Quality נמוך (48.0 < 60.0)
2026-09-14 07:26:55,KTN,Darvas Box Breakout,WATCHLIST,46.0,68.0,25.6,25.57,2.5,2.4196597353497165,25.2,0.9509111193752324,-0.0011718750000000444,1.0,-0.009383158621870271,67632.65,BULL,לא מעל MA150 | MA150 לא עולה | מתחת ל-MA200 | אין פריצה מאושרת מעל הרמה | RS לא מספיק חזק | נזילות דולרית נמוכה | ציון Entry Quality נמוך (46.0 < 60.0)
2026-09-14 07:26:59,KYN,Flat Base / Rectangle Breakout,WATCHLIST,42.0,73.0,15.17,14.84,4.345923873414021,1.142122722614933,51.0,0.978246539222149,-0.021753460777851025,0.21739130434782877,0.05070377328210406,4272213.4,BULL,אין פריצה מאושרת מעל הרמה | ווליום לא מאשר | סגירת נר לא חזקה | RS לא מספיק חזק | נזילות דולרית נמוכה | ציון Entry Quality נמוך (42.0 < 60.0)
2026-09-14 07:26:59,KYN,Darvas Box Breakout,WATCHLIST,42.0,70.0,15.17,14.84,4.345923873414021,1.142122722614933,51.0,0.978246539222149,-0.021753460777851025,0.21739130434782877,0.05070377328210406,4272213.4,BULL,אין פריצה מאושרת מעל הרמה | ווליום לא מאשר | סגירת נר לא חזקה | RS לא מספיק חזק | נזילות דולרית נמוכה | ציון Entry Quality נמוך (42.0 < 60.0)
2026-09-14 07:26:59,KYN,VCP Breakout,WATCHLIST,44.0,66.0,15.13,14.84,3.0,1.142122722614933,51.0,0.978246539222149,-0.019167217448777325,0.21739130434782877,0.05070377328210406,4272213.4,BULL,אין פריצה מאושרת מעל הרמה | ווליום לא מאשר | סגירת נר לא חזקה | RS לא מספיק חזק | נזילות דולרית נמוכה | ציון Entry Quality נמוך (44.0 < 60.0)
2026-09-14 07:27:03,BAC,EMA21/MA50 Pullback Bounce,WATCHLIST,44.0,73.0,63.0099983,62.69,2.5000000000000036,0.9605526911407106,68.1,0.9610608615667636,-0.005078532116068978,0.21379310344827315,0.13176277530727334,1884427860.85,BULL,אין פריצה מאושרת מעל הרמה | ווליום לא מאשר | סגירת נר לא חזקה | RS לא מספיק חזק | ציון Entry Quality נמוך (44.0 < 60.0)
2026-09-14 07:27:03,BAC,VCP Breakout,WATCHLIST,51.0,71.0,63.55,62.69,3.0,0.9605526911407106,68.1,0.9610608615667636,-0.013532651455546805,0.21379310344827315,0.13176277530727334,1884427860.85,BULL,אין פריצה מאושרת מעל הרמה | ווליום לא מאשר | סגירת נר לא חזקה | RS לא מספיק חזק | ציון Entry Quality נמוך (51.0 < 60.0)
2026-09-14 07:27:10,AMRC,EMA21/MA50 Pullback Bounce,WATCHLIST,47.0,68.0,23.15,23.78,3.6091490822133148,0.6992703795787577,13.2,0.5292677498330737,0.027213822894168578,0.6868686868686876,-0.12780248709147857,17550947.900000002,BULL,לא מעל MA150 | MA150 לא עולה | מתחת ל-MA200 | ווליום לא מאשר | RS לא מספיק חזק | רחוק מדי משיא 52 שבועות | ציון Entry Quality נמוך (47.0 < 60.0)
2026-09-14 07:27:13,UVSP,VCP Breakout,WATCHLIST,51.0,87.0,42.59,42.67,3.0,1.7486632452911304,67.6,0.9386273647162341,0.0018783752054472478,0.6262623711871329,0.08677565232457556,7940246.95,BULL,אין פריצה מאושרת מעל הרמה | סגירת נר לא חזקה | גוף נר חלש | RS לא מספיק חזק | ציון Entry Quality נמוך (51.0 < 60.0)
2026-09-14 07:27:13,UVSP,Darvas Box Breakout,WATCHLIST,47.0,85.0,43.39,42.67,2.5,1.7486632452911304,67.6,0.9386273647162341,-0.016593685180917236,0.6262623711871329,0.08677565232457556,7940246.95,BULL,אין פריצה מאושרת מעל הרמה | סגירת נר לא חזקה | גוף נר חלש | RS לא מספיק חזק | ציון Entry Quality נמוך (47.0 < 60.0)
2026-09-14 07:27:13,UVSP,EMA21/MA50 Pullback Bounce,WATCHLIST,44.0,80.0,42.59,42.67,2.5,1.7486632452911304,67.6,0.9386273647162341,0.0018783752054472478,0.6262623711871329,0.08677565232457556,7940246.95,BULL,אין פריצה מאושרת מעל הרמה | סגירת נר לא חזקה | גוף נר חלש | RS לא מספיק חזק | ציון Entry Quality נמוך (44.0 < 60.0)
2026-09-14 07:27:20,OSBC,Flat Base / Rectangle Breakout,WATCHLIST,53.0,90.0,26.059999,25.58,4.837618024433687,0.9711382993621653,78.0,0.981581004665426,-0.018418995334573994,0.510204081632651,0.15354782849205992,10046161.299999999,BULL,אין פריצה מאושרת מעל הרמה | ווליום לא מאשר | סגירת נר לא חזקה | ציון Entry Quality נמוך (53.0 < 60.0)
2026-09-14 07:27:20,OSBC,Darvas Box Breakout,WATCHLIST,53.0,87.0,26.059999,25.58,4.837618024433687,0.9711382993621653,78.0,0.981581004665426,-0.018418995334573994,0.510204081632651,0.15354782849205992,10046161.299999999,BULL,אין פריצה מאושרת מעל הרמה | ווליום לא מאשר | סגירת נר לא חזקה | ציון Entry Quality נמוך (53.0 < 60.0)
2026-09-14 07:27:20,OSBC,VCP Breakout,WATCHLIST,53.0,86.0,25.85,25.58,3.0,0.9711382993621653,78.0,0.981581004665426,-0.010444874274661628,0.510204081632651,0.15354782849205992,10046161.299999999,BULL,אין פריצה מאושרת מעל הרמה | ווליום לא מאשר | סגירת נר לא חזקה | ציון Entry Quality נמוך (53.0 < 60.0)
2026-09-14 07:27:34,PNTG,VCP Breakout,WATCHLIST,57.0,95.0,40.3,39.2,3.0,1.2971355465446581,84.3,0.91824783321621,-0.02729528535980135,0.135134200145084,0.12467651140379339,9038932.0,BULL,אין פריצה מאושרת מעל הרמה | ווליום לא מאשר | סגירת נר לא חזקה | ציון Entry Quality נמוך (57.0 < 60.0)
2026-09-14 07:27:34,PNTG,EMA21/MA50 Pullback Bounce,WATCHLIST,47.0,94.0,40.3,39.2,2.4999999999999987,1.2971355465446581,84.3,0.91824783321621,-0.02729528535980135,0.135134200145084,0.12467651140379339,9038932.0,BULL,אין פריצה מאושרת מעל הרמה | ווליום לא מאשר | סגירת נר לא חזקה | R:R נמוך מדי | ציון Entry Quality נמוך (47.0 < 60.0)
2026-09-14 07:27:34,PNTG,Darvas Box Breakout,WATCHLIST,50.0,85.0,40.3,39.2,2.4999999999999987,1.2971355465446581,84.3,0.91824783321621,-0.02729528535980135,0.135134200145084,0.12467651140379339,9038932.0,BULL,אין פריצה מאושרת מעל הרמה | ווליום לא מאשר | סגירת נר לא חזקה | R:R נמוך מדי | ציון Entry Quality נמוך (50.0 < 60.0)
2026-09-14 07:28:03,MSGE,EMA21/MA50 Pullback Bounce,ENTRY_READY,73.0,100.0,76.89,79.19,2.6545531975299914,1.8780681431557118,93.4,0.8758986837739188,0.029912862530888245,0.8994974874371868,0.14164313594412595,24439221.849999998,BULL,
2026-09-14 07:28:14,WTRG,EMA21/MA50 Pullback Bounce,WATCHLIST,44.0,76.0,42.51,41.07,2.500000000000003,1.226120720084716,40.0,0.9661256175017643,-0.033874382498235656,0.1355932203389854,0.04765953734065813,87263482.5,BULL,אין פריצה מאושרת מעל הרמה | ווליום לא מאשר | סגירת נר לא חזקה | RS לא מספיק חזק | ציון Entry Quality נמוך (44.0 < 60.0)
2026-09-14 07:28:18,OII,EMA21/MA50 Pullback Bounce,WATCHLIST,65.0,100.0,51.060001,51.09,2.5,1.3349538673694175,98.6,0.9417511520737328,0.000587524469496263,0.6516853932584327,0.26036116295809,43716946.650000006,BULL,אין פריצה מאושרת מעל הרמה | גוף נר חלש
2026-09-14 07:28:29,SAN,Flat Base / Rectangle Breakout,WATCHLIST,76.0,100.0,15.05,14.96,2.962191128311996,0.36694831583801624,85.4,0.9940199335548173,-0.0059800664451827145,1.0,0.16408154795870739,268119328.4,BULL,אין פריצה מאושרת מעל הרמה | ווליום לא מאשר
2026-09-14 07:28:29,SAN,Darvas Box Breakout,WATCHLIST,74.0,100.0,15.05,14.96,2.5000000000000027,0.36694831583801624,85.4,0.9940199335548173,-0.0059800664451827145,1.0,0.16408154795870739,268119328.4,BULL,אין פריצה מאושרת מעל הרמה | ווליום לא מאשר
2026-09-14 07:28:29,SAN,VCP Breakout,WATCHLIST,76.0,100.0,15.05,14.96,2.9999999999999982,0.36694831583801624,85.4,0.9940199335548173,-0.0059800664451827145,1.0,0.16408154795870739,268119328.4,BULL,אין פריצה מאושרת מעל הרמה | ווליום לא מאשר
2026-09-14 07:28:32,AMP,Flat Base / Rectangle Breakout,WATCHLIST,49.0,81.0,572.56,557.60999,4.032283976304136,0.7864871363308488,63.3,0.973889181919799,-0.02611081808020104,0.6487508685187412,0.1426168829965072,231909994.84100002,BULL,אין פריצה מאושרת מעל הרמה | ווליום לא מאשר | סגירת נר לא חזקה | גוף נר חלש | RS לא מספיק חזק | ציון Entry Quality נמוך (49.0 < 60.0)
2026-09-14 07:28:32,AMP,Darvas Box Breakout,WATCHLIST,49.0,75.0,572.56,557.60999,4.032283976304136,0.7864871363308488,63.3,0.973889181919799,-0.02611081808020104,0.6487508685187412,0.1426168829965072,231909994.84100002,BULL,אין פריצה מאושרת מעל הרמה | ווליום לא מאשר | סגירת נר לא חזקה | גוף נר חלש | RS לא מספיק חזק | ציון Entry Quality נמוך (49.0 < 60.0)
2026-09-14 07:28:32,AMP,VCP Breakout,WATCHLIST,49.0,75.0,567.33002,557.60999,3.0,0.7864871363308488,63.3,0.973889181919799,-0.01713293789741631,0.6487508685187412,0.1426168829965072,231909994.84100002,BULL,אין פריצה מאושרת מעל הרמה | ווליום לא מאשר | סגירת נר לא חזקה | גוף נר חלש | RS לא מספיק חזק | ציון Entry Quality נמוך (49.0 < 60.0)
2026-09-14 07:28:43,ESNT,VCP Breakout,WATCHLIST,49.0,79.0,70.07,68.18,3.0,1.0263625985610747,52.2,0.9688787835725452,-0.02697302697302678,0.23008788472243405,0.08873041090896377,38522040.900000006,BULL,אין פריצה מאושרת מעל הרמה | ווליום לא מאשר | סגירת נר לא חזקה | RS לא מספיק חזק | ציון Entry Quality נמוך (49.0 < 60.0)
2026-09-14 07:28:43,ESNT,EMA21/MA50 Pullback Bounce,WATCHLIST,37.0,72.0,68.78,68.18,2.499999999999996,1.0263625985610747,52.2,0.9688787835725452,-0.008723466123873137,0.23008788472243405,0.08873041090896377,38522040.900000006,BULL,אין פריצה מאושרת מעל הרמה | ווליום לא מאשר | סגירת נר לא חזקה | RS לא מספיק חזק | R:R נמוך מדי | ציון Entry Quality נמוך (37.0 < 60.0)
2026-09-14 07:28:53,NBR,EMA21/MA50 Pullback Bounce,WATCHLIST,54.0,89.0,92.95,90.6,2.5,0.7693946639520844,93.4,0.8024800708591673,-0.025282409897794605,0.5402843601895738,0.040733339283085965,19135173.0,BULL,אין פריצה מאושרת מעל הרמה | ווליום לא מאשר | סגירת נר לא חזקה | ציון Entry Quality נמוך (54.0 < 60.0)
2026-09-14 07:29:10,COKE,EMA21/MA50 Pullback Bounce,WATCHLIST,66.0,95.0,191.039993,192.61,2.5000000000000018,1.7003538364596966,67.8,0.8768951002456227,0.008218211147024089,0.8625965270122997,0.025974377240157286,79474738.2,BULL,RS לא מספיק חזק
2026-09-14 07:29:13,AUPH,EMA21/MA50 Pullback Bounce,WATCHLIST,52.0,81.0,16.195,16.1,5.163249810174609,0.7639956542238074,55.3,0.8363636363636364,-0.005866008027168809,0.15254237288136083,0.03701254506066436,15708126.000000002,BULL,אין פריצה מאושרת מעל הרמה | ווליום לא מאשר | סגירת נר לא חזקה | RS לא מספיק חזק | ציון Entry Quality נמוך (52.0 < 60.0)
2026-09-14 07:29:17,TMUS,EMA21/MA50 Pullback Bounce,WATCHLIST,44.0,61.0,179.23,182.33,2.5000000000000018,0.9281896891385389,11.1,0.7465197860088525,0.01729621157172361,0.7003830159981244,-0.05374056113386801,721902815.6,BULL,לא מעל MA150 | MA150 לא עולה | מתחת ל-MA200 | ווליום לא מאשר | RS לא מספיק חזק | רחוק מדי משיא 52 שבועות | ציון Entry Quality נמוך (44.0 < 60.0)
2026-09-14 07:29:21,RVTY,EMA21/MA50 Pullback Bounce,WATCHLIST,72.0,100.0,123.23,124.31,2.5,0.7242867206762945,88.5,0.9346616541353384,0.008764099651058982,0.8881578947368413,0.21136388098547626,197633010.4,BULL,ווליום לא מאשר
2026-09-14 07:29:25,WIX,EMA21/MA50 Pullback Bounce,WATCHLIST,39.0,69.0,76.49,76.58,2.640945097859945,0.38080582462950097,32.1,0.40108942550093885,0.0011766243953458416,0.6102783725910037,0.13055682597864138,133369430.6,BULL,MA150 לא עולה | אין פריצה מאושרת מעל הרמה | ווליום לא מאשר | סגירת נר לא חזקה | RS לא מספיק חזק | רחוק מדי משיא 52 שבועות | ציון Entry Quality נמוך (39.0 < 60.0)
2026-09-14 07:29:29,ABBV,EMA21/MA50 Pullback Bounce,WATCHLIST,54.0,92.0,255.31,257.12,2.5,0.9923467213888755,57.4,0.9613040714846524,0.007089420704241911,0.5623911465573789,0.1166151828791193,1116397041.6,BULL,ווליום לא מאשר | סגירת נר לא חזקה | RS לא מספיק חזק | ציון Entry Quality נמוך (54.0 < 60.0)
2026-09-14 07:29:36,EOG,EMA21/MA50 Pullback Bounce,WATCHLIST,46.0,86.0,148.99001,147.36,2.5000000000000027,1.1135073471494146,55.6,0.9589379839916706,-0.01094039795017128,0.731228381942634,0.0770449660350156,406901484.00000006,BULL,אין פריצה מאושרת מעל הרמה | ווליום לא מאשר | גוף נר חלש | RS לא מספיק חזק | ציון Entry Quality נמוך (46.0 < 60.0)
2026-09-14 07:29:43,P,EMA21/MA50 Pullback Bounce,WATCHLIST,74.0,100.0,97.12,98.18,2.8748897867194327,0.5865173311804602,85.7,0.8243493001569993,0.010914332784184537,0.8964451313755815,0.27572986048980336,325917837.1,BULL,ווליום לא מאשר
2026-09-14 07:29:46,JCI,EMA21/MA50 Pullback Bounce,WATCHLIST,63.0,86.0,144.52,146.0099945,2.4999999999999987,2.078739138406451,60.6,0.929644698582003,0.010309953639634615,0.6231871009303241,0.032740787460426524,406139940.601255,BULL,סגירת נר לא חזקה | RS לא מספיק חזק | R:R נמוך מדי
2026-09-14 07:30:00,BOX,EMA21/MA50 Pullback Bounce,WATCHLIST,51.0,76.0,34.82,33.75,4.722921914357701,0.5637217012626918,68.4,0.9287286736378645,-0.030729465824238952,0.13698630136986423,0.24682905296172394,102611137.5,BULL,אין פריצה מאושרת מעל הרמה | ווליום לא מאשר | סגירת נר לא חזקה | RS לא מספיק חזק | ציון Entry Quality נמוך (51.0 < 60.0)
2026-09-14 07:30:11,VIA,EMA21/MA50 Pullback Bounce,WATCHLIST,50.0,88.0,26.87,25.76,11.041194763867711,0.7584210154650095,99.0,0.45746759012608773,-0.04131001116486786,0.022222222222225644,0.4045648352055177,14591494.4,BULL,אין פריצה מאושרת מעל הרמה | ווליום לא מאשר | סגירת נר לא חזקה | רחוק מדי משיא 52 שבועות | ציון Entry Quality נמוך (50.0 < 60.0)
2026-09-14 07:30:18,CACI,EMA21/MA50 Pullback Bounce,WATCHLIST,48.0,82.0,629.81,621.16998,3.2181181807506745,1.0964876867178037,64.0,0.9088075786393562,-0.013718454772074017,0.6558756929710388,0.13028610771190244,153863804.046,BULL,אין פריצה מאושרת מעל הרמה | ווליום לא מאשר | גוף נר חלש | RS לא מספיק חזק | ציון Entry Quality נמוך (48.0 < 60.0)
2026-09-14 07:30:28,PLMR,Darvas Box Breakout,WATCHLIST,51.0,79.0,137.39999,133.66,2.828805442563369,0.8663654319651506,54.5,0.905432868175044,-0.027219725416282824,0.6636463200991228,0.07203441249264396,24699699.7,BULL,אין פריצה מאושרת מעל הרמה | ווליום לא מאשר | RS לא מספיק חזק | ציון Entry Quality נמוך (51.0 < 60.0)
2026-09-14 07:30:28,PLMR,VCP Breakout,WATCHLIST,51.0,79.0,137.39999,133.66,2.9999999999999987,0.8663654319651506,54.5,0.905432868175044,-0.027219725416282824,0.6636463200991228,0.07203441249264396,24699699.7,BULL,אין פריצה מאושרת מעל הרמה | ווליום לא מאשר | RS לא מספיק חזק | ציון Entry Quality נמוך (51.0 < 60.0)
2026-09-14 07:30:28,PLMR,EMA21/MA50 Pullback Bounce,WATCHLIST,41.0,75.0,136.82001,133.66,2.4999999999999987,0.8663654319651506,54.5,0.905432868175044,-0.023096109991513666,0.6636463200991228,0.07203441249264396,24699699.7,BULL,אין פריצה מאושרת מעל הרמה | ווליום לא מאשר | RS לא מספיק חזק | R:R נמוך מדי | ציון Entry Quality נמוך (41.0 < 60.0)
2026-09-14 07:30:35,ARE,EMA21/MA50 Pullback Bounce,WATCHLIST,53.0,80.0,50.82,51.14,2.4999999999999982,1.1463139064118257,9.8,0.5795557570262919,0.006296733569460848,0.97948717948718,0.031228575218109237,97768429.2,BULL,MA150 לא עולה | ווליום לא מאשר | RS לא מספיק חזק | רחוק מדי משיא 52 שבועות | R:R נמוך מדי | ציון Entry Quality נמוך (53.0 < 60.0)
2026-09-14 07:30:45,WRB,Darvas Box Breakout,WATCHLIST,50.0,79.0,71.38,69.9,2.5,1.3952292229774057,27.1,0.8852583586626142,-0.020734099187447324,0.23021582733813473,0.015013683762010328,133183965.00000001,BULL,אין פריצה מאושרת מעל הרמה | סגירת נר לא חזקה | RS לא מספיק חזק | ציון Entry Quality נמוך (50.0 < 60.0)
2026-09-14 07:30:45,WRB,VCP Breakout,WATCHLIST,54.0,77.0,70.78,69.9,3.0,1.3952292229774057,27.1,0.8852583586626142,-0.012432890647075381,0.23021582733813473,0.015013683762010328,133183965.00000001,BULL,אין פריצה מאושרת מעל הרמה | סגירת נר לא חזקה | RS לא מספיק חזק | ציון Entry Quality נמוך (54.0 < 60.0)
2026-09-14 07:30:45,WRB,EMA21/MA50 Pullback Bounce,WATCHLIST,47.0,77.0,70.78,69.9,2.6244438264738563,1.3952292229774057,27.1,0.8852583586626142,-0.012432890647075381,0.23021582733813473,0.015013683762010328,133183965.00000001,BULL,אין פריצה מאושרת מעל הרמה | סגירת נר לא חזקה | RS לא מספיק חזק | ציון Entry Quality נמוך (47.0 < 60.0)
2026-09-14 07:30:49,CBC,VCP Breakout,WATCHLIST,61.0,87.0,33.385,32.41,3.0000000000000018,1.73677858579607,64.7,0.9583653675557395,-0.02920473266437027,0.5999999999999873,0.15119583180147,26183228.749999996,BULL,אין פריצה מאושרת מעל הרמה | סגירת נר לא חזקה | גוף נר חלש | RS לא מספיק חזק
2026-09-14 07:30:53,DOX,EMA21/MA50 Pullback Bounce,WATCHLIST,47.0,60.0,60.69,61.42,2.4999999999999973,0.5630426602372026,16.1,0.717020779827224,0.012028340748063998,0.8466666666666688,0.00024753827077703534,66106038.9,BULL,MA150 לא עולה | מתחת ל-MA200 | ווליום לא מאשר | RS לא מספיק חזק | רחוק מדי משיא 52 שבועות | R:R נמוך מדי | ציון Entry Quality נמוך (47.0 < 60.0)
2026-09-14 07:31:00,NWBI,Darvas Box Breakout,WATCHLIST,39.0,73.0,15.9,15.49,2.5032805087311996,1.1075949367088607,58.7,0.9585396039603961,-0.025786163522012587,0.4848484848484852,0.09687530980177413,12237100.0,BULL,אין פריצה מאושרת מעל הרמה | ווליום לא מאשר | סגירת נר לא חזקה | RS לא מספיק חזק | ציון Entry Quality נמוך (39.0 < 60.0)
2026-09-14 07:31:00,NWBI,VCP Breakout,WATCHLIST,43.0,71.0,15.72,15.49,3.0,1.1075949367088607,58.7,0.9585396039603961,-0.014631043256997482,0.4848484848484852,0.09687530980177413,12237100.0,BULL,אין פריצה מאושרת מעל הרמה | ווליום לא מאשר | סגירת נר לא חזקה | RS לא מספיק חזק | ציון Entry Quality נמוך (43.0 < 60.0)
2026-09-14 07:31:00,NWBI,EMA21/MA50 Pullback Bounce,WATCHLIST,31.0,72.0,15.5,15.49,2.4999999999999982,1.1075949367088607,58.7,0.9585396039603961,-0.0006451612903225669,0.4848484848484852,0.09687530980177413,12237100.0,BULL,אין פריצה מאושרת מעל הרמה | ווליום לא מאשר | סגירת נר לא חזקה | RS לא מספיק חזק | R:R נמוך מדי | ציון Entry Quality נמוך (31.0 < 60.0)
2026-09-14 07:31:07,GEO,EMA21/MA50 Pullback Bounce,WATCHLIST,61.0,100.0,31.71,31.49,2.500000000000001,1.3352328095852397,92.2,0.9499245852187028,-0.006937874487543438,0.369047619047616,0.3307733039599711,67860320.2,BULL,אין פריצה מאושרת מעל הרמה | סגירת נר לא חזקה | גוף נר חלש
2026-09-14 07:31:24,TGS,EMA21/MA50 Pullback Bounce,WATCHLIST,41.0,59.0,30.97,29.66,2.5000000000000018,2.1816855162349507,42.3,0.8159559834938102,-0.042298999031320596,0.02830188679245384,-0.025645518056985235,6097354.5,BULL,לא מעל MA150 | MA150 לא עולה | מתחת ל-MA200 | אין פריצה מאושרת מעל הרמה | סגירת נר לא חזקה | RS לא מספיק חזק | ציון Entry Quality נמוך (41.0 < 60.0)
2026-09-14 07:31:31,NATL,Flat Base / Rectangle Breakout,WATCHLIST,45.0,85.0,48.0,46.62,2.6174668028600716,1.2938560815573992,48.8,0.9612371134020617,-0.028750000000000053,0.6551724137930922,0.041863763410003564,30090179.7,BULL,אין פריצה מאושרת מעל הרמה | ווליום לא מאשר | גוף נר חלש | RS לא מספיק חזק | ציון Entry Quality נמוך (45.0 < 60.0)
2026-09-14 07:31:31,NATL,Darvas Box Breakout,WATCHLIST,45.0,79.0,47.3,46.62,2.500000000000002,1.2938560815573992,48.8,0.9612371134020617,-0.014376321353065534,0.6551724137930922,0.041863763410003564,30090179.7,BULL,אין פריצה מאושרת מעל הרמה | ווליום לא מאשר | גוף נר חלש | RS לא מספיק חזק | ציון Entry Quality נמוך (45.0 < 60.0)
2026-09-14 07:31:31,NATL,VCP Breakout,WATCHLIST,49.0,77.0,46.94,46.62,3.0,1.2938560815573992,48.8,0.9612371134020617,-0.006817213463996598,0.6551724137930922,0.041863763410003564,30090179.7,BULL,אין פריצה מאושרת מעל הרמה | ווליום לא מאשר | גוף נר חלש | RS לא מספיק חזק | ציון Entry Quality נמוך (49.0 < 60.0)
2026-09-14 07:31:34,SYM,EMA21/MA50 Pullback Bounce,WATCHLIST,30.0,50.0,42.6,42.13,2.6223175965665173,0.9931753400114016,17.3,0.4794037323623123,-0.01103286384976523,0.30645161290322737,-0.13184737365858687,64664283.75000001,BULL,לא מעל MA150 | MA150 לא עולה | מתחת ל-MA200 | אין פריצה מאושרת מעל הרמה | ווליום לא מאשר | סגירת נר לא חזקה | גוף נר חלש | RS לא מספיק חזק | רחוק מדי משיא 52 שבועות | ציון Entry Quality נמוך (30.0 < 60.0)
2026-09-14 07:31:38,DIS,EMA21/MA50 Pullback Bounce,WATCHLIST,44.0,71.0,106.12,106.55,2.5,0.9563965080296204,29.2,0.9093624647947427,0.004052016584998046,0.5290697674418589,0.0456610215731029,808285636.25,BULL,MA150 לא עולה | ווליום לא מאשר | סגירת נר לא חזקה | גוף נר חלש | RS לא מספיק חזק | ציון Entry Quality נמוך (44.0 < 60.0)
2026-09-14 07:31:45,SBR,Flat Base / Rectangle Breakout,WATCHLIST,47.0,73.0,76.9,74.85,4.396090181246667,0.5405405405405406,27.0,0.8869534305012442,-0.026657997399219913,0.2301587301587255,0.010518756371617664,2243254.5,BULL,אין פריצה מאושרת מעל הרמה | ווליום לא מאשר | סגירת נר לא חזקה | RS לא מספיק חזק | נזילות דולרית נמוכה | ציון Entry Quality נמוך (47.0 < 60.0)
2026-09-14 07:31:45,SBR,Darvas Box Breakout,WATCHLIST,45.0,67.0,76.9,74.85,3.713345449187129,0.5405405405405406,27.0,0.8869534305012442,-0.026657997399219913,0.2301587301587255,0.010518756371617664,2243254.5,BULL,אין פריצה מאושרת מעל הרמה | ווליום לא מאשר | סגירת נר לא חזקה | RS לא מספיק חזק | נזילות דולרית נמוכה | ציון Entry Quality נמוך (45.0 < 60.0)
2026-09-14 07:31:45,SBR,EMA21/MA50 Pullback Bounce,WATCHLIST,35.0,61.0,75.33,74.85,2.4999999999999964,0.5405405405405406,27.0,0.8869534305012442,-0.006371963361210726,0.2301587301587255,0.010518756371617664,2243254.5,BULL,אין פריצה מאושרת מעל הרמה | ווליום לא מאשר | סגירת נר לא חזקה | RS לא מספיק חזק | נזילות דולרית נמוכה | R:R נמוך מדי | ציון Entry Quality נמוך (35.0 < 60.0)
2026-09-14 07:31:49,CACC,Flat Base / Rectangle Breakout,WATCHLIST,57.0,81.0,621.52002,604.23999,5.127675200057431,0.5495537811178958,61.0,0.90338785251604,-0.02780285339802893,0.40974408167405724,0.11418187057276068,64321346.9355,BULL,אין פריצה מאושרת מעל הרמה | ווליום לא מאשר | סגירת נר לא חזקה | RS לא מספיק חזק | ציון Entry Quality נמוך (57.0 < 60.0)
2026-09-14 07:31:49,CACC,VCP Breakout,WATCHLIST,57.0,75.0,620.96002,604.23999,3.0,0.5495537811178958,61.0,0.90338785251604,-0.02692609743216633,0.40974408167405724,0.11418187057276068,64321346.9355,BULL,אין פריצה מאושרת מעל הרמה | ווליום לא מאשר | סגירת נר לא חזקה | RS לא מספיק חזק | ציון Entry Quality נמוך (57.0 < 60.0)
2026-09-14 07:31:49,CACC,Darvas Box Breakout,WATCHLIST,57.0,71.0,620.96002,604.23999,3.78419459404995,0.5495537811178958,61.0,0.90338785251604,-0.02692609743216633,0.40974408167405724,0.11418187057276068,64321346.9355,BULL,אין פריצה מאושרת מעל הרמה | ווליום לא מאשר | סגירת נר לא חזקה | RS לא מספיק חזק | ציון Entry Quality נמוך (57.0 < 60.0)
2026-09-14 07:31:52,CNR,EMA21/MA50 Pullback Bounce,WATCHLIST,46.0,85.0,99.96,97.47,5.765958288812349,0.8591914946223266,58.9,0.8490418118466899,-0.024909963985594186,0.8355939169749262,0.07536411890665803,47306089.8,BULL,אין פריצה מאושרת מעל הרמה | ווליום לא מאשר | גוף נר חלש | RS לא מספיק חזק | ציון Entry Quality נמוך (46.0 < 60.0)
2026-09-14 07:31:56,RGA,EMA21/MA50 Pullback Bounce,WATCHLIST,50.0,94.0,248.33,248.72,2.5,0.9671886064993311,71.6,0.9647414762809821,0.0015704908790721472,0.6588222376034532,0.12998833466758877,79024562.0,BULL,אין פריצה מאושרת מעל הרמה | ווליום לא מאשר | גוף נר חלש | ציון Entry Quality נמוך (50.0 < 60.0)
2026-09-14 07:32:00,CTSH,EMA21/MA50 Pullback Bounce,WATCHLIST,55.0,72.0,59.02,60.0,2.5,0.5259224487236628,28.3,0.6894174501828961,0.01660454083361567,0.9748748491204515,0.07412667581356361,354052200.0,BULL,MA150 לא עולה | מתחת ל-MA200 | ווליום לא מאשר | RS לא מספיק חזק | רחוק מדי משיא 52 שבועות | ציון Entry Quality נמוך (55.0 < 60.0)
2026-09-14 07:32:08,CTVA,EMA21/MA50 Pullback Bounce,WATCHLIST,46.0,84.0,86.125,83.9,2.5,1.1643245653922838,49.4,0.9222820710124218,-0.025834542815674825,0.705735660847885,0.03797238646108611,383778736.0,BULL,אין פריצה מאושרת מעל הרמה | ווליום לא מאשר | גוף נר חלש | RS לא מספיק חזק | ציון Entry Quality נמוך (46.0 < 60.0)
2026-09-14 07:32:12,BCE,Flat Base / Rectangle Breakout,WATCHLIST,38.0,58.0,23.94,23.39,7.07146592888264,0.9639195499202534,20.8,0.881975867269985,-0.022974101921470372,0.4583333333333339,-0.022612106405324215,62840392.65,BULL,לא מעל MA150 | MA150 לא עולה | מתחת ל-MA200 | אין פריצה מאושרת מעל הרמה | ווליום לא מאשר | סגירת נר לא חזקה | גוף נר חלש | RS לא מספיק חזק | ציון Entry Quality נמוך (38.0 < 60.0)
2026-09-14 07:32:12,BCE,Darvas Box Breakout,WATCHLIST,36.0,52.0,23.94,23.39,3.1358584029866483,0.9639195499202534,20.8,0.881975867269985,-0.022974101921470372,0.4583333333333339,-0.022612106405324215,62840392.65,BULL,לא מעל MA150 | MA150 לא עולה | מתחת ל-MA200 | אין פריצה מאושרת מעל הרמה | ווליום לא מאשר | סגירת נר לא חזקה | גוף נר חלש | RS לא מספיק חזק | ציון Entry Quality נמוך (36.0 < 60.0)
2026-09-14 07:32:12,BCE,VCP Breakout,WATCHLIST,38.0,52.0,23.94,23.39,3.0,0.9639195499202534,20.8,0.881975867269985,-0.022974101921470372,0.4583333333333339,-0.022612106405324215,62840392.65,BULL,לא מעל MA150 | MA150 לא עולה | מתחת ל-MA200 | אין פריצה מאושרת מעל הרמה | ווליום לא מאשר | סגירת נר לא חזקה | גוף נר חלש | RS לא מספיק חזק | ציון Entry Quality נמוך (38.0 < 60.0)
2026-09-14 07:32:15,NUE,EMA21/MA50 Pullback Bounce,WATCHLIST,73.0,100.0,256.78,259.42999,2.500000000000001,0.6039872596437419,92.5,0.9261718584189018,0.010320079445439686,0.9462041379310279,0.17116182570500535,362866024.16295,BULL,ווליום לא מאשר | גוף נר חלש
2026-09-14 07:32:22,LNG,EMA21/MA50 Pullback Bounce,WATCHLIST,44.0,72.0,281.0,278.34,2.851471288918927,0.7671096680984597,57.2,0.9250556374404054,-0.009466192170818594,0.6433451991303694,0.08940130642819935,537514899.3,BULL,אין פריצה מאושרת מעל הרמה | ווליום לא מאשר | סגירת נר לא חזקה | גוף נר חלש | RS לא מספיק חזק | ציון Entry Quality נמוך (44.0 < 60.0)
2026-09-14 07:32:32,IGA,EMA21/MA50 Pullback Bounce,WATCHLIST,38.0,68.0,10.59,10.42,2.6833631484794203,0.24289432055926927,39.7,0.9693023255813954,-0.01605288007554296,0.16666666666666174,0.052922314138664994,1021003.7,BULL,אין פריצה מאושרת מעל הרמה | ווליום לא מאשר | סגירת נר לא חזקה | RS לא מספיק חזק | נזילות דולרית נמוכה | ציון Entry Quality נמוך (38.0 < 60.0)
2026-09-14 07:32:56,RCI,EMA21/MA50 Pullback Bounce,WATCHLIST,29.0,51.0,36.95,36.21,2.5,0.8670845219998751,23.1,0.8801652892561983,-0.02002706359945878,0.45762711864407046,-0.004494118240859405,34778256.6,BULL,לא מעל MA150 | MA150 לא עולה | מתחת ל-MA200 | אין פריצה מאושרת מעל הרמה | ווליום לא מאשר | סגירת נר לא חזקה | RS לא מספיק חזק | ציון Entry Quality נמוך (29.0 < 60.0)
2026-09-14 07:33:00,AGM,VCP Breakout,WATCHLIST,55.0,90.0,230.24001,225.50999,3.0,0.7396712572190137,74.5,0.9082524430404947,-0.02054386637665636,0.18469962686566796,0.21465792834976635,20304919.4996,BULL,אין פריצה מאושרת מעל הרמה | ווליום לא מאשר | סגירת נר לא חזקה | ציון Entry Quality נמוך (55.0 < 60.0)
2026-09-14 07:33:00,AGM,EMA21/MA50 Pullback Bounce,WATCHLIST,48.0,84.0,225.78,225.50999,2.5,0.7396712572190137,74.5,0.9082524430404947,-0.0011958986624147994,0.18469962686566796,0.21465792834976635,20304919.4996,BULL,אין פריצה מאושרת מעל הרמה | ווליום לא מאשר | סגירת נר לא חזקה | ציון Entry Quality נמוך (48.0 < 60.0)
2026-09-14 07:33:13,ZBRA,EMA21/MA50 Pullback Bounce,WATCHLIST,63.0,100.0,346.87,350.37,2.5,1.023010277456242,90.9,0.907153744992524,0.01009023553492663,0.24439315230224534,0.3362302753666521,199773966.6,BULL,ווליום לא מאשר | סגירת נר לא חזקה | גוף נר חלש
2026-09-14 07:33:20,OR,EMA21/MA50 Pullback Bounce,WATCHLIST,35.0,55.0,36.44,36.029999,4.351037371188289,1.11925113930287,29.5,0.7496878537310059,-0.011251399560922096,0.37894631578946997,-0.012979496871206024,36565945.235125,BULL,לא מעל MA150 | MA150 לא עולה | מתחת ל-MA200 | אין פריצה מאושרת מעל הרמה | ווליום לא מאשר | סגירת נר לא חזקה | RS לא מספיק חזק | רחוק מדי משיא 52 שבועות | ציון Entry Quality נמוך (35.0 < 60.0)
2026-09-14 07:33:24,PLXS,VCP Breakout,WATCHLIST,79.0,100.0,252.98,255.34,3.0000000000000013,0.6644021739130435,85.7,0.8315638691562813,0.009328800695707224,0.7996976209828583,0.04709851913965503,56379072.0,BULL,ווליום לא מאשר
2026-09-14 07:33:24,PLXS,EMA21/MA50 Pullback Bounce,WATCHLIST,67.0,100.0,248.35001,255.34,2.4999999999999987,0.6644021739130435,85.7,0.8315638691562813,0.028145720630331387,0.7996976209828583,0.04709851913965503,56379072.0,BULL,ווליום לא מאשר | R:R נמוך מדי
2026-09-14 07:33:31,VIAV,EMA21/MA50 Pullback Bounce,WATCHLIST,43.0,85.0,38.9,38.75,2.5,1.1686500443081875,99.0,0.6412377957967896,-0.003856041131105362,0.4335260115606944,-0.046656037637327584,156982837.5,BULL,לא מעל MA150 | אין פריצה מאושרת מעל הרמה | ווליום לא מאשר | סגירת נר לא חזקה | רחוק מדי משיא 52 שבועות | ציון Entry Quality נמוך (43.0 < 60.0)
2026-09-14 07:33:38,SCI,EMA21/MA50 Pullback Bounce,WATCHLIST,61.0,100.0,81.28,82.21,2.5,1.734252097416158,35.5,0.9035058797670074,0.011441929133858176,0.8792270531400962,0.02732022841784609,56491012.55,BULL,MA150 לא עולה | RS לא מספיק חזק
2026-09-14 07:33:48,SDRL,EMA21/MA50 Pullback Bounce,WATCHLIST,45.0,83.0,49.22,47.9,2.4999999999999982,1.2301772499118988,70.7,0.8635298359473589,-0.02681836651767575,0.3892617449664413,0.05926893673567872,25145823.5,BULL,אין פריצה מאושרת מעל הרמה | ווליום לא מאשר | סגירת נר לא חזקה | R:R נמוך מדי | ציון Entry Quality נמוך (45.0 < 60.0)
2026-09-14 07:33:52,FSLY,EMA21/MA50 Pullback Bounce,WATCHLIST,62.0,100.0,23.19,23.16,5.1963287557794455,1.3213849472224546,99.0,0.6651349798966112,-0.0012936610608021188,0.8513513513513522,0.0625217895149675,112152184.2,BULL,אין פריצה מאושרת מעל הרמה | רחוק מדי משיא 52 שבועות
2026-09-14 07:34:05,KR,EMA21/MA50 Pullback Bounce,WATCHLIST,55.0,77.0,57.38,58.49,2.5000000000000013,2.103890114621348,11.8,0.7637764429354923,0.019344719414430105,0.7395833333333336,-0.08737237846832836,343705079.45,BULL,לא מעל MA150 | MA150 לא עולה | מתחת ל-MA200 | RS לא מספיק חזק | ציון Entry Quality נמוך (55.0 < 60.0)
2026-09-14 07:34:05,KR,Darvas Box Breakout,WATCHLIST,50.0,68.0,59.2,58.49,2.5000000000000013,2.103890114621348,11.8,0.7637764429354923,-0.011993243243243258,0.7395833333333336,-0.08737237846832836,343705079.45,BULL,לא מעל MA150 | MA150 לא עולה | מתחת ל-MA200 | אין פריצה מאושרת מעל הרמה | RS לא מספיק חזק | ציון Entry Quality נמוך (50.0 < 60.0)
2026-09-14 07:34:05,KR,VCP Breakout,WATCHLIST,52.0,68.0,59.2,58.49,2.9999999999999982,2.103890114621348,11.8,0.7637764429354923,-0.011993243243243258,0.7395833333333336,-0.08737237846832836,343705079.45,BULL,לא מעל MA150 | MA150 לא עולה | מתחת ל-MA200 | אין פריצה מאושרת מעל הרמה | RS לא מספיק חזק | ציון Entry Quality נמוך (52.0 < 60.0)
2026-09-14 07:34:09,TTMI,EMA21/MA50 Pullback Bounce,WATCHLIST,50.0,82.0,125.51,126.44,2.7211819275038653,0.595506310175488,97.7,0.5648929991511414,0.007409768145964406,0.4668131265196315,-0.0651589133182789,287337428.8,BULL,לא מעל MA150 | ווליום לא מאשר | סגירת נר לא חזקה | גוף נר חלש | רחוק מדי משיא 52 שבועות | ציון Entry Quality נמוך (50.0 < 60.0)
2026-09-14 07:34:13,WCC,EMA21/MA50 Pullback Bounce,WATCHLIST,70.0,100.0,353.60001,356.32001,2.5,0.9371272789231556,85.4,0.9246179256299142,0.007692307474765138,0.8113536082697983,0.09441077526959907,177755581.78865,BULL,ווליום לא מאשר
2026-09-14 07:34:13,WCC,VCP Breakout,WATCHLIST,67.0,99.0,365.48001,356.32001,3.0,0.9371272789231556,85.4,0.9246179256299142,-0.025062930254379626,0.8113536082697983,0.09441077526959907,177755581.78865,BULL,אין פריצה מאושרת מעל הרמה | ווליום לא מאשר
2026-09-14 07:34:17,WWW,EMA21/MA50 Pullback Bounce,WATCHLIST,56.0,84.0,19.6,19.93,2.5,0.8055238771834707,21.5,0.633502860775588,0.01683673469387746,0.7678585140330586,0.12330208352903592,15990536.549999999,BULL,ווליום לא מאשר | RS לא מספיק חזק | רחוק מדי משיא 52 שבועות | ציון Entry Quality נמוך (56.0 < 60.0)
2026-09-14 07:34:21,CTBI,EMA21/MA50 Pullback Bounce,WATCHLIST,55.0,92.0,77.44,77.67,2.5,0.9019046103241551,73.9,0.9718468468468469,0.002970041322314101,0.4533333333333316,0.1334571495506491,7320009.15,BULL,ווליום לא מאשר | סגירת נר לא חזקה | גוף נר חלש | ציון Entry Quality נמוך (55.0 < 60.0)
2026-09-14 07:34:21,CTBI,Flat Base / Rectangle Breakout,WATCHLIST,52.0,91.0,79.92,77.67,2.667394050763757,0.9019046103241551,73.9,0.9718468468468469,-0.028153153153153154,0.4533333333333316,0.1334571495506491,7320009.15,BULL,אין פריצה מאושרת מעל הרמה | ווליום לא מאשר | סגירת נר לא חזקה | גוף נר חלש | ציון Entry Quality נמוך (52.0 < 60.0)
2026-09-14 07:34:21,CTBI,Darvas Box Breakout,WATCHLIST,50.0,88.0,79.43,77.67,2.5,0.9019046103241551,73.9,0.9718468468468469,-0.022157874858365918,0.4533333333333316,0.1334571495506491,7320009.15,BULL,אין פריצה מאושרת מעל הרמה | ווליום לא מאשר | סגירת נר לא חזקה | גוף נר חלש | ציון Entry Quality נמוך (50.0 < 60.0)
2026-09-14 07:34:24,GABC,EMA21/MA50 Pullback Bounce,WATCHLIST,40.0,77.0,49.7,49.75,2.5,0.7986227746053074,60.3,0.9525177101282788,0.0010060362173037658,0.6190476190476203,0.0998574788938175,5924230.0,BULL,אין פריצה מאושרת מעל הרמה | ווליום לא מאשר | סגירת נר לא חזקה | גוף נר חלש | RS לא מספיק חזק | ציון Entry Quality נמוך (40.0 < 60.0)
2026-09-14 07:34:24,GABC,VCP Breakout,WATCHLIST,47.0,75.0,50.69,49.75,3.0,0.7986227746053074,60.3,0.9525177101282788,-0.018544091536792224,0.6190476190476203,0.0998574788938175,5924230.0,BULL,אין פריצה מאושרת מעל הרמה | ווליום לא מאשר | סגירת נר לא חזקה | גוף נר חלש | RS לא מספיק חזק | ציון Entry Quality נמוך (47.0 < 60.0)
2026-09-14 07:34:28,GFL,EMA21/MA50 Pullback Bounce,WATCHLIST,60.0,84.0,42.377,42.85,2.5,1.3287717519851325,33.9,0.8875310687655343,0.011161715081294073,1.0,0.07064865419501813,96379077.0,BULL,MA150 לא עולה | RS לא מספיק חזק
2026-09-14 07:34:28,GFL,Flat Base / Rectangle Breakout,WATCHLIST,57.0,71.0,44.0,42.85,2.696348694476229,1.3287717519851325,33.9,0.8875310687655343,-0.026136363636363603,1.0,0.07064865419501813,96379077.0,BULL,MA150 לא עולה | אין פריצה מאושרת מעל הרמה | RS לא מספיק חזק | ציון Entry Quality נמוך (57.0 < 60.0)
2026-09-14 07:34:28,GFL,Darvas Box Breakout,WATCHLIST,55.0,71.0,44.0,42.85,2.5,1.3287717519851325,33.9,0.8875310687655343,-0.026136363636363603,1.0,0.07064865419501813,96379077.0,BULL,MA150 לא עולה | אין פריצה מאושרת מעל הרמה | RS לא מספיק חזק | ציון Entry Quality נמוך (55.0 < 60.0)
2026-09-14 07:34:32,MBIN,EMA21/MA50 Pullback Bounce,WATCHLIST,41.0,85.0,53.85,53.15,2.4999999999999982,0.9150487677302237,86.0,0.9345876560576755,-0.012999071494893275,0.1822807046548129,0.10830453346508444,8637140.75,BULL,אין פריצה מאושרת מעל הרמה | ווליום לא מאשר | סגירת נר לא חזקה | גוף נר חלש | R:R נמוך מדי | ציון Entry Quality נמוך (41.0 < 60.0)
2026-09-14 07:34:42,SRRK,EMA21/MA50 Pullback Bounce,WATCHLIST,53.0,99.0,56.71,55.41,3.490353432638931,0.8198500306876707,94.7,0.8971826424870466,-0.02292364662317059,0.2469135802469129,0.12477163620493063,62293584.3,BULL,אין פריצה מאושרת מעל הרמה | ווליום לא מאשר | סגירת נר לא חזקה | גוף נר חלש | ציון Entry Quality נמוך (53.0 < 60.0)
2026-09-14 07:34:49,IBRX,EMA21/MA50 Pullback Bounce,WATCHLIST,63.0,100.0,7.89,7.91,3.277092796885136,1.604508027570267,99.0,0.6363636363636364,0.0025348542458809207,0.2018348623853214,0.010423585917939794,61328444.800000004,BULL,סגירת נר לא חזקה | גוף נר חלש | רחוק מדי משיא 52 שבועות
2026-09-14 07:35:03,PK,EMA21/MA50 Pullback Bounce,WATCHLIST,51.0,93.0,15.405,15.28,2.5,0.5579508390233222,71.6,0.9432098765432099,-0.008114248620577734,0.01298701298701041,0.18820504313205044,57926709.199999996,BULL,אין פריצה מאושרת מעל הרמה | ווליום לא מאשר | סגירת נר לא חזקה | גוף נר חלש | ציון Entry Quality נמוך (51.0 < 60.0)
2026-09-14 07:35:10,MOH,EMA21/MA50 Pullback Bounce,WATCHLIST,49.0,81.0,207.5,204.23,2.5,0.8371543409698009,50.0,0.8339662705704602,-0.015759036144578364,0.8969465648854924,0.12924301953520245,122710574.35,BULL,אין פריצה מאושרת מעל הרמה | ווליום לא מאשר | RS לא מספיק חזק | ציון Entry Quality נמוך (49.0 < 60.0)
2026-09-14 07:35:10,MOH,VCP Breakout,WATCHLIST,54.0,76.0,207.92,204.23,3.0,0.8371543409698009,50.0,0.8339662705704602,-0.017747210465563667,0.8969465648854924,0.12924301953520245,122710574.35,BULL,אין פריצה מאושרת מעל הרמה | ווליום לא מאשר | RS לא מספיק חזק | ציון Entry Quality נמוך (54.0 < 60.0)
2026-09-14 07:35:18,GATX,Falling Wedge,WATCHLIST,42.0,47.5,178.04857447619048,178.53,2.5,1.043966849276584,35.0,0.8685055458260362,0.002703899906111849,0.4770468603729762,-0.00973568454291284,31773876.75,BULL,לא מעל MA150 | MA150 לא עולה | מתחת ל-MA200 | ווליום לא מאשר | סגירת נר לא חזקה | גוף נר חלש | RS לא מספיק חזק | ציון Entry Quality נמוך (42.0 < 60.0)
2026-09-14 07:35:18,GATX,EMA21/MA50 Pullback Bounce,WATCHLIST,40.0,71.0,177.74001,178.53,2.5000000000000018,1.043966849276584,35.0,0.8685055458260362,0.004444637985560982,0.4770468603729762,-0.00973568454291284,31773876.75,BULL,לא מעל MA150 | MA150 לא עולה | מתחת ל-MA200 | ווליום לא מאשר | סגירת נר לא חזקה | גוף נר חלש | RS לא מספיק חזק | ציון Entry Quality נמוך (40.0 < 60.0)
2026-09-14 07:35:18,GATX,VCP Breakout,WATCHLIST,39.0,52.0,181.39999,178.53,3.0,1.043966849276584,35.0,0.8685055458260362,-0.015821334940536662,0.4770468603729762,-0.00973568454291284,31773876.75,BULL,לא מעל MA150 | MA150 לא עולה | מתחת ל-MA200 | אין פריצה מאושרת מעל הרמה | ווליום לא מאשר | סגירת נר לא חזקה | גוף נר חלש | RS לא מספיק חזק | ציון Entry Quality נמוך (39.0 < 60.0)
2026-09-14 07:35:18,GATX,Darvas Box Breakout,WATCHLIST,35.0,50.0,183.57001,178.53,2.5000000000000018,1.043966849276584,35.0,0.8685055458260362,-0.027455519558995476,0.4770468603729762,-0.00973568454291284,31773876.75,BULL,לא מעל MA150 | MA150 לא עולה | מתחת ל-MA200 | אין פריצה מאושרת מעל הרמה | ווליום לא מאשר | סגירת נר לא חזקה | גוף נר חלש | RS לא מספיק חזק | ציון Entry Quality נמוך (35.0 < 60.0)
2026-09-14 07:35:25,CRL,EMA21/MA50 Pullback Bounce,WATCHLIST,69.0,100.0,275.88,278.26001,2.9535804910611825,0.9122673575622162,98.6,0.9174112624048004,0.00862697549659282,0.551365935777648,0.37402036277286277,234133537.61420003,BULL,ווליום לא מאשר | סגירת נר לא חזקה
2026-09-14 07:35:29,SAP,EMA21/MA50 Pullback Bounce,WATCHLIST,44.0,57.0,208.10001,206.36,4.5620840939722145,0.7158477335857929,35.3,0.7334115221949746,-0.008361412380518308,0.5641011669909247,0.13119964438541765,495888239.00000006,BULL,אין פריצה מאושרת מעל הרמה | ווליום לא מאשר | סגירת נר לא חזקה | RS לא מספיק חזק | רחוק מדי משיא 52 שבועות | ציון Entry Quality נמוך (44.0 < 60.0)
2026-09-14 07:35:39,PGEN,EMA21/MA50 Pullback Bounce,WATCHLIST,72.0,100.0,6.73,6.85,2.5386635541289775,0.44959664196235327,98.8,0.8873056994818652,0.017830609212481308,0.5624999999999987,0.4073800131492437,31332585.0,BULL,ווליום לא מאשר | סגירת נר לא חזקה
2026-09-14 07:35:42,RES,EMA21/MA50 Pullback Bounce,WATCHLIST,34.0,68.0,6.66,6.45,2.5,1.1671909745743176,49.3,0.7904411764705882,-0.03153153153153153,0.3333333333333333,-0.005489083508079381,9093177.75,BULL,לא מעל MA150 | אין פריצה מאושרת מעל הרמה | ווליום לא מאשר | סגירת נר לא חזקה | גוף נר חלש | RS לא מספיק חזק | ציון Entry Quality נמוך (34.0 < 60.0)
2026-09-14 07:35:49,DNOW,EMA21/MA50 Pullback Bounce,WATCHLIST,40.0,78.0,16.115,15.65,3.5513804559514184,0.9990497846651318,50.8,0.9067207415990729,-0.028855103940428055,0.48529411764706176,0.1501658486973774,33104601.5,BULL,אין פריצה מאושרת מעל הרמה | ווליום לא מאשר | סגירת נר לא חזקה | גוף נר חלש | RS לא מספיק חזק | ציון Entry Quality נמוך (40.0 < 60.0)
2026-09-14 07:35:53,RNW,Flat Base / Rectangle Breakout,WATCHLIST,48.0,75.0,6.88,6.83,11.740166865315864,0.6378897671773661,36.4,0.8288834951456311,-0.00726744186046509,0.0,0.17493921739529333,18676532.55,BULL,אין פריצה מאושרת מעל הרמה | ווליום לא מאשר | סגירת נר לא חזקה | RS לא מספיק חזק | ציון Entry Quality נמוך (48.0 < 60.0)
2026-09-14 07:35:53,RNW,Darvas Box Breakout,WATCHLIST,44.0,70.0,6.88,6.83,2.5,0.6378897671773661,36.4,0.8288834951456311,-0.00726744186046509,0.0,0.17493921739529333,18676532.55,BULL,אין פריצה מאושרת מעל הרמה | ווליום לא מאשר | סגירת נר לא חזקה | RS לא מספיק חזק | ציון Entry Quality נמוך (44.0 < 60.0)
2026-09-14 07:35:53,RNW,VCP Breakout,WATCHLIST,48.0,68.0,6.88,6.83,3.0,0.6378897671773661,36.4,0.8288834951456311,-0.00726744186046509,0.0,0.17493921739529333,18676532.55,BULL,אין פריצה מאושרת מעל הרמה | ווליום לא מאשר | סגירת נר לא חזקה | RS לא מספיק חזק | ציון Entry Quality נמוך (48.0 < 60.0)
2026-09-14 07:36:06,NEOG,EMA21/MA50 Pullback Bounce,WATCHLIST,54.0,92.0,11.87,11.78,2.5,0.8947489945283009,97.9,0.9167315175097276,-0.007582139848357192,0.33333333333333137,0.17928935636295684,21938011.799999997,BULL,אין פריצה מאושרת מעל הרמה | ווליום לא מאשר | סגירת נר לא חזקה | ציון Entry Quality נמוך (54.0 < 60.0)
2026-09-14 07:36:10,HOG,EMA21/MA50 Pullback Bounce,WATCHLIST,54.0,90.0,26.98,27.87,2.5,0.8364858830368954,49.8,0.8918400000000001,0.032987398072646425,0.9130434782608716,0.17821299397204404,49617100.35,BULL,המחיר כבר רחוק מדי מהכניסה | ווליום לא מאשר | RS לא מספיק חזק | ציון Entry Quality נמוך (54.0 < 60.0)
2026-09-14 07:36:14,FRHC,EMA21/MA50 Pullback Bounce,WATCHLIST,63.0,86.0,164.42999,165.5,2.5,0.4237382968406132,54.7,0.9342365754578931,0.006507389558315951,0.5112533617320112,0.13527440828208923,22184447.5,BULL,ווליום לא מאשר | סגירת נר לא חזקה | RS לא מספיק חזק
2026-09-14 07:36:18,DIOD,VCP Breakout,WATCHLIST,69.0,100.0,95.81,95.010002,3.0,0.6884784370601033,86.4,0.7541074847210096,-0.008349838221480036,0.8291576309794977,0.055602571174294166,66819584.30658,BULL,אין פריצה מאושרת מעל הרמה | ווליום לא מאשר
2026-09-14 07:36:18,DIOD,EMA21/MA50 Pullback Bounce,WATCHLIST,69.0,100.0,92.55,95.010002,2.499999999999999,0.6884784370601033,86.4,0.7541074847210096,0.026580248514316618,0.8291576309794977,0.055602571174294166,66819584.30658,BULL,ווליום לא מאשר | R:R נמוך מדי
2026-09-14 07:36:28,ARDT,EMA21/MA50 Pullback Bounce,WATCHLIST,31.0,63.0,11.22,10.98,2.5000000000000018,0.9741960653179513,34.4,0.7093023255813954,-0.021390374331550818,0.49019607843137447,0.1158007411572623,3940282.8000000003,BULL,אין פריצה מאושרת מעל הרמה | ווליום לא מאשר | סגירת נר לא חזקה | RS לא מספיק חזק | רחוק מדי משיא 52 שבועות | נזילות דולרית נמוכה | ציון Entry Quality נמוך (31.0 < 60.0)
2026-09-14 07:36:32,IOSP,EMA21/MA50 Pullback Bounce,WATCHLIST,41.0,78.0,94.35,93.23,2.5,0.8325840077263796,56.5,0.9643152668597434,-0.011870694223635299,0.5121951219512257,0.1410972073309741,13997086.05,BULL,אין פריצה מאושרת מעל הרמה | ווליום לא מאשר | סגירת נר לא חזקה | RS לא מספיק חזק | ציון Entry Quality נמוך (41.0 < 60.0)
2026-09-14 07:36:36,TEL,VCP Breakout,WATCHLIST,49.0,64.0,212.32001,211.96001,3.0,0.8894903700362142,30.9,0.8392461593284765,-0.0016955538010759571,0.7549019607843143,0.0036533402390509302,422876116.95075,BULL,MA150 לא עולה | מתחת ל-MA200 | אין פריצה מאושרת מעל הרמה | ווליום לא מאשר | RS לא מספיק חזק | ציון Entry Quality נמוך (49.0 < 60.0)
2026-09-14 07:36:36,TEL,EMA21/MA50 Pullback Bounce,WATCHLIST,40.0,75.0,205.13,211.96001,2.5,0.8894903700362142,30.9,0.8392461593284765,0.03329600740993524,0.7549019607843143,0.0036533402390509302,422876116.95075,BULL,MA150 לא עולה | מתחת ל-MA200 | המחיר כבר רחוק מדי מהכניסה | ווליום לא מאשר | RS לא מספיק חזק | ציון Entry Quality נמוך (40.0 < 60.0)
2026-09-14 07:36:40,CE,EMA21/MA50 Pullback Bounce,WATCHLIST,32.0,50.0,46.6,46.09,2.5000000000000013,1.4403140283505704,14.9,0.651909476661952,-0.010944206008583647,0.009801999223529376,-0.13420753602944985,64931131.1,BULL,לא מעל MA150 | MA150 לא עולה | מתחת ל-MA200 | אין פריצה מאושרת מעל הרמה | סגירת נר לא חזקה | גוף נר חלש | RS לא מספיק חזק | רחוק מדי משיא 52 שבועות | ציון Entry Quality נמוך (32.0 < 60.0)
2026-09-14 07:36:44,SNOW,EMA21/MA50 Pullback Bounce,WATCHLIST,53.0,91.0,341.45001,328.98999,9.91431080730784,0.8549829226350112,96.2,0.8554971655918452,-0.03649149109704241,0.5536759443339946,0.4873821415434256,1726597040.76825,BULL,אין פריצה מאושרת מעל הרמה | ווליום לא מאשר | סגירת נר לא חזקה | גוף נר חלש | ציון Entry Quality נמוך (53.0 < 60.0)
2026-09-14 07:36:54,HCI,EMA21/MA50 Pullback Bounce,WATCHLIST,43.0,88.0,190.53999,185.73,4.291081028564044,1.137744894492469,45.4,0.8823277909738717,-0.025243992087960115,0.48576214405359763,0.11262383289547442,24600867.15,BULL,אין פריצה מאושרת מעל הרמה | ווליום לא מאשר | סגירת נר לא חזקה | RS לא מספיק חזק | ציון Entry Quality נמוך (43.0 < 60.0)
2026-09-14 07:36:58,BCH,EMA21/MA50 Pullback Bounce,WATCHLIST,42.0,70.0,42.24,41.72,2.5,1.1974035621429455,62.0,0.8920248022236476,-0.012310606060606135,0.3442622950819689,0.05117286852721257,11794035.4,BULL,MA150 לא עולה | אין פריצה מאושרת מעל הרמה | ווליום לא מאשר | סגירת נר לא חזקה | RS לא מספיק חזק | ציון Entry Quality נמוך (42.0 < 60.0)
2026-09-14 07:37:01,KD,EMA21/MA50 Pullback Bounce,WATCHLIST,46.0,63.0,13.12,13.15,2.4999999999999987,0.7677189296771341,8.8,0.3988474370639976,0.002286585365853745,0.9411764705882365,0.03859519797809621,47571440.0,BULL,MA150 לא עולה | מתחת ל-MA200 | ווליום לא מאשר | RS לא מספיק חזק | רחוק מדי משיא 52 שבועות | R:R נמוך מדי | ציון Entry Quality נמוך (46.0 < 60.0)
2026-09-14 07:37:05,PAYC,EMA21/MA50 Pullback Bounce,WATCHLIST,61.0,97.0,219.12,218.91,4.119615851115604,0.825873520069304,89.7,0.893583149644869,-0.0009583789704271995,0.6713612709116917,0.4715365784730586,147826639.35,BULL,אין פריצה מאושרת מעל הרמה | ווליום לא מאשר
2026-09-14 07:37:08,BOW,VCP Breakout,WATCHLIST,57.0,90.0,33.93,33.67,3.0,0.6425977355265969,75.6,0.9600798403193613,-0.007662835249042087,0.1875000000000111,0.2185559258553578,11820695.25,BULL,אין פריצה מאושרת מעל הרמה | ווליום לא מאשר | סגירת נר לא חזקה | גוף נר חלש | ציון Entry Quality נמוך (57.0 < 60.0)
2026-09-14 07:37:09,BOW,Darvas Box Breakout,WATCHLIST,53.0,88.0,33.93,33.67,2.5,0.6425977355265969,75.6,0.9600798403193613,-0.007662835249042087,0.1875000000000111,0.2185559258553578,11820695.25,BULL,אין פריצה מאושרת מעל הרמה | ווליום לא מאשר | סגירת נר לא חזקה | גוף נר חלש | ציון Entry Quality נמוך (53.0 < 60.0)
2026-09-14 07:37:15,USPH,VCP Breakout,WATCHLIST,46.0,69.0,80.36,78.72,3.0,0.9657985566363351,40.9,0.8419251336898396,-0.02040816326530613,0.4322569656586427,0.06244089811474078,12544032.0,BULL,MA150 לא עולה | אין פריצה מאושרת מעל הרמה | ווליום לא מאשר | סגירת נר לא חזקה | גוף נר חלש | RS לא מספיק חזק | ציון Entry Quality נמוך (46.0 < 60.0)
2026-09-14 07:37:16,USPH,EMA21/MA50 Pullback Bounce,WATCHLIST,39.0,67.0,79.2,78.72,2.5,0.9657985566363351,40.9,0.8419251336898396,-0.006060606060606111,0.4322569656586427,0.06244089811474078,12544032.0,BULL,MA150 לא עולה | אין פריצה מאושרת מעל הרמה | ווליום לא מאשר | סגירת נר לא חזקה | גוף נר חלש | RS לא מספיק חזק | ציון Entry Quality נמוך (39.0 < 60.0)
2026-09-14 07:37:19,TWLO,EMA21/MA50 Pullback Bounce,WATCHLIST,56.0,95.0,234.37,227.35001,4.697913872813996,0.6768586138013545,99.0,0.879997561475965,-0.0299525963220549,0.08285491040861886,0.2847139848060701,419963211.9721,BULL,אין פריצה מאושרת מעל הרמה | ווליום לא מאשר | סגירת נר לא חזקה | ציון Entry Quality נמוך (56.0 < 60.0)
2026-09-14 07:37:23,HAL,EMA21/MA50 Pullback Bounce,WATCHLIST,42.0,65.0,37.57,35.84,2.5,0.9247208949266847,69.4,0.82220692819454,-0.04604737822730894,0.35514018691589017,-0.021549213264083867,384332390.40000004,BULL,לא מעל MA150 | אין פריצה מאושרת מעל הרמה | ווליום לא מאשר | סגירת נר לא חזקה | RS לא מספיק חזק | ציון Entry Quality נמוך (42.0 < 60.0)
2026-09-14 07:37:27,PSNL,EMA21/MA50 Pullback Bounce,WATCHLIST,64.0,95.0,16.49,16.21,9.241379310344797,0.38063341512307686,99.0,0.8581259925886713,-0.01697998787143709,0.05128205128205058,0.5688260762170433,59919778.7,BULL,אין פריצה מאושרת מעל הרמה | ווליום לא מאשר | סגירת נר לא חזקה
2026-09-14 07:37:31,SKM,EMA21/MA50 Pullback Bounce,WATCHLIST,64.0,100.0,37.59,37.87,2.500000000000002,0.414156123498684,87.6,0.8026706231454005,0.00744878957169444,0.4878024985243887,0.0933479113691297,70865184.25,BULL,ווליום לא מאשר | סגירת נר לא חזקה | גוף נר חלש
2026-09-14 07:37:38,JBHT,EMA21/MA50 Pullback Bounce,WATCHLIST,58.0,100.0,270.20001,270.45001,2.5000000000000018,1.0532804493066754,91.3,0.9022217806838211,0.0009252405283034593,0.7794143289614991,0.06831843440383216,217175414.78015003,BULL,אין פריצה מאושרת מעל הרמה | ווליום לא מאשר | גוף נר חלש | ציון Entry Quality נמוך (58.0 < 60.0)
2026-09-14 07:37:42,DUOL,EMA21/MA50 Pullback Bounce,WATCHLIST,36.0,68.0,145.7,143.67999,3.355748876815747,0.8106409026238295,20.6,0.40702546742209633,-0.013864172958133048,0.4369898373983756,0.22236906267501463,173697613.5108,BULL,אין פריצה מאושרת מעל הרמה | ווליום לא מאשר | סגירת נר לא חזקה | גוף נר חלש | RS לא מספיק חזק | רחוק מדי משיא 52 שבועות | ציון Entry Quality נמוך (36.0 < 60.0)
2026-09-14 07:37:46,B,EMA21/MA50 Pullback Bounce,WATCHLIST,56.0,83.0,43.96,43.68,4.990859232175498,0.7326565807382808,72.3,0.7986834887547998,-0.006369426751592382,0.2991452991452999,0.046134000067273875,456666974.4,BULL,MA150 לא עולה | אין פריצה מאושרת מעל הרמה | ווליום לא מאשר | סגירת נר לא חזקה | ציון Entry Quality נמוך (56.0 < 60.0)
2026-09-14 07:37:50,NTNX,EMA21/MA50 Pullback Bounce,WATCHLIST,54.0,75.0,67.99,65.92,9.861646895031477,0.5482888886492626,65.5,0.7998058723610774,-0.03044565377261352,0.40119760479041977,0.3367138716114059,183396691.20000002,BULL,אין פריצה מאושרת מעל הרמה | ווליום לא מאשר | סגירת נר לא חזקה | גוף נר חלש | RS לא מספיק חזק | ציון Entry Quality נמוך (54.0 < 60.0)
2026-09-14 07:37:57,CLF,EMA21/MA50 Pullback Bounce,WATCHLIST,48.0,60.0,12.08,12.06,2.5,0.9364395674311753,36.2,0.7221556886227546,-0.0016556291390728123,0.6909090909090915,0.11712868902570822,166805779.5,BULL,MA150 לא עולה | אין פריצה מאושרת מעל הרמה | ווליום לא מאשר | RS לא מספיק חזק | רחוק מדי משיא 52 שבועות | ציון Entry Quality נמוך (48.0 < 60.0)
2026-09-14 07:38:00,HL,EMA21/MA50 Pullback Bounce,WATCHLIST,55.0,81.0,20.53,19.78,6.411547499160749,0.6979814604998821,92.5,0.578870354111794,-0.03653190452995616,0.08000000000000185,0.07640010169227399,654848745.8000001,BULL,MA150 לא עולה | אין פריצה מאושרת מעל הרמה | ווליום לא מאשר | סגירת נר לא חזקה | רחוק מדי משיא 52 שבועות | ציון Entry Quality נמוך (55.0 < 60.0)
2026-09-14 07:38:04,VIR,EMA21/MA50 Pullback Bounce,WATCHLIST,55.0,100.0,10.785,10.62,5.939257592800882,1.0765584323071145,96.6,0.8894472361809045,-0.015299026425591184,0.42105263157894574,0.1275561123733888,20498989.5,BULL,אין פריצה מאושרת מעל הרמה | ווליום לא מאשר | סגירת נר לא חזקה | גוף נר חלש | ציון Entry Quality נמוך (55.0 < 60.0)
2026-09-14 07:38:08,HOPE,VCP Breakout,WATCHLIST,52.0,75.0,14.22,13.94,3.0,0.9256424870798138,62.8,0.9554489376285127,-0.019690576652602047,0.38235294117646784,0.0963199094002485,10883724.7,BULL,אין פריצה מאושרת מעל הרמה | ווליום לא מאשר | סגירת נר לא חזקה | RS לא מספיק חזק | ציון Entry Quality נמוך (52.0 < 60.0)
2026-09-14 07:38:08,HOPE,EMA21/MA50 Pullback Bounce,WATCHLIST,40.0,69.0,13.96,13.94,2.499999999999998,0.9256424870798138,62.8,0.9554489376285127,-0.001432664756447088,0.38235294117646784,0.0963199094002485,10883724.7,BULL,אין פריצה מאושרת מעל הרמה | ווליום לא מאשר | סגירת נר לא חזקה | RS לא מספיק חזק | R:R נמוך מדי | ציון Entry Quality נמוך (40.0 < 60.0)
2026-09-14 07:38:12,ITRN,EMA21/MA50 Pullback Bounce,WATCHLIST,55.0,84.0,52.29,52.67,2.5,0.4621342512908778,52.7,0.7711566617862372,0.007267163893669967,0.7936507936507994,-0.04140736734790642,6120254.0,BULL,לא מעל MA150 | ווליום לא מאשר | RS לא מספיק חזק | ציון Entry Quality נמוך (55.0 < 60.0)
2026-09-14 07:38:12,ITRN,VCP Breakout,WATCHLIST,54.0,72.0,52.8,52.67,3.0,0.4621342512908778,52.7,0.7711566617862372,-0.002462121212121126,0.7936507936507994,-0.04140736734790642,6120254.0,BULL,לא מעל MA150 | אין פריצה מאושרת מעל הרמה | ווליום לא מאשר | RS לא מספיק חזק | ציון Entry Quality נמוך (54.0 < 60.0)
2026-09-14 07:38:15,RACE,EMA21/MA50 Pullback Bounce,WATCHLIST,55.0,87.0,411.34,413.78,2.4999999999999982,0.7097913677006292,39.3,0.8201946682827146,0.00593183254728448,0.7409491391340833,0.13211470455849367,149937320.79999998,BULL,ווליום לא מאשר | RS לא מספיק חזק | R:R נמוך מדי | ציון Entry Quality נמוך (55.0 < 60.0)
2026-09-14 07:38:22,DOCS,EMA21/MA50 Pullback Bounce,WATCHLIST,53.0,74.0,25.035,25.58,8.264675961083805,0.9318731303174161,12.0,0.3343353809959482,0.021769522668264357,0.854368932038833,0.0963859546607771,74008183.89999999,BULL,MA150 לא עולה | מתחת ל-MA200 | ווליום לא מאשר | RS לא מספיק חזק | רחוק מדי משיא 52 שבועות | ציון Entry Quality נמוך (53.0 < 60.0)
2026-09-14 07:38:32,VYX,EMA21/MA50 Pullback Bounce,WATCHLIST,53.0,81.0,8.32,8.55,3.055635629864511,0.8932488959189646,22.6,0.6333333333333334,0.02764423076923082,0.8125000000000004,0.11409360992390288,22351110.75,BULL,MA150 לא עולה | ווליום לא מאשר | RS לא מספיק חזק | רחוק מדי משיא 52 שבועות | ציון Entry Quality נמוך (53.0 < 60.0)
2026-09-14 07:38:40,AR,EMA21/MA50 Pullback Bounce,WATCHLIST,42.0,75.0,39.55,38.43,2.5,0.8627100340965976,46.3,0.84,-0.028318584070796397,0.09183673469387407,0.03750832412820997,122064056.1,BULL,אין פריצה מאושרת מעל הרמה | ווליום לא מאשר | סגירת נר לא חזקה | RS לא מספיק חזק | ציון Entry Quality נמוך (42.0 < 60.0)
2026-09-14 07:38:44,KMX,EMA21/MA50 Pullback Bounce,WATCHLIST,47.0,70.0,61.0,61.32,2.4999999999999987,0.8144600611716352,61.2,0.9393382352941176,0.005245901639344267,0.39610389610389596,0.2681544073232374,102046904.4,BULL,ווליום לא מאשר | סגירת נר לא חזקה | גוף נר חלש | RS לא מספיק חזק | R:R נמוך מדי | ציון Entry Quality נמוך (47.0 < 60.0)
2026-09-14 07:38:47,WBD,EMA21/MA50 Pullback Bounce,WATCHLIST,49.0,100.0,28.34,28.040001,3.487276990254166,0.7267458399019092,83.3,0.9346667,-0.010585709244883546,0.11111269841270005,0.026898125403911264,500251142.840625,BULL,אין פריצה מאושרת מעל הרמה | ווליום לא מאשר | סגירת נר לא חזקה | ציון Entry Quality נמוך (49.0 < 60.0)
2026-09-14 07:38:51,VERA,EMA21/MA50 Pullback Bounce,WATCHLIST,63.0,77.0,34.29,35.049999,3.4869793038807875,1.8918562035812074,58.1,0.62533451606306,0.02216386701662294,0.8441551948051951,-0.06616094847120102,70340616.243135,BULL,לא מעל MA150 | MA150 לא עולה | מתחת ל-MA200 | RS לא מספיק חזק | רחוק מדי משיא 52 שבועות
2026-09-14 07:38:55,GAP,EMA21/MA50 Pullback Bounce,WATCHLIST,51.0,66.0,21.26,21.51,4.747938686292959,0.574778634428092,18.9,0.7326294277929156,0.011759172154280339,0.7924528301886807,-0.05924442150748309,186019017.75,BULL,לא מעל MA150 | MA150 לא עולה | מתחת ל-MA200 | ווליום לא מאשר | RS לא מספיק חזק | רחוק מדי משיא 52 שבועות | ציון Entry Quality נמוך (51.0 < 60.0)
2026-09-14 07:38:59,SENEA,EMA21/MA50 Pullback Bounce,WATCHLIST,54.0,92.0,193.60001,190.62,2.7364030367550454,0.6761446322623978,89.6,0.9077142857142857,-0.015392612841290622,0.3898601398601412,0.21276257224334869,17028084.6,BULL,אין פריצה מאושרת מעל הרמה | ווליום לא מאשר | סגירת נר לא חזקה | ציון Entry Quality נמוך (54.0 < 60.0)
2026-09-14 07:39:02,LQDT,EMA21/MA50 Pullback Bounce,WATCHLIST,61.0,100.0,41.85,42.49,2.499999999999999,0.5387237720266961,88.5,0.9637105919709684,0.015292712066905629,0.7375000000000004,0.18137382987998388,8849392.3,BULL,ווליום לא מאשר | R:R נמוך מדי
2026-09-14 07:39:22,CNO,EMA21/MA50 Pullback Bounce,WATCHLIST,60.0,97.0,55.18,54.94,3.1478291857219256,1.8787180021832721,77.2,0.9539850668518839,-0.004349401957230917,0.28813559322033594,0.14843377593853058,44792032.6,BULL,אין פריצה מאושרת מעל הרמה | סגירת נר לא חזקה
2026-09-14 07:39:29,WMG,EMA21/MA50 Pullback Bounce,WATCHLIST,31.0,54.0,28.38,28.33,2.5000000000000018,0.9777584798295179,19.3,0.7998306041784302,-0.0017618040873855077,0.3584905660377324,-0.0011059638647688008,49586848.9,BULL,לא מעל MA150 | MA150 לא עולה | מתחת ל-MA200 | אין פריצה מאושרת מעל הרמה | ווליום לא מאשר | סגירת נר לא חזקה | גוף נר חלש | RS לא מספיק חזק | ציון Entry Quality נמוך (31.0 < 60.0)
2026-09-14 07:39:36,CRCT,EMA21/MA50 Pullback Bounce,WATCHLIST,46.0,73.0,5.545,5.62,2.5000000000000013,0.8457525836622226,51.7,0.810966810966811,0.013525698827772801,0.5217391304347822,0.22800372916909442,4293314.7,BULL,ווליום לא מאשר | סגירת נר לא חזקה | RS לא מספיק חזק | נזילות דולרית נמוכה | ציון Entry Quality נמוך (46.0 < 60.0)
2026-09-14 07:39:49,ADI,VCP Breakout,WATCHLIST,63.0,80.0,384.95001,378.78,3.0,0.7957680360990822,69.9,0.8494539256800698,-0.01602808115266719,0.894807519845219,0.017464713033453653,1373715744.3,BULL,אין פריצה מאושרת מעל הרמה | ווליום לא מאשר | RS לא מספיק חזק
2026-09-14 07:39:49,ADI,EMA21/MA50 Pullback Bounce,WATCHLIST,54.0,92.0,363.35999,378.78,2.5,0.7957680360990822,69.9,0.8494539256800698,0.04243728100058565,0.894807519845219,0.017464713033453653,1373715744.3,BULL,המחיר כבר רחוק מדי מהכניסה | ווליום לא מאשר | RS לא מספיק חזק | ציון Entry Quality נמוך (54.0 < 60.0)
2026-09-14 07:40:00,SSNC,EMA21/MA50 Pullback Bounce,WATCHLIST,57.0,84.0,79.45,80.27,2.5,0.9594482721786038,38.0,0.8893197429647683,0.010320956576463099,0.8703703703703658,0.1178741967197925,120231616.8,BULL,ווליום לא מאשר | RS לא מספיק חזק | ציון Entry Quality נמוך (57.0 < 60.0)
2026-09-14 07:40:03,NOV,EMA21/MA50 Pullback Bounce,WATCHLIST,55.0,98.0,21.67,21.1,2.5,1.138086481798348,76.5,0.9621523027815778,-0.026303645592985706,0.41558441558441617,0.06400145228634253,62766803.00000001,BULL,אין פריצה מאושרת מעל הרמה | ווליום לא מאשר | סגירת נר לא חזקה | ציון Entry Quality נמוך (55.0 < 60.0)
2026-09-14 07:40:07,EXEL,EMA21/MA50 Pullback Bounce,WATCHLIST,56.0,93.0,58.33,56.12,2.5,1.4253289192391796,77.4,0.9397186872069658,-0.03788787930738901,0.5451388888888885,0.13583618567015612,114848177.0,BULL,אין פריצה מאושרת מעל הרמה | סגירת נר לא חזקה | גוף נר חלש | ציון Entry Quality נמוך (56.0 < 60.0)
2026-09-14 07:40:11,CAMT,EMA21/MA50 Pullback Bounce,WATCHLIST,47.0,60.0,146.63,147.97,3.6769659223003917,0.6286712613319027,67.8,0.6850779811529246,0.00913864829843827,0.6172820454257834,-0.09078508137961534,53781916.05,BULL,לא מעל MA150 | מתחת ל-MA200 | ווליום לא מאשר | סגירת נר לא חזקה | גוף נר חלש | RS לא מספיק חזק | רחוק מדי משיא 52 שבועות | ציון Entry Quality נמוך (47.0 < 60.0)
2026-09-14 07:40:21,ESTC,EMA21/MA50 Pullback Bounce,WATCHLIST,52.0,92.0,88.24,83.39,61.9821181211423,0.7087986514554047,74.8,0.7721296296296296,-0.054963735267452345,0.47509578544061115,0.3701233488461939,277029919.0,BULL,אין פריצה מאושרת מעל הרמה | ווליום לא מאשר | סגירת נר לא חזקה | גוף נר חלש | ציון Entry Quality נמוך (52.0 < 60.0)
2026-09-14 07:40:41,BVN,EMA21/MA50 Pullback Bounce,WATCHLIST,46.0,73.0,34.77,34.040001,2.980023269551663,0.6977678220220029,78.2,0.7620327065144391,-0.0209950819672133,0.16560573248407354,-0.004914980495608546,41105513.807564996,BULL,לא מעל MA150 | MA150 לא עולה | אין פריצה מאושרת מעל הרמה | ווליום לא מאשר | סגירת נר לא חזקה | ציון Entry Quality נמוך (46.0 < 60.0)
2026-09-14 07:40:45,PGNY,EMA21/MA50 Pullback Bounce,WATCHLIST,43.0,77.0,27.6,27.35,2.83299410102612,1.2155365217646081,65.5,0.8271586519630623,-0.009057971014492754,0.07692307692307752,0.152892841978949,28003938.5,BULL,אין פריצה מאושרת מעל הרמה | ווליום לא מאשר | סגירת נר לא חזקה | גוף נר חלש | RS לא מספיק חזק | ציון Entry Quality נמוך (43.0 < 60.0)
2026-09-14 07:40:45,PGNY,Darvas Box Breakout,WATCHLIST,48.0,70.0,27.61,27.35,2.500000000000001,1.2155365217646081,65.5,0.8271586519630623,-0.009416877942774285,0.07692307692307752,0.152892841978949,28003938.5,BULL,אין פריצה מאושרת מעל הרמה | ווליום לא מאשר | סגירת נר לא חזקה | גוף נר חלש | RS לא מספיק חזק | ציון Entry Quality נמוך (48.0 < 60.0)
2026-09-14 07:40:45,PGNY,VCP Breakout,WATCHLIST,50.0,68.0,27.61,27.35,3.0,1.2155365217646081,65.5,0.8271586519630623,-0.009416877942774285,0.07692307692307752,0.152892841978949,28003938.5,BULL,אין פריצה מאושרת מעל הרמה | ווליום לא מאשר | סגירת נר לא חזקה | גוף נר חלש | RS לא מספיק חזק | ציון Entry Quality נמוך (50.0 < 60.0)
2026-09-14 07:40:52,MRK,EMA21/MA50 Pullback Bounce,WATCHLIST,63.0,100.0,148.0,143.92999,23.597603582545595,0.7822941296840337,91.3,0.917218901351007,-0.027500067567567545,0.11261261261261267,0.1619895452434589,1596654240.1673,BULL,אין פריצה מאושרת מעל הרמה | ווליום לא מאשר | סגירת נר לא חזקה
2026-09-14 07:41:02,ALNY,EMA21/MA50 Pullback Bounce,WATCHLIST,32.0,52.0,256.67999,248.67999,21.136339555967794,0.6799424766239092,4.1,0.5018262436046059,-0.03116721330712212,0.33085415348126973,-0.14646458429264816,430581942.2853,BULL,לא מעל MA150 | MA150 לא עולה | מתחת ל-MA200 | אין פריצה מאושרת מעל הרמה | ווליום לא מאשר | סגירת נר לא חזקה | גוף נר חלש | RS לא מספיק חזק | רחוק מדי משיא 52 שבועות | ציון Entry Quality נמוך (32.0 < 60.0)
2026-09-14 07:41:09,MO,EMA21/MA50 Pullback Bounce,WATCHLIST,48.0,76.0,69.18,68.98,4.214918101199782,0.7318811625810211,28.9,0.8951466622150706,-0.002891008962127823,0.34615384615384825,0.00032290330508235346,599054740.6,BULL,אין פריצה מאושרת מעל הרמה | ווליום לא מאשר | סגירת נר לא חזקה | גוף נר חלש | RS לא מספיק חזק | ציון Entry Quality נמוך (48.0 < 60.0)
2026-09-14 07:41:09,MO,Darvas Box Breakout,WATCHLIST,53.0,72.0,70.53,68.98,4.256651017214392,0.7318811625810211,28.9,0.8951466622150706,-0.021976463916064046,0.34615384615384825,0.00032290330508235346,599054740.6,BULL,אין פריצה מאושרת מעל הרמה | ווליום לא מאשר | סגירת נר לא חזקה | גוף נר חלש | RS לא מספיק חזק | ציון Entry Quality נמוך (53.0 < 60.0)
2026-09-14 07:41:09,MO,VCP Breakout,WATCHLIST,53.0,72.0,70.53,68.98,3.0,0.7318811625810211,28.9,0.8951466622150706,-0.021976463916064046,0.34615384615384825,0.00032290330508235346,599054740.6,BULL,אין פריצה מאושרת מעל הרמה | ווליום לא מאשר | סגירת נר לא חזקה | גוף נר חלש | RS לא מספיק חזק | ציון Entry Quality נמוך (53.0 < 60.0)
2026-09-14 07:41:13,WEX,EMA21/MA50 Pullback Bounce,WATCHLIST,65.0,97.0,191.050003,191.52,2.5000000000000018,0.7559655103268498,73.0,0.9388695064037694,0.002460073240616523,0.5990783410138336,0.18845795707177196,95511024.0,BULL,ווליום לא מאשר | סגירת נר לא חזקה
2026-09-14 07:41:17,ICL,EMA21/MA50 Pullback Bounce,WATCHLIST,35.0,70.0,5.8,5.66,2.4999999999999956,1.2349221246452593,24.1,0.8120516499282641,-0.024137931034482703,0.25000000000000555,0.03465925709271725,6332266.5,BULL,אין פריצה מאושרת מעל הרמה | ווליום לא מאשר | סגירת נר לא חזקה | גוף נר חלש | RS לא מספיק חזק | R:R נמוך מדי | ציון Entry Quality נמוך (35.0 < 60.0)
2026-09-14 07:41:20,BNY,VCP Breakout,WATCHLIST,61.0,99.0,165.84,162.66,3.0,0.8849353726295328,86.6,0.9808248914616498,-0.019175108538350256,0.24188790560471873,0.16589892334858208,416734106.7,BULL,אין פריצה מאושרת מעל הרמה | ווליום לא מאשר | סגירת נר לא חזקה
2026-09-14 07:41:20,BNY,Flat Base / Rectangle Breakout,WATCHLIST,61.0,98.0,165.84,162.66,4.284604835620996,0.8849353726295328,86.6,0.9808248914616498,-0.019175108538350256,0.24188790560471873,0.16589892334858208,416734106.7,BULL,אין פריצה מאושרת מעל הרמה | ווליום לא מאשר | סגירת נר לא חזקה
2026-09-14 07:41:20,BNY,Darvas Box Breakout,WATCHLIST,61.0,95.0,165.84,162.66,4.284604835620996,0.8849353726295328,86.6,0.9808248914616498,-0.019175108538350256,0.24188790560471873,0.16589892334858208,416734106.7,BULL,אין פריצה מאושרת מעל הרמה | ווליום לא מאשר | סגירת נר לא חזקה
2026-09-14 07:41:25,VNOM,Flat Base / Rectangle Breakout,WATCHLIST,44.0,70.0,46.0,44.71,6.116150752828962,0.678293909593808,39.8,0.8744377078036377,-0.02804347826086955,0.5396825396825429,-0.007967031238806276,58717419.45,BULL,לא מעל MA150 | אין פריצה מאושרת מעל הרמה | ווליום לא מאשר | סגירת נר לא חזקה | גוף נר חלש | RS לא מספיק חזק | ציון Entry Quality נמוך (44.0 < 60.0)
2026-09-14 07:41:25,VNOM,Darvas Box Breakout,WATCHLIST,44.0,64.0,46.0,44.71,6.01327971570187,0.678293909593808,39.8,0.8744377078036377,-0.02804347826086955,0.5396825396825429,-0.007967031238806276,58717419.45,BULL,לא מעל MA150 | אין פריצה מאושרת מעל הרמה | ווליום לא מאשר | סגירת נר לא חזקה | גוף נר חלש | RS לא מספיק חזק | ציון Entry Quality נמוך (44.0 < 60.0)
2026-09-14 07:41:25,VNOM,EMA21/MA50 Pullback Bounce,WATCHLIST,37.0,62.0,46.0,44.71,2.5,0.678293909593808,39.8,0.8744377078036377,-0.02804347826086955,0.5396825396825429,-0.007967031238806276,58717419.45,BULL,לא מעל MA150 | אין פריצה מאושרת מעל הרמה | ווליום לא מאשר | סגירת נר לא חזקה | גוף נר חלש | RS לא מספיק חזק | ציון Entry Quality נמוך (37.0 < 60.0)
2026-09-14 07:41:29,MDLZ,EMA21/MA50 Pullback Bounce,WATCHLIST,37.0,65.0,62.62,62.44,2.4999999999999982,0.7828262232934076,33.0,0.936834208552138,-0.002874480996486741,0.3333333333333299,0.03479020733156729,444044557.59999996,BULL,אין פריצה מאושרת מעל הרמה | ווליום לא מאשר | סגירת נר לא חזקה | RS לא מספיק חזק | R:R נמוך מדי | ציון Entry Quality נמוך (37.0 < 60.0)
2026-09-14 07:41:33,MSFT,EMA21/MA50 Pullback Bounce,WATCHLIST,47.0,67.0,494.51999,495.63,2.499999999999998,0.6836375046347707,57.6,0.8950914304210484,0.0022446210920613915,0.47730911219230915,0.1850626132677128,10519959870.9,BULL,ווליום לא מאשר | סגירת נר לא חזקה | גוף נר חלש | RS לא מספיק חזק | R:R נמוך מדי | ציון Entry Quality נמוך (47.0 < 60.0)
2026-09-14 07:41:43,CPAY,EMA21/MA50 Pullback Bounce,WATCHLIST,50.0,89.0,411.54001,408.22,2.5,0.9477619002555124,72.5,0.9549899629202724,-0.008067283664594284,0.016169643696699907,0.1701573489294842,172546429.60000002,BULL,אין פריצה מאושרת מעל הרמה | ווליום לא מאשר | סגירת נר לא חזקה | ציון Entry Quality נמוך (50.0 < 60.0)
2026-09-14 07:42:07,CSCO,EMA21/MA50 Pullback Bounce,WATCHLIST,68.0,100.0,109.89,112.13,2.5000000000000013,0.7992024234404409,83.6,0.8600905116207715,0.02038402038402034,0.9766839378238333,0.10479654951166024,1986232695.8,BULL,ווליום לא מאשר
2026-09-14 07:42:07,CSCO,VCP Breakout,WATCHLIST,65.0,94.0,112.95,112.13,2.9999999999999973,0.7992024234404409,83.6,0.8600905116207715,-0.007259849490925253,0.9766839378238333,0.10479654951166024,1986232695.8,BULL,אין פריצה מאושרת מעל הרמה | ווליום לא מאשר
2026-09-14 07:42:11,NXPI,EMA21/MA50 Pullback Bounce,WATCHLIST,39.0,63.0,226.92999,236.62,2.8069482762845177,1.0165918064229602,25.7,0.6960435153392112,0.0427004381395337,0.8132067799936044,-0.05574818209946976,727252753.1,BULL,לא מעל MA150 | מתחת ל-MA200 | המחיר כבר רחוק מדי מהכניסה | ווליום לא מאשר | RS לא מספיק חזק | רחוק מדי משיא 52 שבועות | ציון Entry Quality נמוך (39.0 < 60.0)
2026-09-14 07:42:11,NXPI,VCP Breakout,WATCHLIST,54.0,59.0,231.3,236.62,3.0,1.0165918064229602,25.7,0.6960435153392112,0.02300043233895371,0.8132067799936044,-0.05574818209946976,727252753.1,BULL,לא מעל MA150 | מתחת ל-MA200 | ווליום לא מאשר | RS לא מספיק חזק | רחוק מדי משיא 52 שבועות | ציון Entry Quality נמוך (54.0 < 60.0)
2026-09-14 07:42:11,NXPI,Darvas Box Breakout,WATCHLIST,46.0,51.0,238.17999,236.62,2.5000000000000013,1.0165918064229602,25.7,0.6960435153392112,-0.006549626608011862,0.8132067799936044,-0.05574818209946976,727252753.1,BULL,לא מעל MA150 | מתחת ל-MA200 | אין פריצה מאושרת מעל הרמה | ווליום לא מאשר | RS לא מספיק חזק | רחוק מדי משיא 52 שבועות | ציון Entry Quality נמוך (46.0 < 60.0)
2026-09-14 07:42:18,MFC,EMA21/MA50 Pullback Bounce,WATCHLIST,51.0,92.0,43.61,43.49,2.5,0.32276150129125625,72.9,0.9594087800573572,-0.0027516624627378456,0.490000000000002,0.1052695781719181,124112196.9,BULL,אין פריצה מאושרת מעל הרמה | ווליום לא מאשר | סגירת נר לא חזקה | ציון Entry Quality נמוך (51.0 < 60.0)
2026-09-14 07:42:18,MFC,Darvas Box Breakout,WATCHLIST,54.0,88.0,44.75,43.49,2.5,0.32276150129125625,72.9,0.9594087800573572,-0.02815642458100554,0.490000000000002,0.1052695781719181,124112196.9,BULL,אין פריצה מאושרת מעל הרמה | ווליום לא מאשר | סגירת נר לא חזקה | ציון Entry Quality נמוך (54.0 < 60.0)
2026-09-14 07:42:18,MFC,VCP Breakout,WATCHLIST,58.0,86.0,44.66,43.49,3.0,0.32276150129125625,72.9,0.9594087800573572,-0.02619793999104332,0.490000000000002,0.1052695781719181,124112196.9,BULL,אין פריצה מאושרת מעל הרמה | ווליום לא מאשר | סגירת נר לא חזקה | ציון Entry Quality נמוך (58.0 < 60.0)
2026-09-14 07:42:25,STT,Flat Base / Rectangle Breakout,WATCHLIST,69.0,100.0,195.92999,193.39999,3.0117268311941667,1.2590832386265798,94.3,0.9870872243702967,-0.012912775629703247,0.6818153409090897,0.22349921859193975,252708997.93335,BULL,אין פריצה מאושרת מעל הרמה | ווליום לא מאשר | גוף נר חלש
2026-09-14 07:42:25,STT,Darvas Box Breakout,WATCHLIST,69.0,100.0,195.92999,193.39999,3.0117268311941667,1.2590832386265798,94.3,0.9870872243702967,-0.012912775629703247,0.6818153409090897,0.22349921859193975,252708997.93335,BULL,אין פריצה מאושרת מעל הרמה | ווליום לא מאשר | גוף נר חלש
2026-09-14 07:42:25,STT,VCP Breakout,WATCHLIST,69.0,100.0,195.92999,193.39999,3.0,1.2590832386265798,94.3,0.9870872243702967,-0.012912775629703247,0.6818153409090897,0.22349921859193975,252708997.93335,BULL,אין פריצה מאושרת מעל הרמה | ווליום לא מאשר | גוף נר חלש
2026-09-14 07:42:35,CCNE,Darvas Box Breakout,WATCHLIST,42.0,68.0,35.35,34.48,2.5,0.6762480038880788,67.1,0.9532761957423278,-0.02461103253182474,0.2970297029702948,0.09260526822010726,4966154.399999999,BULL,אין פריצה מאושרת מעל הרמה | ווליום לא מאשר | סגירת נר לא חזקה | RS לא מספיק חזק | נזילות דולרית נמוכה | ציון Entry Quality נמוך (42.0 < 60.0)
2026-09-14 07:42:35,CCNE,EMA21/MA50 Pullback Bounce,WATCHLIST,39.0,68.0,34.47,34.48,2.5,0.6762480038880788,67.1,0.9532761957423278,0.0002901073397156371,0.2970297029702948,0.09260526822010726,4966154.399999999,BULL,אין פריצה מאושרת מעל הרמה | ווליום לא מאשר | סגירת נר לא חזקה | RS לא מספיק חזק | נזילות דולרית נמוכה | ציון Entry Quality נמוך (39.0 < 60.0)
2026-09-14 07:42:35,CCNE,VCP Breakout,WATCHLIST,46.0,66.0,34.94,34.48,3.0,0.6762480038880788,67.1,0.9532761957423278,-0.013165426445334884,0.2970297029702948,0.09260526822010726,4966154.399999999,BULL,אין פריצה מאושרת מעל הרמה | ווליום לא מאשר | סגירת נר לא חזקה | RS לא מספיק חזק | נזילות דולרית נמוכה | ציון Entry Quality נמוך (46.0 < 60.0)
2026-09-14 07:42:39,GIC,EMA21/MA50 Pullback Bounce,WATCHLIST,35.0,69.0,39.46,38.99,2.5000000000000044,0.6138989480944991,57.0,0.957749938590027,-0.011910795742524046,0.5000000000000104,0.16258035867403473,4522060.2,BULL,אין פריצה מאושרת מעל הרמה | ווליום לא מאשר | סגירת נר לא חזקה | RS לא מספיק חזק | נזילות דולרית נמוכה | ציון Entry Quality נמוך (35.0 < 60.0)
2026-09-14 07:42:47,WK,EMA21/MA50 Pullback Bounce,WATCHLIST,44.0,57.0,74.010002,71.86,5.748265609514398,0.8378249550837825,64.0,0.74009989453525,-0.02905015459937429,0.6013071895424843,0.23055530848489642,58795133.4,BULL,אין פריצה מאושרת מעל הרמה | ווליום לא מאשר | סגירת נר לא חזקה | גוף נר חלש | RS לא מספיק חזק | רחוק מדי משיא 52 שבועות | ציון Entry Quality נמוך (44.0 < 60.0)
2026-09-14 07:42:54,BUSE,VCP Breakout,WATCHLIST,45.0,75.0,30.93,30.44,3.0,0.7986491642515607,59.6,0.9602523659305995,-0.01584222437762685,0.5333333333333357,0.09512160049290579,18748452.6,BULL,אין פריצה מאושרת מעל הרמה | ווליום לא מאשר | סגירת נר לא חזקה | גוף נר חלש | RS לא מספיק חזק | ציון Entry Quality נמוך (45.0 < 60.0)
2026-09-14 07:42:54,BUSE,EMA21/MA50 Pullback Bounce,WATCHLIST,33.0,65.0,30.38,30.44,2.499999999999998,0.7986491642515607,59.6,0.9602523659305995,0.001974983541803893,0.5333333333333357,0.09512160049290579,18748452.6,BULL,אין פריצה מאושרת מעל הרמה | ווליום לא מאשר | סגירת נר לא חזקה | גוף נר חלש | RS לא מספיק חזק | R:R נמוך מדי | ציון Entry Quality נמוך (33.0 < 60.0)
2026-09-14 07:42:57,NCNO,EMA21/MA50 Pullback Bounce,WATCHLIST,42.0,53.0,21.93,21.25,,0.8735142329229701,50.1,0.6804354787063721,-0.031007751937984485,0.5054945054945064,0.22573524981982954,60034225.0,BULL,אין פריצה מאושרת מעל הרמה | ווליום לא מאשר | סגירת נר לא חזקה | RS לא מספיק חזק | רחוק מדי משיא 52 שבועות | R:R נמוך מדי | ציון Entry Quality נמוך (42.0 < 60.0)
2026-09-14 07:43:04,CFFN,VCP Breakout,WATCHLIST,49.0,75.0,8.89,8.82,3.0,0.8746439117031102,69.9,0.9524838012958964,-0.007874015748031527,0.42105263157894884,0.10709444193402623,6780551.4,BULL,אין פריצה מאושרת מעל הרמה | ווליום לא מאשר | סגירת נר לא חזקה | RS לא מספיק חזק | ציון Entry Quality נמוך (49.0 < 60.0)
2026-09-14 07:43:04,CFFN,Darvas Box Breakout,WATCHLIST,45.0,73.0,8.99,8.82,2.5,0.8746439117031102,69.9,0.9524838012958964,-0.018909899888765288,0.42105263157894884,0.10709444193402623,6780551.4,BULL,אין פריצה מאושרת מעל הרמה | ווליום לא מאשר | סגירת נר לא חזקה | RS לא מספיק חזק | ציון Entry Quality נמוך (45.0 < 60.0)
2026-09-14 07:43:04,CFFN,EMA21/MA50 Pullback Bounce,WATCHLIST,42.0,73.0,8.81,8.82,2.5,0.8746439117031102,69.9,0.9524838012958964,0.0011350737797956624,0.42105263157894884,0.10709444193402623,6780551.4,BULL,אין פריצה מאושרת מעל הרמה | ווליום לא מאשר | סגירת נר לא חזקה | RS לא מספיק חזק | ציון Entry Quality נמוך (42.0 < 60.0)
2026-09-14 07:43:11,LXP,Flat Base / Rectangle Breakout,WATCHLIST,57.0,91.0,61.19,60.84,2.5,1.0803448546347865,73.9,0.9875020288914138,-0.0057198888707304186,0.25000000000001776,0.13872449457391572,42658878.6,BULL,אין פריצה מאושרת מעל הרמה | ווליום לא מאשר | סגירת נר לא חזקה | ציון Entry Quality נמוך (57.0 < 60.0)
2026-09-14 07:43:11,LXP,Darvas Box Breakout,WATCHLIST,61.0,90.0,61.61,60.84,12.265585402939598,1.0803448546347865,73.9,0.9875020288914138,-0.012497971108586204,0.25000000000001776,0.13872449457391572,42658878.6,BULL,אין פריצה מאושרת מעל הרמה | ווליום לא מאשר | סגירת נר לא חזקה
2026-09-14 07:43:11,LXP,VCP Breakout,WATCHLIST,61.0,90.0,61.19,60.84,3.0,1.0803448546347865,73.9,0.9875020288914138,-0.0057198888707304186,0.25000000000001776,0.13872449457391572,42658878.6,BULL,אין פריצה מאושרת מעל הרמה | ווליום לא מאשר | סגירת נר לא חזקה
2026-09-14 07:43:15,BDC,EMA21/MA50 Pullback Bounce,WATCHLIST,40.0,71.0,117.47,122.26,2.499999999999999,0.7771506290377422,29.3,0.76417271303377,0.04077636843449397,0.9269949066213935,0.017490814574623675,44945832.5,BULL,MA150 לא עולה | המחיר כבר רחוק מדי מהכניסה | ווליום לא מאשר | RS לא מספיק חזק | R:R נמוך מדי | ציון Entry Quality נמוך (40.0 < 60.0)
2026-09-14 07:43:19,WHD,EMA21/MA50 Pullback Bounce,WATCHLIST,58.0,98.0,70.45,69.54,2.5,0.9463645193609325,92.9,0.9388416362899962,-0.01291696238466993,0.668590668590671,0.2144617703986043,45462818.1,BULL,אין פריצה מאושרת מעל הרמה | ווליום לא מאשר | ציון Entry Quality נמוך (58.0 < 60.0)
2026-09-14 07:43:23,PRDO,EMA21/MA50 Pullback Bounce,WATCHLIST,41.0,73.0,33.59,33.02,4.7672189279633255,0.7853888045048716,21.4,0.8576623376623378,-0.016969336111938082,0.3396226415094373,-0.02144019937588398,17826177.200000003,BULL,לא מעל MA150 | אין פריצה מאושרת מעל הרמה | ווליום לא מאשר | סגירת נר לא חזקה | RS לא מספיק חזק | ציון Entry Quality נמוך (41.0 < 60.0)
2026-09-14 07:43:26,NBXG,VCP Breakout,WATCHLIST,50.0,71.0,15.7,15.42,3.0,0.5633026891161381,33.3,0.8846815834767642,-0.01783439490445856,0.2352941176470539,0.041422782999289774,2239215.3,BULL,אין פריצה מאושרת מעל הרמה | ווליום לא מאשר | סגירת נר לא חזקה | RS לא מספיק חזק | נזילות דולרית נמוכה | ציון Entry Quality נמוך (50.0 < 60.0)
2026-09-14 07:43:26,NBXG,EMA21/MA50 Pullback Bounce,WATCHLIST,43.0,69.0,15.5,15.42,2.5000000000000036,0.5633026891161381,33.3,0.8846815834767642,-0.0051612903225806495,0.2352941176470539,0.041422782999289774,2239215.3,BULL,אין פריצה מאושרת מעל הרמה | ווליום לא מאשר | סגירת נר לא חזקה | RS לא מספיק חזק | נזילות דולרית נמוכה | ציון Entry Quality נמוך (43.0 < 60.0)
2026-09-14 07:43:40,LOGI,EMA21/MA50 Pullback Bounce,WATCHLIST,61.0,99.0,100.51,102.7,2.500000000000001,1.3797793352300327,23.9,0.7920715718031776,0.02178887672868369,0.7943444730077128,0.028673309200169528,74000485.0,BULL,RS לא מספיק חזק
2026-09-14 07:43:40,LOGI,VCP Breakout,WATCHLIST,60.0,85.0,102.54,102.7,3.0,1.3797793352300327,23.9,0.7920715718031776,0.001560366686171217,0.7943444730077128,0.028673309200169528,74000485.0,BULL,אין פריצה מאושרת מעל הרמה | RS לא מספיק חזק
2026-09-14 07:43:49,PYT,EMA21/MA50 Pullback Bounce,WATCHLIST,41.0,61.0,23.5,23.77,2.5000000000000044,0.5309734513274337,31.2,0.9534697152025672,0.01148936170212764,,0.011251251478375331,26860.1,BULL,MA150 לא עולה | ווליום לא מאשר | סגירת נר לא חזקה | גוף נר חלש | RS לא מספיק חזק | נזילות דולרית נמוכה | ציון Entry Quality נמוך (41.0 < 60.0)
2026-09-14 07:43:53,LNC,EMA21/MA50 Pullback Bounce,WATCHLIST,38.0,73.0,43.99,43.84,2.5,0.9313040971048332,57.9,0.919655968114118,-0.0034098658786087424,0.5796178343949067,0.1437357164275468,77544630.4,BULL,אין פריצה מאושרת מעל הרמה | ווליום לא מאשר | סגירת נר לא חזקה | גוף נר חלש | RS לא מספיק חזק | ציון Entry Quality נמוך (38.0 < 60.0)
2026-09-14 07:43:57,EL,EMA21/MA50 Pullback Bounce,WATCHLIST,43.0,68.0,98.49,97.12,6.06873928278534,0.6521816237908722,47.3,0.7984215718513648,-0.013910041628591639,0.6000000000000014,0.11262332619046742,383338467.20000005,BULL,MA150 לא עולה | אין פריצה מאושרת מעל הרמה | ווליום לא מאשר | סגירת נר לא חזקה | גוף נר חלש | RS לא מספיק חזק | ציון Entry Quality נמוך (43.0 < 60.0)
2026-09-14 07:44:01,CEG,EMA21/MA50 Pullback Bounce,WATCHLIST,39.0,57.0,294.84,284.75,2.5,0.6895113672134238,27.8,0.6899684834027505,-0.03422195088861747,0.09279954592816465,0.00854866685692984,710108126.25,BULL,מתחת ל-MA200 | אין פריצה מאושרת מעל הרמה | ווליום לא מאשר | סגירת נר לא חזקה | RS לא מספיק חזק | רחוק מדי משיא 52 שבועות | ציון Entry Quality נמוך (39.0 < 60.0)
2026-09-14 07:44:05,GPOR,EMA21/MA50 Pullback Bounce,WATCHLIST,33.0,57.0,179.72,173.25,3.088566827697274,0.890508832605049,27.0,0.7673398883869254,-0.03600044513687958,0.4127557160048142,-0.04468362508847153,41828613.75,BULL,לא מעל MA150 | MA150 לא עולה | מתחת ל-MA200 | אין פריצה מאושרת מעל הרמה | ווליום לא מאשר | סגירת נר לא חזקה | RS לא מספיק חזק | ציון Entry Quality נמוך (33.0 < 60.0)
2026-09-14 07:44:08,ASND,EMA21/MA50 Pullback Bounce,WATCHLIST,55.0,93.0,262.17001,263.51501,2.499999999999999,0.8016336266873881,74.6,0.9339536393391331,0.005130258796572603,0.5881932772496805,0.09642167814300384,145821301.0837,BULL,ווליום לא מאשר | סגירת נר לא חזקה | גוף נר חלש | R:R נמוך מדי | ציון Entry Quality נמוך (55.0 < 60.0)
2026-09-14 07:44:12,SLB,EMA21/MA50 Pullback Bounce,WATCHLIST,51.0,87.0,57.56,56.060001,2.500000000000002,0.7070595201587769,77.8,0.927224627853126,-0.02605974635163312,0.3571436507936516,0.0808344568416762,701063668.205595,BULL,אין פריצה מאושרת מעל הרמה | ווליום לא מאשר | סגירת נר לא חזקה | ציון Entry Quality נמוך (51.0 < 60.0)
2026-09-14 07:44:16,UNM,Flat Base / Rectangle Breakout,WATCHLIST,59.0,90.0,96.77,94.42,4.46739458919678,1.5629449702655163,60.9,0.9757156143432882,-0.024284385656711732,0.5,0.13950142853572875,118364439.9,BULL,אין פריצה מאושרת מעל הרמה | סגירת נר לא חזקה | RS לא מספיק חזק | ציון Entry Quality נמוך (59.0 < 60.0)
2026-09-14 07:44:16,UNM,Darvas Box Breakout,WATCHLIST,59.0,87.0,96.77,94.42,3.305871996005616,1.5629449702655163,60.9,0.9757156143432882,-0.024284385656711732,0.5,0.13950142853572875,118364439.9,BULL,אין פריצה מאושרת מעל הרמה | סגירת נר לא חזקה | RS לא מספיק חזק | ציון Entry Quality נמוך (59.0 < 60.0)
2026-09-14 07:44:16,UNM,EMA21/MA50 Pullback Bounce,WATCHLIST,52.0,81.0,94.65,94.42,2.5,1.5629449702655163,60.9,0.9757156143432882,-0.0024300052826202213,0.5,0.13950142853572875,118364439.9,BULL,אין פריצה מאושרת מעל הרמה | סגירת נר לא חזקה | RS לא מספיק חזק | ציון Entry Quality נמוך (52.0 < 60.0)
2026-09-14 07:44:20,QCRH,EMA21/MA50 Pullback Bounce,WATCHLIST,55.0,77.0,102.33,102.57,2.5,0.5201931518876207,66.6,0.9487558967718064,0.0023453532688360685,0.4893617021276541,0.09488427703628166,14019267.6,BULL,ווליום לא מאשר | סגירת נר לא חזקה | גוף נר חלש | RS לא מספיק חזק | ציון Entry Quality נמוך (55.0 < 60.0)
2026-09-14 07:44:20,QCRH,VCP Breakout,WATCHLIST,54.0,75.0,103.55,102.57,3.0,0.5201931518876207,66.6,0.9487558967718064,-0.009464027040077296,0.4893617021276541,0.09488427703628166,14019267.6,BULL,אין פריצה מאושרת מעל הרמה | ווליום לא מאשר | סגירת נר לא חזקה | גוף נר חלש | RS לא מספיק חזק | ציון Entry Quality נמוך (54.0 < 60.0)
2026-09-14 07:44:24,USLM,EMA21/MA50 Pullback Bounce,WATCHLIST,56.0,90.0,116.010002,117.82,2.5,0.640607210626186,28.5,0.8330033936651583,0.015602085758088281,0.9076086956521724,0.02293307484581074,15522785.0,BULL,MA150 לא עולה | ווליום לא מאשר | RS לא מספיק חזק | ציון Entry Quality נמוך (56.0 < 60.0)
2026-09-14 07:44:28,UGI,EMA21/MA50 Pullback Bounce,WATCHLIST,50.0,73.0,38.77,37.99,3.47750865051901,0.5231593873071531,42.0,0.9189646831156265,-0.020118648439515118,0.2631578947368441,0.04852643348809128,96318516.35000001,BULL,MA150 לא עולה | אין פריצה מאושרת מעל הרמה | ווליום לא מאשר | סגירת נר לא חזקה | RS לא מספיק חזק | ציון Entry Quality נמוך (50.0 < 60.0)
2026-09-14 07:44:28,UGI,VCP Breakout,WATCHLIST,55.0,68.0,39.11,37.99,3.0,0.5231593873071531,42.0,0.9189646831156265,-0.028637177192533815,0.2631578947368441,0.04852643348809128,96318516.35000001,BULL,MA150 לא עולה | אין פריצה מאושרת מעל הרמה | ווליום לא מאשר | סגירת נר לא חזקה | RS לא מספיק חזק | ציון Entry Quality נמוך (55.0 < 60.0)
2026-09-14 07:44:31,SYNA,EMA21/MA50 Pullback Bounce,WATCHLIST,45.0,75.0,93.7,101.029999,2.616728136506317,0.7369569598787955,54.9,0.6775534772986386,0.07822837780149414,0.9956523175803834,-0.016721166997943487,72685527.630555,BULL,לא מעל MA150 | המחיר כבר רחוק מדי מהכניסה | ווליום לא מאשר | RS לא מספיק חזק | רחוק מדי משיא 52 שבועות | ציון Entry Quality נמוך (45.0 < 60.0)
2026-09-14 07:44:35,RRC,EMA21/MA50 Pullback Bounce,WATCHLIST,42.0,77.0,42.31,41.15,3.916391639163893,0.909082546019889,43.7,0.8517905195611674,-0.02741668636256213,0.1839080459770081,0.01885185457244587,89462569.0,BULL,אין פריצה מאושרת מעל הרמה | ווליום לא מאשר | סגירת נר לא חזקה | RS לא מספיק חזק | ציון Entry Quality נמוך (42.0 < 60.0)
2026-09-14 07:44:42,PGR,EMA21/MA50 Pullback Bounce,WATCHLIST,46.0,82.0,219.0,217.62,2.871232333578376,0.7353467561521253,26.9,0.8714908945780747,-0.006301369863013678,0.7885714285714259,0.04718071616337142,486380700.0,BULL,אין פריצה מאושרת מעל הרמה | ווליום לא מאשר | גוף נר חלש | RS לא מספיק חזק | ציון Entry Quality נמוך (46.0 < 60.0)
2026-09-14 07:44:55,IMAX,EMA21/MA50 Pullback Bounce,WATCHLIST,57.0,100.0,52.45,52.09,2.5000000000000013,1.1807151187315452,92.1,0.9373762821666367,-0.006863679694947558,0.7755102040816336,0.26020738216254835,52481977.25,BULL,אין פריצה מאושרת מעל הרמה | ווליום לא מאשר | גוף נר חלש | ציון Entry Quality נמוך (57.0 < 60.0)
2026-09-14 07:44:59,MBWM,VCP Breakout,WATCHLIST,49.0,71.0,62.32,61.74,3.000000000000002,1.187433439829606,67.3,0.9891060557513618,-0.009306803594351706,0.5107917188548805,0.12621212922727454,5797386.0,BULL,אין פריצה מאושרת מעל הרמה | ווליום לא מאשר | סגירת נר לא חזקה | גוף נר חלש | RS לא מספיק חזק | ציון Entry Quality נמוך (49.0 < 60.0)
2026-09-14 07:44:59,MBWM,Darvas Box Breakout,WATCHLIST,47.0,70.0,62.39,61.74,2.899123487981477,1.187433439829606,67.3,0.9891060557513618,-0.010418336271838413,0.5107917188548805,0.12621212922727454,5797386.0,BULL,אין פריצה מאושרת מעל הרמה | ווליום לא מאשר | סגירת נר לא חזקה | גוף נר חלש | RS לא מספיק חזק | ציון Entry Quality נמוך (47.0 < 60.0)
2026-09-14 07:44:59,MBWM,EMA21/MA50 Pullback Bounce,WATCHLIST,45.0,72.0,61.36,61.74,2.499999999999998,1.187433439829606,67.3,0.9891060557513618,0.006192959582790133,0.5107917188548805,0.12621212922727454,5797386.0,BULL,ווליום לא מאשר | סגירת נר לא חזקה | גוף נר חלש | RS לא מספיק חזק | R:R נמוך מדי | ציון Entry Quality נמוך (45.0 < 60.0)
2026-09-14 07:45:03,ETV,Flat Base / Rectangle Breakout,WATCHLIST,45.0,76.0,15.49,15.19,7.647345348270839,0.9236092627096087,37.9,0.9806326662362814,-0.019367333763718575,0.5999999999999976,0.036322453880580786,2282753.1999999997,BULL,אין פריצה מאושרת מעל הרמה | ווליום לא מאשר | סגירת נר לא חזקה | RS לא מספיק חזק | נזילות דולרית נמוכה | ציון Entry Quality נמוך (45.0 < 60.0)
2026-09-14 07:45:03,ETV,Darvas Box Breakout,WATCHLIST,43.0,70.0,15.49,15.19,4.335119337554805,0.9236092627096087,37.9,0.9806326662362814,-0.019367333763718575,0.5999999999999976,0.036322453880580786,2282753.1999999997,BULL,אין פריצה מאושרת מעל הרמה | ווליום לא מאשר | סגירת נר לא חזקה | RS לא מספיק חזק | נזילות דולרית נמוכה | ציון Entry Quality נמוך (43.0 < 60.0)
2026-09-14 07:45:03,ETV,VCP Breakout,WATCHLIST,43.0,68.0,15.49,15.19,2.999999999999995,0.9236092627096087,37.9,0.9806326662362814,-0.019367333763718575,0.5999999999999976,0.036322453880580786,2282753.1999999997,BULL,אין פריצה מאושרת מעל הרמה | ווליום לא מאשר | סגירת נר לא חזקה | RS לא מספיק חזק | נזילות דולרית נמוכה | ציון Entry Quality נמוך (43.0 < 60.0)
2026-09-14 07:45:07,GNK,EMA21/MA50 Pullback Bounce,WATCHLIST,58.0,100.0,27.26,26.83,2.5,0.40979179606275823,83.9,0.9645181004421756,-0.015774027879677303,0.6823529411764674,0.10456068732920018,19870834.599999998,BULL,אין פריצה מאושרת מעל הרמה | ווליום לא מאשר | גוף נר חלש | ציון Entry Quality נמוך (58.0 < 60.0)
2026-09-14 07:45:17,ERO,EMA21/MA50 Pullback Bounce,WATCHLIST,56.0,91.0,35.75,35.47,4.315619967793889,0.5797357257195722,97.8,0.8687239774675484,-0.007832167832167863,0.4867260944478696,0.20550310351874254,58276855.3,BULL,אין פריצה מאושרת מעל הרמה | ווליום לא מאשר | סגירת נר לא חזקה | גוף נר חלש | ציון Entry Quality נמוך (56.0 < 60.0)
2026-09-14 07:45:27,PIPR,EMA21/MA50 Pullback Bounce,WATCHLIST,29.0,57.0,77.5,76.43,2.500000000000002,1.1025330556497313,21.9,0.8039762098779528,-0.013806451612903137,0.26765799256505945,-0.021902782375780496,39451255.25,BULL,לא מעל MA150 | MA150 לא עולה | מתחת ל-MA200 | אין פריצה מאושרת מעל הרמה | ווליום לא מאשר | סגירת נר לא חזקה | RS לא מספיק חזק | ציון Entry Quality נמוך (29.0 < 60.0)
2026-09-14 07:45:27,PIPR,VCP Breakout,WATCHLIST,36.0,52.0,78.11,76.43,3.0,1.1025330556497313,21.9,0.8039762098779528,-0.021508129560875593,0.26765799256505945,-0.021902782375780496,39451255.25,BULL,לא מעל MA150 | MA150 לא עולה | מתחת ל-MA200 | אין פריצה מאושרת מעל הרמה | ווליום לא מאשר | סגירת נר לא חזקה | RS לא מספיק חזק | ציון Entry Quality נמוך (36.0 < 60.0)
2026-09-14 07:45:31,RGLD,EMA21/MA50 Pullback Bounce,WATCHLIST,48.0,70.0,258.20001,252.28,19.045789507535243,0.8753453172275573,68.8,0.8237714285714286,-0.02292800066119292,0.15072064125735113,0.05936289872243478,163009460.6,BULL,MA150 לא עולה | אין פריצה מאושרת מעל הרמה | ווליום לא מאשר | סגירת נר לא חזקה | RS לא מספיק חזק | ציון Entry Quality נמוך (48.0 < 60.0)
2026-09-14 07:45:37,PLGO,VCP Breakout,WATCHLIST,58.0,94.0,25.88,25.2,3.0,0.6634815585960737,78.1,0.9567198177676537,-0.026275115919629048,0.3181833677650697,0.13587191691908276,13555584.0,BULL,אין פריצה מאושרת מעל הרמה | ווליום לא מאשר | סגירת נר לא חזקה | גוף נר חלש | ציון Entry Quality נמוך (58.0 < 60.0)
2026-09-14 07:45:37,PLGO,EMA21/MA50 Pullback Bounce,WATCHLIST,51.0,92.0,25.25,25.2,2.5000000000000013,0.6634815585960737,78.1,0.9567198177676537,-0.0019801980198020084,0.3181833677650697,0.13587191691908276,13555584.0,BULL,אין פריצה מאושרת מעל הרמה | ווליום לא מאשר | סגירת נר לא חזקה | גוף נר חלש | ציון Entry Quality נמוך (51.0 < 60.0)
2026-09-14 07:45:37,PLGO,Darvas Box Breakout,WATCHLIST,58.0,83.0,25.88,25.2,4.919021364576159,0.6634815585960737,78.1,0.9567198177676537,-0.026275115919629048,0.3181833677650697,0.13587191691908276,13555584.0,BULL,אין פריצה מאושרת מעל הרמה | ווליום לא מאשר | סגירת נר לא חזקה | גוף נר חלש | ציון Entry Quality נמוך (58.0 < 60.0)
2026-09-14 07:45:41,ATAI,Flat Base / Rectangle Breakout,WATCHLIST,51.0,96.0,7.45,7.35,2.5616394492475316,,99.0,0.9865771812080536,-0.01342281879194638,,0.4727589684675959,101388582.75,BULL,אין פריצה מאושרת מעל הרמה | ווליום לא מאשר | סגירת נר לא חזקה | גוף נר חלש | ציון Entry Quality נמוך (51.0 < 60.0)
2026-09-14 07:45:41,ATAI,Darvas Box Breakout,WATCHLIST,53.0,95.0,7.45,7.35,3.3941722702529833,,99.0,0.9865771812080536,-0.01342281879194638,,0.4727589684675959,101388582.75,BULL,אין פריצה מאושרת מעל הרמה | ווליום לא מאשר | סגירת נר לא חזקה | גוף נר חלש | ציון Entry Quality נמוך (53.0 < 60.0)
2026-09-14 07:45:41,ATAI,VCP Breakout,WATCHLIST,53.0,91.0,7.45,7.35,3.0,,99.0,0.9865771812080536,-0.01342281879194638,,0.4727589684675959,101388582.75,BULL,אין פריצה מאושרת מעל הרמה | ווליום לא מאשר | סגירת נר לא חזקה | גוף נר חלש | ציון Entry Quality נמוך (53.0 < 60.0)
2026-09-14 07:45:48,ARCC,Flat Base / Rectangle Breakout,WATCHLIST,42.0,78.0,20.23,19.74,6.930239658067508,1.1316587522515147,25.8,0.8773333333333333,-0.02422145328719733,0.36842105263156616,0.04327421057040978,75345112.5,BULL,אין פריצה מאושרת מעל הרמה | ווליום לא מאשר | סגירת נר לא חזקה | גוף נר חלש | RS לא מספיק חזק | ציון Entry Quality נמוך (42.0 < 60.0)
2026-09-14 07:45:48,ARCC,Darvas Box Breakout,WATCHLIST,40.0,72.0,20.23,19.74,3.694092504961092,1.1316587522515147,25.8,0.8773333333333333,-0.02422145328719733,0.36842105263156616,0.04327421057040978,75345112.5,BULL,אין פריצה מאושרת מעל הרמה | ווליום לא מאשר | סגירת נר לא חזקה | גוף נר חלש | RS לא מספיק חזק | ציון Entry Quality נמוך (40.0 < 60.0)
2026-09-14 07:45:48,ARCC,VCP Breakout,WATCHLIST,42.0,64.0,20.23,19.74,3.0,1.1316587522515147,25.8,0.8773333333333333,-0.02422145328719733,0.36842105263156616,0.04327421057040978,75345112.5,BULL,אין פריצה מאושרת מעל הרמה | ווליום לא מאשר | סגירת נר לא חזקה | גוף נר חלש | RS לא מספיק חזק | ציון Entry Quality נמוך (42.0 < 60.0)
2026-09-14 07:46:14,GLIBK,EMA21/MA50 Pullback Bounce,WATCHLIST,24.0,48.0,26.040001,25.78,2.5000000000000027,0.6404887111502976,13.1,0.6261080752884032,-0.009984677035918663,0.21052631578947534,-0.11662311100426188,8186954.600000001,BULL,לא מעל MA150 | MA150 לא עולה | מתחת ל-MA200 | אין פריצה מאושרת מעל הרמה | ווליום לא מאשר | סגירת נר לא חזקה | RS לא מספיק חזק | רחוק מדי משיא 52 שבועות | ציון Entry Quality נמוך (24.0 < 60.0)
2026-09-15 05:35:11,XOM,Flat Base / Rectangle Breakout,WATCHLIST,61.0,94.0,168.64,165.080002,2.5,1.0053479483427057,79.1,0.9357746272887025,-0.02111004506641354,0.19223801374009347,0.08047634744162027,2289318737.53587,BULL,אין פריצה מאושרת מעל הרמה | ווליום לא מאשר | סגירת נר לא חזקה
2026-09-15 05:35:11,XOM,EMA21/MA50 Pullback Bounce,WATCHLIST,56.0,93.0,167.089996,165.080002,2.5,1.0053479483427057,79.1,0.9357746272887025,-0.012029409588351452,0.19223801374009347,0.08047634744162027,2289318737.53587,BULL,אין פריצה מאושרת מעל הרמה | ווליום לא מאשר | סגירת נר לא חזקה | ציון Entry Quality נמוך (56.0 < 60.0)
2026-09-15 05:35:11,XOM,Darvas Box Breakout,WATCHLIST,59.0,88.0,168.64,165.080002,2.5,1.0053479483427057,79.1,0.9357746272887025,-0.02111004506641354,0.19223801374009347,0.08047634744162027,2289318737.53587,BULL,אין פריצה מאושרת מעל הרמה | ווליום לא מאשר | סגירת נר לא חזקה | ציון Entry Quality נמוך (59.0 < 60.0)
2026-09-15 05:35:15,TMUS,EMA21/MA50 Pullback Bounce,WATCHLIST,30.0,45.0,183.89999,182.89999,2.5,0.7103959931131633,12.7,0.7488535150322013,-0.005437738196723121,0.1903293051359492,-0.050306300685018485,730342522.56875,BULL,לא מעל MA150 | MA150 לא עולה | מתחת ל-MA200 | אין פריצה מאושרת מעל הרמה | ווליום לא מאשר | סגירת נר לא חזקה | RS לא מספיק חזק | רחוק מדי משיא 52 שבועות | ציון Entry Quality נמוך (30.0 < 60.0)
2026-09-15 05:35:23,ECPG,EMA21/MA50 Pullback Bounce,WATCHLIST,60.0,100.0,101.46,99.74,2.5,0.8056929525452512,99.0,0.9500857306153552,-0.016952493593534387,0.7239263803680956,0.2099053574060678,37002043.9,BULL,אין פריצה מאושרת מעל הרמה | ווליום לא מאשר
2026-09-15 05:35:27,SKWD,VCP Breakout,WATCHLIST,67.0,99.0,59.02,58.35,3.0,0.8932437615212362,75.5,0.8882630537372508,-0.011352084039308737,0.8009950248756208,0.14616651404792005,23581860.75,BULL,אין פריצה מאושרת מעל הרמה | ווליום לא מאשר
2026-09-15 05:35:27,SKWD,EMA21/MA50 Pullback Bounce,WATCHLIST,63.0,100.0,57.41,58.35,2.499999999999999,0.8932437615212362,75.5,0.8882630537372508,0.016373454102072894,0.8009950248756208,0.14616651404792005,23581860.75,BULL,ווליום לא מאשר | R:R נמוך מדי
2026-09-15 05:35:31,TTE,Flat Base / Rectangle Breakout,WATCHLIST,64.0,91.0,92.16,91.14,2.5000000000000013,0.9149505875442494,76.7,0.9678241478177764,-0.01106770833333329,0.03937310433668025,0.06101928052361738,145851797.7,BULL,אין פריצה מאושרת מעל הרמה | ווליום לא מאשר | סגירת נר לא חזקה
2026-09-15 05:35:31,TTE,Darvas Box Breakout,WATCHLIST,62.0,88.0,92.16,91.14,2.5000000000000013,0.9149505875442494,76.7,0.9678241478177764,-0.01106770833333329,0.03937310433668025,0.06101928052361738,145851797.7,BULL,אין פריצה מאושרת מעל הרמה | ווליום לא מאשר | סגירת נר לא חזקה
2026-09-15 05:35:31,TTE,VCP Breakout,WATCHLIST,66.0,86.0,91.92,91.14,3.0,0.9149505875442494,76.7,0.9678241478177764,-0.008485639686684086,0.03937310433668025,0.06101928052361738,145851797.7,BULL,אין פריצה מאושרת מעל הרמה | ווליום לא מאשר | סגירת נר לא חזקה
2026-09-15 05:35:39,CVBF,Flat Base / Rectangle Breakout,WATCHLIST,59.0,99.0,23.41,22.75,2.5,1.8847145975262913,55.5,0.971806920119607,-0.028193079880393,0.8974358974358998,0.08223048961675918,20637435.0,BULL,אין פריצה מאושרת מעל הרמה | RS לא מספיק חזק | ציון Entry Quality נמוך (59.0 < 60.0)
2026-09-15 05:35:39,CVBF,Darvas Box Breakout,WATCHLIST,59.0,93.0,23.41,22.75,2.5,1.8847145975262913,55.5,0.971806920119607,-0.028193079880393,0.8974358974358998,0.08223048961675918,20637435.0,BULL,אין פריצה מאושרת מעל הרמה | RS לא מספיק חזק | ציון Entry Quality נמוך (59.0 < 60.0)
2026-09-15 05:35:39,CVBF,EMA21/MA50 Pullback Bounce,WATCHLIST,56.0,92.0,22.78,22.75,2.5,1.8847145975262913,55.5,0.971806920119607,-0.0013169446883231403,0.8974358974358998,0.08223048961675918,20637435.0,BULL,אין פריצה מאושרת מעל הרמה | RS לא מספיק חזק | ציון Entry Quality נמוך (56.0 < 60.0)
2026-09-15 05:35:43,PGNY,Darvas Box Breakout,WATCHLIST,66.0,100.0,27.77,27.85,2.500000000000001,1.0337659309916072,73.5,0.8422803823462992,0.002880806625855306,0.7678571428571441,0.1720262389918204,28669904.0,BULL,ווליום לא מאשר | גוף נר חלש
2026-09-15 05:35:43,PGNY,VCP Breakout,WATCHLIST,68.0,100.0,27.77,27.85,3.0,1.0337659309916072,73.5,0.8422803823462992,0.002880806625855306,0.7678571428571441,0.1720262389918204,28669904.0,BULL,ווליום לא מאשר | גוף נר חלש
2026-09-15 05:35:43,PGNY,EMA21/MA50 Pullback Bounce,WATCHLIST,63.0,100.0,27.77,27.85,2.500000000000001,1.0337659309916072,73.5,0.8422803823462992,0.002880806625855306,0.7678571428571441,0.1720262389918204,28669904.0,BULL,ווליום לא מאשר | גוף נר חלש
2026-09-15 05:35:48,CHCO,EMA21/MA50 Pullback Bounce,WATCHLIST,46.0,80.0,145.14999,145.039993,2.5,1.0757328561654649,61.3,0.9734880412451815,-0.0007578161045687484,0.6235901843799516,0.1148998190174623,13779524.534965001,BULL,אין פריצה מאושרת מעל הרמה | ווליום לא מאשר | סגירת נר לא חזקה | RS לא מספיק חזק | ציון Entry Quality נמוך (46.0 < 60.0)
2026-09-15 05:35:48,CHCO,Flat Base / Rectangle Breakout,WATCHLIST,53.0,78.0,148.99001,145.039993,4.001401233631696,1.0757328561654649,61.3,0.9734880412451815,-0.026511958754818543,0.6235901843799516,0.1148998190174623,13779524.534965001,BULL,אין פריצה מאושרת מעל הרמה | ווליום לא מאשר | סגירת נר לא חזקה | RS לא מספיק חזק | ציון Entry Quality נמוך (53.0 < 60.0)
2026-09-15 05:35:48,CHCO,Darvas Box Breakout,WATCHLIST,53.0,75.0,148.99001,145.039993,4.97693040721662,1.0757328561654649,61.3,0.9734880412451815,-0.026511958754818543,0.6235901843799516,0.1148998190174623,13779524.534965001,BULL,אין פריצה מאושרת מעל הרמה | ווליום לא מאשר | סגירת נר לא חזקה | RS לא מספיק חזק | ציון Entry Quality נמוך (53.0 < 60.0)
2026-09-15 05:35:58,OKE,EMA21/MA50 Pullback Bounce,WATCHLIST,48.0,85.0,97.19,96.97,2.5,1.1156671279383557,69.1,0.971156735102654,-0.0022636073670130557,0.32573279292091384,0.08664226884796546,323042948.9,BULL,אין פריצה מאושרת מעל הרמה | ווליום לא מאשר | סגירת נר לא חזקה | גוף נר חלש | RS לא מספיק חזק | ציון Entry Quality נמוך (48.0 < 60.0)
2026-09-15 05:35:58,OKE,Flat Base / Rectangle Breakout,WATCHLIST,55.0,75.0,99.85,96.97,5.728488096563276,1.1156671279383557,69.1,0.971156735102654,-0.028843264897345976,0.32573279292091384,0.08664226884796546,323042948.9,BULL,אין פריצה מאושרת מעל הרמה | ווליום לא מאשר | סגירת נר לא חזקה | גוף נר חלש | RS לא מספיק חזק | ציון Entry Quality נמוך (55.0 < 60.0)
2026-09-15 05:35:59,OKE,Darvas Box Breakout,WATCHLIST,55.0,75.0,99.85,96.97,3.4519720477991696,1.1156671279383557,69.1,0.971156735102654,-0.028843264897345976,0.32573279292091384,0.08664226884796546,323042948.9,BULL,אין פריצה מאושרת מעל הרמה | ווליום לא מאשר | סגירת נר לא חזקה | גוף נר חלש | RS לא מספיק חזק | ציון Entry Quality נמוך (55.0 < 60.0)
2026-09-15 05:36:06,IDCC,EMA21/MA50 Pullback Bounce,WATCHLIST,44.0,76.0,355.69,340.38,2.5,1.770915736926812,46.4,0.8249636251826558,-0.04304309932806658,0.281890329220214,0.08313243621192289,62389952.1,BULL,אין פריצה מאושרת מעל הרמה | סגירת נר לא חזקה | גוף נר חלש | RS לא מספיק חזק | ציון Entry Quality נמוך (44.0 < 60.0)
2026-09-15 05:36:17,EXPO,EMA21/MA50 Pullback Bounce,WATCHLIST,45.0,77.0,67.78,69.19,2.499999999999998,1.0768329723913428,47.0,0.8442953020134227,0.020802596636175813,0.5188688323229586,0.06578420340641646,25399303.05,BULL,MA150 לא עולה | ווליום לא מאשר | סגירת נר לא חזקה | RS לא מספיק חזק | R:R נמוך מדי | ציון Entry Quality נמוך (45.0 < 60.0)
2026-09-15 05:36:37,TIGO,Darvas Box Breakout,WATCHLIST,65.0,100.0,97.2,95.43,3.541431443284778,0.6923824278549484,95.7,0.8907868944273314,-0.018209876543209835,0.7834394904458658,0.12740028873166784,90856517.25,BULL,אין פריצה מאושרת מעל הרמה | ווליום לא מאשר | גוף נר חלש
2026-09-15 05:36:37,TIGO,VCP Breakout,WATCHLIST,65.0,100.0,97.2,95.43,3.0,0.6923824278549484,95.7,0.8907868944273314,-0.018209876543209835,0.7834394904458658,0.12740028873166784,90856517.25,BULL,אין פריצה מאושרת מעל הרמה | ווליום לא מאשר | גוף נר חלש
2026-09-15 05:36:37,TIGO,EMA21/MA50 Pullback Bounce,WATCHLIST,60.0,100.0,97.2,95.43,3.2219866163632864,0.6923824278549484,95.7,0.8907868944273314,-0.018209876543209835,0.7834394904458658,0.12740028873166784,90856517.25,BULL,אין פריצה מאושרת מעל הרמה | ווליום לא מאשר | גוף נר חלש
2026-09-15 05:36:52,ADP,EMA21/MA50 Pullback Bounce,WATCHLIST,62.0,100.0,268.59,276.63,2.5,1.1812380803579179,57.2,0.9318534302989097,0.02993410030157497,0.8966090969584324,0.19648308237651924,557715126.15,BULL,ווליום לא מאשר | RS לא מספיק חזק
2026-09-15 05:36:56,VTRS,EMA21/MA50 Pullback Bounce,WATCHLIST,52.0,100.0,16.65,16.66,2.787624879149213,0.9438413522397983,85.6,0.9059271343121261,0.0006006006006006946,0.5,0.05941005356002053,124040780.5,BULL,אין פריצה מאושרת מעל הרמה | ווליום לא מאשר | סגירת נר לא חזקה | גוף נר חלש | ציון Entry Quality נמוך (52.0 < 60.0)
2026-09-15 05:37:04,CACC,Flat Base / Rectangle Breakout,WATCHLIST,62.0,87.0,621.52002,605.35999,4.765450642761445,0.6100529858227123,69.8,0.9050623434659323,-0.026000819732242907,0.6616633333333463,0.114925031361428,63408432.152550004,BULL,אין פריצה מאושרת מעל הרמה | ווליום לא מאשר | גוף נר חלש | RS לא מספיק חזק
2026-09-15 05:37:04,CACC,EMA21/MA50 Pullback Bounce,WATCHLIST,55.0,83.0,611.63,605.35999,2.5,0.6100529858227123,69.8,0.9050623434659323,-0.01025131206775331,0.6616633333333463,0.114925031361428,63408432.152550004,BULL,אין פריצה מאושרת מעל הרמה | ווליום לא מאשר | גוף נר חלש | RS לא מספיק חזק | ציון Entry Quality נמוך (55.0 < 60.0)
2026-09-15 05:37:04,CACC,VCP Breakout,WATCHLIST,62.0,81.0,620.96002,605.35999,3.0,0.6100529858227123,69.8,0.9050623434659323,-0.025122438639447266,0.6616633333333463,0.114925031361428,63408432.152550004,BULL,אין פריצה מאושרת מעל הרמה | ווליום לא מאשר | גוף נר חלש | RS לא מספיק חזק
2026-09-15 05:37:08,AMTB,Darvas Box Breakout,WATCHLIST,61.0,100.0,29.74,29.54,2.5000000000000013,1.1364691718978417,88.0,0.9653594771241829,-0.0067249495628782545,0.8750002232138866,0.20240317883944245,8588016.5,BULL,אין פריצה מאושרת מעל הרמה | ווליום לא מאשר
2026-09-15 05:37:08,AMTB,EMA21/MA50 Pullback Bounce,WATCHLIST,58.0,100.0,29.72,29.54,2.5000000000000013,1.1364691718978417,88.0,0.9653594771241829,-0.006056527590847904,0.8750002232138866,0.20240317883944245,8588016.5,BULL,אין פריצה מאושרת מעל הרמה | ווליום לא מאשר | ציון Entry Quality נמוך (58.0 < 60.0)
2026-09-15 05:37:08,AMTB,VCP Breakout,WATCHLIST,63.0,97.0,29.74,29.54,2.999999999999998,1.1364691718978417,88.0,0.9653594771241829,-0.0067249495628782545,0.8750002232138866,0.20240317883944245,8588016.5,BULL,אין פריצה מאושרת מעל הרמה | ווליום לא מאשר
2026-09-15 05:37:12,RGA,EMA21/MA50 Pullback Bounce,WATCHLIST,41.0,81.0,250.46001,249.050003,2.499999999999998,0.7548070800967783,74.9,0.9660215003297001,-0.005629669183515593,0.43731865889212884,0.13067632045606545,78231586.94236,BULL,אין פריצה מאושרת מעל הרמה | ווליום לא מאשר | סגירת נר לא חזקה | גוף נר חלש | R:R נמוך מדי | ציון Entry Quality נמוך (41.0 < 60.0)
2026-09-15 05:37:16,JOF,EMA21/MA50 Pullback Bounce,WATCHLIST,51.0,83.0,12.68,12.42,10.232558139534499,2.6626141359485964,52.3,0.9665369649805448,-0.02050473186119872,0.7450980392156872,0.06725481209899183,734518.8,BULL,אין פריצה מאושרת מעל הרמה | RS לא מספיק חזק | נזילות דולרית נמוכה | ציון Entry Quality נמוך (51.0 < 60.0)
2026-09-15 05:37:20,DMC,EMA21/MA50 Pullback Bounce,WATCHLIST,24.0,51.0,32.09,31.53,2.5000000000000036,1.0630057716361005,22.4,0.7234970169802662,-0.017450919289498355,0.2769230769230771,-0.09717038916185228,10461496.35,BULL,לא מעל MA150 | MA150 לא עולה | מתחת ל-MA200 | אין פריצה מאושרת מעל הרמה | ווליום לא מאשר | סגירת נר לא חזקה | גוף נר חלש | RS לא מספיק חזק | רחוק מדי משיא 52 שבועות | ציון Entry Quality נמוך (24.0 < 60.0)
2026-09-15 05:37:25,FCF,VCP Breakout,WATCHLIST,53.0,84.0,21.52,21.38,3.0,1.3870336639006948,64.8,0.9570277529095792,-0.006505576208178465,0.451612903225805,0.10616721930613066,14261208.299999999,BULL,אין פריצה מאושרת מעל הרמה | סגירת נר לא חזקה | גוף נר חלש | RS לא מספיק חזק | ציון Entry Quality נמוך (53.0 < 60.0)
2026-09-15 05:37:25,FCF,Darvas Box Breakout,WATCHLIST,49.0,82.0,21.74,21.38,2.5000000000000018,1.3870336639006948,64.8,0.9570277529095792,-0.016559337626494915,0.451612903225805,0.10616721930613066,14261208.299999999,BULL,אין פריצה מאושרת מעל הרמה | סגירת נר לא חזקה | גוף נר חלש | RS לא מספיק חזק | ציון Entry Quality נמוך (49.0 < 60.0)
2026-09-15 05:37:25,FCF,EMA21/MA50 Pullback Bounce,WATCHLIST,46.0,80.0,21.52,21.38,2.5000000000000018,1.3870336639006948,64.8,0.9570277529095792,-0.006505576208178465,0.451612903225805,0.10616721930613066,14261208.299999999,BULL,אין פריצה מאושרת מעל הרמה | סגירת נר לא חזקה | גוף נר חלש | RS לא מספיק חזק | ציון Entry Quality נמוך (46.0 < 60.0)
2026-09-15 05:37:36,SNDA,EMA21/MA50 Pullback Bounce,WATCHLIST,46.0,85.0,41.0099983,39.83,2.4999999999999987,0.9130743229144932,80.9,0.8972741608470376,-0.02877342962484349,0.3071428571428573,0.07833033642985322,19088925.8,BULL,אין פריצה מאושרת מעל הרמה | ווליום לא מאשר | סגירת נר לא חזקה | גוף נר חלש | R:R נמוך מדי | ציון Entry Quality נמוך (46.0 < 60.0)
2026-09-15 05:37:41,CNQ,EMA21/MA50 Pullback Bounce,WATCHLIST,50.0,100.0,50.26,50.32,2.5,1.2475522838033632,84.1,0.9619575606958516,0.0011937922801433004,0.17391304347826247,0.09663874836902814,343831528.0,BULL,אין פריצה מאושרת מעל הרמה | ווליום לא מאשר | סגירת נר לא חזקה | ציון Entry Quality נמוך (50.0 < 60.0)
2026-09-15 05:37:45,DSGR,Flat Base / Rectangle Breakout,WATCHLIST,64.0,100.0,35.060001,34.79,2.521392766021335,1.416662697089506,71.5,0.9922988878408759,-0.007701112159124029,0.6666666666666272,0.18685082627209265,7303464.7,BULL,אין פריצה מאושרת מעל הרמה | גוף נר חלש
2026-09-15 05:37:45,DSGR,Darvas Box Breakout,WATCHLIST,64.0,100.0,35.0,34.79,2.5000000000000107,1.416662697089506,71.5,0.9922988878408759,-0.006000000000000024,0.6666666666666272,0.18685082627209265,7303464.7,BULL,אין פריצה מאושרת מעל הרמה | גוף נר חלש
2026-09-15 05:37:45,DSGR,VCP Breakout,WATCHLIST,68.0,100.0,34.87,34.79,3.0,1.416662697089506,71.5,0.9922988878408759,-0.0022942357327214885,0.6666666666666272,0.18685082627209265,7303464.7,BULL,אין פריצה מאושרת מעל הרמה | גוף נר חלש
2026-09-15 05:37:50,WRBY,EMA21/MA50 Pullback Bounce,WATCHLIST,54.0,81.0,25.9,25.71,2.5,1.5097098958228834,30.6,0.8293548387096774,-0.007335907335907248,0.8187702265372182,0.027843594275057386,57662773.65,BULL,MA150 לא עולה | אין פריצה מאושרת מעל הרמה | RS לא מספיק חזק | ציון Entry Quality נמוך (54.0 < 60.0)
2026-09-15 05:37:54,CDE,EMA21/MA50 Pullback Bounce,WATCHLIST,43.0,61.0,21.15,19.88,10.740402193784377,0.6981362711349504,55.4,0.715880446525027,-0.06004728132387705,0.5312499999999993,0.04791155580925928,676642339.8,BULL,MA150 לא עולה | אין פריצה מאושרת מעל הרמה | ווליום לא מאשר | סגירת נר לא חזקה | גוף נר חלש | RS לא מספיק חזק | רחוק מדי משיא 52 שבועות | ציון Entry Quality נמוך (43.0 < 60.0)
2026-09-15 05:38:03,ACT,Darvas Box Breakout,WATCHLIST,63.0,96.0,50.56,50.07,2.739789424968183,1.0629459044522713,74.2,0.9903085443037974,-0.009691455696202571,0.7968749999999962,0.13226064678688867,16632753.3,BULL,אין פריצה מאושרת מעל הרמה | ווליום לא מאשר
2026-09-15 05:38:03,ACT,VCP Breakout,WATCHLIST,65.0,94.0,50.18,50.07,3.0,1.0629459044522713,74.2,0.9903085443037974,-0.0021921084097249787,0.7968749999999962,0.13226064678688867,16632753.3,BULL,אין פריצה מאושרת מעל הרמה | ווליום לא מאשר
2026-09-15 05:38:03,ACT,EMA21/MA50 Pullback Bounce,WATCHLIST,53.0,100.0,50.0,50.07,2.4999999999999982,1.0629459044522713,74.2,0.9903085443037974,0.0014000000000000056,0.7968749999999962,0.13226064678688867,16632753.3,BULL,אין פריצה מאושרת מעל הרמה | ווליום לא מאשר | R:R נמוך מדי | ציון Entry Quality נמוך (53.0 < 60.0)
2026-09-15 05:38:07,NWSA,EMA21/MA50 Pullback Bounce,WATCHLIST,55.0,84.0,29.68,30.56,2.499999999999999,0.9775018320194049,59.0,0.965255843335439,0.0296495956873315,0.8691588785046724,0.15710531800023084,110303416.8,BULL,ווליום לא מאשר | RS לא מספיק חזק | R:R נמוך מדי | ציון Entry Quality נמוך (55.0 < 60.0)
2026-09-15 05:38:16,ADBE,EMA21/MA50 Pullback Bounce,WATCHLIST,41.0,74.0,255.3,265.60001,2.5,1.154294872312425,36.1,0.716173265279978,0.040344731688209894,0.9470339544131837,0.07434590821152828,1315856817.5428,BULL,MA150 לא עולה | מתחת ל-MA200 | המחיר כבר רחוק מדי מהכניסה | ווליום לא מאשר | RS לא מספיק חזק | רחוק מדי משיא 52 שבועות | ציון Entry Quality נמוך (41.0 < 60.0)
2026-09-15 05:38:20,PFE,EMA21/MA50 Pullback Bounce,WATCHLIST,46.0,78.0,27.85,27.72,2.9978118161925575,0.8692229380850008,49.7,0.9489900718931872,-0.004667863554757722,0.05999999999999517,0.048771137114283075,909161391.5999999,BULL,אין פריצה מאושרת מעל הרמה | ווליום לא מאשר | סגירת נר לא חזקה | RS לא מספיק חזק | ציון Entry Quality נמוך (46.0 < 60.0)
2026-09-15 05:38:31,RIOT,EMA21/MA50 Pullback Bounce,WATCHLIST,53.0,74.0,22.049999,20.95,10.729722857869318,0.6756656523654159,54.7,0.6909630606860158,-0.04988657822614869,0.6501903800833602,0.043981781362010634,343176398.25,BULL,אין פריצה מאושרת מעל הרמה | ווליום לא מאשר | RS לא מספיק חזק | רחוק מדי משיא 52 שבועות | ציון Entry Quality נמוך (53.0 < 60.0)
2026-09-15 05:38:35,OGC,EMA21/MA50 Pullback Bounce,WATCHLIST,46.0,59.0,31.07,29.38,2.5,2.140301934773739,62.6,0.6780521578582968,-0.05439330543933058,0.6538461538461541,-0.03590367391978183,15481350.299999999,BULL,לא מעל MA150 | MA150 לא עולה | מתחת ל-MA200 | אין פריצה מאושרת מעל הרמה | גוף נר חלש | RS לא מספיק חזק | רחוק מדי משיא 52 שבועות | ציון Entry Quality נמוך (46.0 < 60.0)
2026-09-15 05:38:49,VMRK,EMA21/MA50 Pullback Bounce,WATCHLIST,59.0,87.0,65.95,66.32,2.4999999999999987,0.945940534279659,34.5,0.9275524475524475,0.0056103108415464795,0.8898305084745687,0.023525238163156992,430581273.59999996,BULL,ווליום לא מאשר | RS לא מספיק חזק | R:R נמוך מדי | ציון Entry Quality נמוך (59.0 < 60.0)
2026-09-15 05:39:03,AMT,EMA21/MA50 Pullback Bounce,WATCHLIST,34.0,62.0,178.53999,176.94,2.500000000000002,1.199341429296493,21.0,0.888565258876111,-0.00896152172966959,0.45237976705577276,-0.004640213227243299,357334753.5,BULL,לא מעל MA150 | מתחת ל-MA200 | אין פריצה מאושרת מעל הרמה | ווליום לא מאשר | סגירת נר לא חזקה | RS לא מספיק חזק | ציון Entry Quality נמוך (34.0 < 60.0)
2026-09-15 05:39:03,AMT,Flat Base / Rectangle Breakout,WATCHLIST,41.0,55.0,180.98,176.94,3.71087474149933,1.199341429296493,21.0,0.888565258876111,-0.022322908608686,0.45237976705577276,-0.004640213227243299,357334753.5,BULL,לא מעל MA150 | מתחת ל-MA200 | אין פריצה מאושרת מעל הרמה | ווליום לא מאשר | סגירת נר לא חזקה | RS לא מספיק חזק | ציון Entry Quality נמוך (41.0 < 60.0)
2026-09-15 05:39:03,AMT,Darvas Box Breakout,WATCHLIST,41.0,52.0,180.98,176.94,3.71087474149933,1.199341429296493,21.0,0.888565258876111,-0.022322908608686,0.45237976705577276,-0.004640213227243299,357334753.5,BULL,לא מעל MA150 | מתחת ל-MA200 | אין פריצה מאושרת מעל הרמה | ווליום לא מאשר | סגירת נר לא חזקה | RS לא מספיק חזק | ציון Entry Quality נמוך (41.0 < 60.0)
2026-09-15 05:39:07,PTGX,EMA21/MA50 Pullback Bounce,WATCHLIST,52.0,100.0,150.48,147.78,2.5,1.1867119490963032,99.0,0.9189727007026927,-0.017942583732057343,0.21541901265529753,0.28712264697567014,75713605.2,BULL,אין פריצה מאושרת מעל הרמה | ווליום לא מאשר | סגירת נר לא חזקה | ציון Entry Quality נמוך (52.0 < 60.0)
2026-09-15 05:39:12,EXEL,EMA21/MA50 Pullback Bounce,WATCHLIST,50.0,86.0,57.43,56.21,2.5,0.8303081076049521,79.7,0.9412257200267917,-0.021243252655406563,0.25862068965517526,0.13577123819246015,117753485.85000001,BULL,אין פריצה מאושרת מעל הרמה | ווליום לא מאשר | סגירת נר לא חזקה | גוף נר חלש | ציון Entry Quality נמוך (50.0 < 60.0)
2026-09-15 05:39:16,CMG,EMA21/MA50 Pullback Bounce,WATCHLIST,59.0,84.0,36.64,37.029999,2.5,0.7559102108128135,40.6,0.8647827884166277,0.010644077510916922,0.8403354282895544,0.08482935154440295,485233886.046195,BULL,MA150 לא עולה | ווליום לא מאשר | RS לא מספיק חזק | ציון Entry Quality נמוך (59.0 < 60.0)
2026-09-15 05:39:20,FCFS,EMA21/MA50 Pullback Bounce,WATCHLIST,58.0,95.0,231.83,221.78999,2.5,0.9275837825169908,74.9,0.9282635051380531,-0.04330763921839289,0.0930842589977313,0.05761171234638537,94637788.733,BULL,אין פריצה מאושרת מעל הרמה | ווליום לא מאשר | סגירת נר לא חזקה | ציון Entry Quality נמוך (58.0 < 60.0)
2026-09-15 05:39:28,MBIN,EMA21/MA50 Pullback Bounce,WATCHLIST,46.0,93.0,55.078999,53.14,2.5,0.9032983508245878,86.9,0.9344118164234219,-0.03520396222160832,0.41463465199347826,0.10645634100720903,8506651.2,BULL,אין פריצה מאושרת מעל הרמה | ווליום לא מאשר | סגירת נר לא חזקה | גוף נר חלש | ציון Entry Quality נמוך (46.0 < 60.0)
2026-09-15 05:39:41,ARMK,EMA21/MA50 Pullback Bounce,WATCHLIST,57.0,100.0,59.09,58.53,2.4999999999999987,1.4202498899657772,86.2,0.9342378292098963,-0.009477068877982777,0.8882978723404252,0.16782679938138706,130321727.4,BULL,אין פריצה מאושרת מעל הרמה | גוף נר חלש | R:R נמוך מדי | ציון Entry Quality נמוך (57.0 < 60.0)
2026-09-15 05:39:46,ADPT,EMA21/MA50 Pullback Bounce,WATCHLIST,62.0,100.0,24.79,24.78,2.4999999999999987,1.023997632785915,99.0,0.9222180870859695,-0.0004033884630898754,0.8926615553121588,0.36980243547688973,41872005.0,BULL,אין פריצה מאושרת מעל הרמה | ווליום לא מאשר | R:R נמוך מדי
2026-09-15 05:39:50,TKO,EMA21/MA50 Pullback Bounce,WATCHLIST,41.0,63.0,192.83,193.72,2.5,0.9974609904602263,24.7,0.853617696307394,0.004615464398693078,0.36882716049382563,-0.007919773901412106,196465981.0,BULL,לא מעל MA150 | MA150 לא עולה | מתחת ל-MA200 | ווליום לא מאשר | סגירת נר לא חזקה | RS לא מספיק חזק | ציון Entry Quality נמוך (41.0 < 60.0)
2026-09-15 05:39:50,TKO,VCP Breakout,WATCHLIST,38.0,48.0,196.19,193.72,3.0,0.9974609904602263,24.7,0.853617696307394,-0.012589836383098012,0.36882716049382563,-0.007919773901412106,196465981.0,BULL,לא מעל MA150 | MA150 לא עולה | מתחת ל-MA200 | אין פריצה מאושרת מעל הרמה | ווליום לא מאשר | סגירת נר לא חזקה | RS לא מספיק חזק | ציון Entry Quality נמוך (38.0 < 60.0)
2026-09-15 05:39:54,WAY,EMA21/MA50 Pullback Bounce,WATCHLIST,52.0,78.0,23.696,24.9,2.5,1.6221136710386297,31.8,0.6171003717472119,0.05081026333558394,0.939393939393938,0.08993177348095312,48553132.5,BULL,MA150 לא עולה | מתחת ל-MA200 | המחיר כבר רחוק מדי מהכניסה | RS לא מספיק חזק | רחוק מדי משיא 52 שבועות | ציון Entry Quality נמוך (52.0 < 60.0)
2026-09-15 05:40:01,ERIE,EMA21/MA50 Pullback Bounce,WATCHLIST,46.0,76.0,245.42,253.88,2.5000000000000013,0.5182579564489113,24.2,0.7429692061388079,0.03447151821367455,0.8701298701298673,0.04689444828526839,75783180.0,BULL,MA150 לא עולה | המחיר כבר רחוק מדי מהכניסה | ווליום לא מאשר | RS לא מספיק חזק | רחוק מדי משיא 52 שבועות | ציון Entry Quality נמוך (46.0 < 60.0)
2026-09-15 05:40:12,ISRG,EMA21/MA50 Pullback Bounce,WATCHLIST,46.0,71.0,374.48001,377.94,2.5,1.077632971539153,12.3,0.6258528184407498,0.009239451793434862,0.9004681181959547,-0.11766793162430121,853460328.6,BULL,לא מעל MA150 | MA150 לא עולה | מתחת ל-MA200 | ווליום לא מאשר | RS לא מספיק חזק | רחוק מדי משיא 52 שבועות | ציון Entry Quality נמוך (46.0 < 60.0)
2026-09-15 05:40:12,ISRG,VCP Breakout,WATCHLIST,43.0,49.0,384.059998,377.94,3.0,1.077632971539153,12.3,0.6258528184407498,-0.015935005030125553,0.9004681181959547,-0.11766793162430121,853460328.6,BULL,לא מעל MA150 | MA150 לא עולה | מתחת ל-MA200 | אין פריצה מאושרת מעל הרמה | ווליום לא מאשר | RS לא מספיק חזק | רחוק מדי משיא 52 שבועות | ציון Entry Quality נמוך (43.0 < 60.0)
2026-09-15 05:40:23,QSR,EMA21/MA50 Pullback Bounce,WATCHLIST,64.0,100.0,77.26,78.89,2.5,1.3099336732737799,55.8,0.9625427037579308,0.021097592544654355,0.7994722955145138,0.05225483178239097,205768787.0,BULL,RS לא מספיק חזק
2026-09-15 05:40:34,COLD,EMA21/MA50 Pullback Bounce,WATCHLIST,61.0,98.0,14.745,14.97,2.5000000000000013,1.211637066753512,51.5,0.8868483412322276,0.015259409969481278,0.9357796448110751,0.08543281966008644,51253013.550000004,BULL,ווליום לא מאשר | RS לא מספיק חזק
2026-09-15 05:40:41,OVV,EMA21/MA50 Pullback Bounce,WATCHLIST,66.0,100.0,64.050003,65.36,2.5,1.7901675247596633,87.5,0.9681528662420381,0.020452723476062844,0.31162790697674414,0.1343782322248265,216065780.8,BULL,סגירת נר לא חזקה | גוף נר חלש
2026-09-15 05:40:48,BJ,EMA21/MA50 Pullback Bounce,WATCHLIST,44.0,75.0,91.99,95.31,2.499999999999999,0.8955852859790308,31.6,0.9010209869540556,0.03609087944341784,0.9584026622296172,0.01888172041225832,187717810.5,BULL,MA150 לא עולה | המחיר כבר רחוק מדי מהכניסה | ווליום לא מאשר | RS לא מספיק חזק | R:R נמוך מדי | ציון Entry Quality נמוך (44.0 < 60.0)
2026-09-15 05:40:53,LB,EMA21/MA50 Pullback Bounce,WATCHLIST,57.0,98.0,88.14,86.44,2.5,0.9787727034905449,92.0,0.9427418475297197,-0.019287497163603392,0.35409836065573747,0.18881599856045095,23129615.2,BULL,אין פריצה מאושרת מעל הרמה | ווליום לא מאשר | סגירת נר לא חזקה | גוף נר חלש | ציון Entry Quality נמוך (57.0 < 60.0)
2026-09-15 05:40:57,DNOW,EMA21/MA50 Pullback Bounce,WATCHLIST,43.0,84.0,15.825,15.64,3.6581076327822615,1.0797637301449143,58.8,0.9061413673232908,-0.01169036334913104,0.7333333333333346,0.15006201258398147,32793248.200000003,BULL,MA150 לא עולה | אין פריצה מאושרת מעל הרמה | ווליום לא מאשר | גוף נר חלש | RS לא מספיק חזק | ציון Entry Quality נמוך (43.0 < 60.0)
2026-09-15 05:41:04,MAAS,EMA21/MA50 Pullback Bounce,WATCHLIST,50.0,87.0,16.5,16.34,4.315167012945502,0.4787819889860706,99.0,0.6562248995983936,-0.009696969696969706,0.5544554455445551,0.3996540552335323,2522079.0,BULL,אין פריצה מאושרת מעל הרמה | ווליום לא מאשר | סגירת נר לא חזקה | רחוק מדי משיא 52 שבועות | נזילות דולרית נמוכה | ציון Entry Quality נמוך (50.0 < 60.0)
2026-09-15 05:41:17,ETV,Flat Base / Rectangle Breakout,WATCHLIST,59.0,81.0,15.49,15.24,5.953779866823335,0.8071694443512961,40.7,0.9838605551969012,-0.016139444803098774,0.8750000000000028,0.03945944471221623,2272360.2,BULL,אין פריצה מאושרת מעל הרמה | ווליום לא מאשר | RS לא מספיק חזק | נזילות דולרית נמוכה | ציון Entry Quality נמוך (59.0 < 60.0)
2026-09-15 05:41:17,ETV,Darvas Box Breakout,WATCHLIST,57.0,78.0,15.49,15.24,3.2902467685076293,0.8071694443512961,40.7,0.9838605551969012,-0.016139444803098774,0.8750000000000028,0.03945944471221623,2272360.2,BULL,אין פריצה מאושרת מעל הרמה | ווליום לא מאשר | RS לא מספיק חזק | נזילות דולרית נמוכה | ציון Entry Quality נמוך (57.0 < 60.0)
2026-09-15 05:41:18,ETV,VCP Breakout,WATCHLIST,57.0,76.0,15.49,15.24,2.9999999999999956,0.8071694443512961,40.7,0.9838605551969012,-0.016139444803098774,0.8750000000000028,0.03945944471221623,2272360.2,BULL,אין פריצה מאושרת מעל הרמה | ווליום לא מאשר | RS לא מספיק חזק | נזילות דולרית נמוכה | ציון Entry Quality נמוך (57.0 < 60.0)
2026-09-15 05:41:25,EFXT,EMA21/MA50 Pullback Bounce,WATCHLIST,45.0,96.0,22.94,22.16,2.5,1.1610434674845866,92.8,0.7602058319039452,-0.03400174367916308,0.3364485981308405,-0.03459092069199004,14305166.4,BULL,לא מעל MA150 | אין פריצה מאושרת מעל הרמה | ווליום לא מאשר | סגירת נר לא חזקה | גוף נר חלש | ציון Entry Quality נמוך (45.0 < 60.0)
2026-09-15 05:41:37,BBVA,Flat Base / Rectangle Breakout,WATCHLIST,66.0,100.0,29.64,29.1,6.937744084539394,0.9198895360756364,90.1,0.9817813765182186,-0.018218623481781347,0.7346938775510236,0.19767215369650526,36195889.5,BULL,אין פריצה מאושרת מעל הרמה | ווליום לא מאשר | גוף נר חלש
2026-09-15 05:41:37,BBVA,VCP Breakout,WATCHLIST,66.0,100.0,29.64,29.1,3.0,0.9198895360756364,90.1,0.9817813765182186,-0.018218623481781347,0.7346938775510236,0.19767215369650526,36195889.5,BULL,אין פריצה מאושרת מעל הרמה | ווליום לא מאשר | גוף נר חלש
2026-09-15 05:41:37,BBVA,Darvas Box Breakout,WATCHLIST,62.0,99.0,29.64,29.1,2.6188835286009637,0.9198895360756364,90.1,0.9817813765182186,-0.018218623481781347,0.7346938775510236,0.19767215369650526,36195889.5,BULL,אין פריצה מאושרת מעל הרמה | ווליום לא מאשר | גוף נר חלש
2026-09-15 05:41:41,LZ,EMA21/MA50 Pullback Bounce,WATCHLIST,31.0,53.0,6.095,6.28,3.9552572706935134,0.934145759698159,13.0,0.5064516129032258,0.030352748154224857,0.25,-0.021588412781669716,15928811.8,BULL,לא מעל MA150 | MA150 לא עולה | מתחת ל-MA200 | המחיר כבר רחוק מדי מהכניסה | ווליום לא מאשר | סגירת נר לא חזקה | גוף נר חלש | RS לא מספיק חזק | רחוק מדי משיא 52 שבועות | ציון Entry Quality נמוך (31.0 < 60.0)
2026-09-15 05:41:45,SAN,Flat Base / Rectangle Breakout,WATCHLIST,64.0,100.0,15.05,14.74,4.426737494466578,0.5527921891556175,83.7,0.9794019933554817,-0.020598006644518305,0.740740740740741,0.14575614205096057,257561674.70000002,BULL,אין פריצה מאושרת מעל הרמה | ווליום לא מאשר
2026-09-15 05:41:45,SAN,VCP Breakout,WATCHLIST,64.0,100.0,15.05,14.74,3.0,0.5527921891556175,83.7,0.9794019933554817,-0.020598006644518305,0.740740740740741,0.14575614205096057,257561674.70000002,BULL,אין פריצה מאושרת מעל הרמה | ווליום לא מאשר
2026-09-15 05:41:45,SAN,Darvas Box Breakout,WATCHLIST,60.0,99.0,15.05,14.74,2.8109783089862774,0.5527921891556175,83.7,0.9794019933554817,-0.020598006644518305,0.740740740740741,0.14575614205096057,257561674.70000002,BULL,אין פריצה מאושרת מעל הרמה | ווליום לא מאשר
2026-09-15 05:41:53,GLXY,EMA21/MA50 Pullback Bounce,WATCHLIST,46.0,56.0,25.944,24.13,7.900256350501082,0.5785485229677977,9.6,0.525479094076655,-0.06991982732038236,0.8931297709923659,-0.020154576601274645,136347047.6,BULL,לא מעל MA150 | מתחת ל-MA200 | אין פריצה מאושרת מעל הרמה | ווליום לא מאשר | RS לא מספיק חזק | רחוק מדי משיא 52 שבועות | ציון Entry Quality נמוך (46.0 < 60.0)
2026-09-15 05:41:57,THG,EMA21/MA50 Pullback Bounce,WATCHLIST,62.0,100.0,226.42999,231.19,2.5000000000000013,1.2133718530747009,76.0,0.9793281363354218,0.02102199448050143,0.6227537153230676,0.1722334981208476,61619070.7,BULL,ווליום לא מאשר | סגירת נר לא חזקה
2026-09-15 05:41:57,THG,Flat Base / Rectangle Breakout,WATCHLIST,59.0,94.0,236.070007,231.19,2.624328073326928,1.2133718530747009,76.0,0.9793281363354218,-0.020671863664578134,0.6227537153230676,0.1722334981208476,61619070.7,BULL,אין פריצה מאושרת מעל הרמה | ווליום לא מאשר | סגירת נר לא חזקה | ציון Entry Quality נמוך (59.0 < 60.0)
2026-09-15 05:41:57,THG,Darvas Box Breakout,WATCHLIST,61.0,90.0,236.070007,231.19,3.2243148825228634,1.2133718530747009,76.0,0.9793281363354218,-0.020671863664578134,0.6227537153230676,0.1722334981208476,61619070.7,BULL,אין פריצה מאושרת מעל הרמה | ווליום לא מאשר | סגירת נר לא חזקה
2026-09-15 05:42:11,RNW,Flat Base / Rectangle Breakout,WATCHLIST,46.0,75.0,6.88,6.83,11.740166865315864,0.7038628861902146,39.6,0.8288834951456311,-0.00726744186046509,0.4761904761904681,0.17274694078457872,18219468.95,BULL,אין פריצה מאושרת מעל הרמה | ווליום לא מאשר | סגירת נר לא חזקה | RS לא מספיק חזק | ציון Entry Quality נמוך (46.0 < 60.0)
2026-09-15 05:42:11,RNW,VCP Breakout,WATCHLIST,46.0,72.0,6.88,6.83,3.0,0.7038628861902146,39.6,0.8288834951456311,-0.00726744186046509,0.4761904761904681,0.17274694078457872,18219468.95,BULL,אין פריצה מאושרת מעל הרמה | ווליום לא מאשר | סגירת נר לא חזקה | RS לא מספיק חזק | ציון Entry Quality נמוך (46.0 < 60.0)
2026-09-15 05:42:11,RNW,Darvas Box Breakout,WATCHLIST,42.0,70.0,6.88,6.83,2.5,0.7038628861902146,39.6,0.8288834951456311,-0.00726744186046509,0.4761904761904681,0.17274694078457872,18219468.95,BULL,אין פריצה מאושרת מעל הרמה | ווליום לא מאשר | סגירת נר לא חזקה | RS לא מספיק חזק | ציון Entry Quality נמוך (42.0 < 60.0)
2026-09-15 05:42:15,BLFS,EMA21/MA50 Pullback Bounce,WATCHLIST,61.0,94.0,35.43,35.43,2.499999999999997,0.6054158266277163,94.6,0.9299213086572865,0.0,0.9294117647058798,0.360933563128914,30138706.65,BULL,אין פריצה מאושרת מעל הרמה | ווליום לא מאשר | R:R נמוך מדי
2026-09-15 05:42:23,AEM,EMA21/MA50 Pullback Bounce,WATCHLIST,65.0,76.0,202.58,197.55,5.152878366720984,0.7407586163625219,62.3,0.7739774026807161,-0.024829696909862774,0.939022605599167,0.048783240810978915,613964657.25,BULL,אין פריצה מאושרת מעל הרמה | ווליום לא מאשר | RS לא מספיק חזק
2026-09-15 05:42:27,MDGL,EMA21/MA50 Pullback Bounce,WATCHLIST,51.0,87.0,546.56,540.059998,2.5,0.7030863920212049,64.8,0.878146338211382,-0.011892568062060882,0.9035888612938248,0.06926058450578278,120211954.95481999,BULL,אין פריצה מאושרת מעל הרמה | ווליום לא מאשר | גוף נר חלש | RS לא מספיק חזק | ציון Entry Quality נמוך (51.0 < 60.0)
2026-09-15 05:42:27,MDGL,Darvas Box Breakout,WATCHLIST,56.0,78.0,552.080017,540.059998,2.9377420017492732,0.7030863920212049,64.8,0.878146338211382,-0.02177224067140986,0.9035888612938248,0.06926058450578278,120211954.95481999,BULL,אין פריצה מאושרת מעל הרמה | ווליום לא מאשר | גוף נר חלש | RS לא מספיק חזק | ציון Entry Quality נמוך (56.0 < 60.0)
2026-09-15 05:42:27,MDGL,VCP Breakout,WATCHLIST,58.0,76.0,552.080017,540.059998,3.0000000000000018,0.7030863920212049,64.8,0.878146338211382,-0.02177224067140986,0.9035888612938248,0.06926058450578278,120211954.95481999,BULL,אין פריצה מאושרת מעל הרמה | ווליום לא מאשר | גוף נר חלש | RS לא מספיק חזק | ציון Entry Quality נמוך (58.0 < 60.0)
2026-09-15 05:42:31,INTR,EMA21/MA50 Pullback Bounce,WATCHLIST,38.0,49.0,5.81,5.58,2.5,0.907982979671711,6.7,0.5386100386100386,-0.03958691910499132,0.8611111111111096,-0.17016973350253808,24037468.2,BULL,לא מעל MA150 | MA150 לא עולה | מתחת ל-MA200 | אין פריצה מאושרת מעל הרמה | ווליום לא מאשר | RS לא מספיק חזק | רחוק מדי משיא 52 שבועות | ציון Entry Quality נמוך (38.0 < 60.0)
2026-09-15 05:42:35,MEDP,EMA21/MA50 Pullback Bounce,WATCHLIST,53.0,99.0,595.27502,595.40997,3.993097633106951,1.030557834290402,77.7,0.8783153155829675,0.00022670193686273523,0.5200152480550532,0.18959236193956747,116128760.5488,BULL,אין פריצה מאושרת מעל הרמה | ווליום לא מאשר | סגירת נר לא חזקה | גוף נר חלש | ציון Entry Quality נמוך (53.0 < 60.0)
2026-09-15 05:42:39,RBCAA,EMA21/MA50 Pullback Bounce,WATCHLIST,44.0,95.0,99.13,96.51,2.5,1.2143742255266419,75.3,0.9441400900019566,-0.026429940482195,0.4560439560439568,0.1715629819046668,9735446.25,BULL,אין פריצה מאושרת מעל הרמה | ווליום לא מאשר | סגירת נר לא חזקה | גוף נר חלש | ציון Entry Quality נמוך (44.0 < 60.0)
2026-09-15 05:42:39,RBCAA,VCP Breakout,WATCHLIST,51.0,90.0,99.13,96.51,3.0,1.2143742255266419,75.3,0.9441400900019566,-0.026429940482195,0.4560439560439568,0.1715629819046668,9735446.25,BULL,אין פריצה מאושרת מעל הרמה | ווליום לא מאשר | סגירת נר לא חזקה | גוף נר חלש | ציון Entry Quality נמוך (51.0 < 60.0)
2026-09-15 05:42:39,RBCAA,Darvas Box Breakout,WATCHLIST,47.0,88.0,99.13,96.51,2.5,1.2143742255266419,75.3,0.9441400900019566,-0.026429940482195,0.4560439560439568,0.1715629819046668,9735446.25,BULL,אין פריצה מאושרת מעל הרמה | ווליום לא מאשר | סגירת נר לא חזקה | גוף נר חלש | ציון Entry Quality נמוך (47.0 < 60.0)
2026-09-15 05:42:54,AESI,EMA21/MA50 Pullback Bounce,WATCHLIST,35.0,58.0,14.405,13.14,9.469874387907184,1.0795022710965172,31.2,0.6527570789865872,-0.0878167303019784,0.37349397590361505,-0.06960277649262168,40196508.300000004,BULL,לא מעל MA150 | מתחת ל-MA200 | אין פריצה מאושרת מעל הרמה | ווליום לא מאשר | סגירת נר לא חזקה | RS לא מספיק חזק | רחוק מדי משיא 52 שבועות | ציון Entry Quality נמוך (35.0 < 60.0)
2026-09-15 05:42:59,LKFN,EMA21/MA50 Pullback Bounce,WATCHLIST,35.0,73.0,61.43,60.76,2.5000000000000027,1.2991184553338806,28.7,0.9093085902424425,-0.01090672309946283,0.25874125874125703,0.010435849301790775,8512172.2,BULL,MA150 לא עולה | אין פריצה מאושרת מעל הרמה | ווליום לא מאשר | סגירת נר לא חזקה | גוף נר חלש | RS לא מספיק חזק | ציון Entry Quality נמוך (35.0 < 60.0)
2026-09-15 05:42:59,LKFN,VCP Breakout,WATCHLIST,42.0,64.0,61.43,60.76,3.0,1.2991184553338806,28.7,0.9093085902424425,-0.01090672309946283,0.25874125874125703,0.010435849301790775,8512172.2,BULL,MA150 לא עולה | אין פריצה מאושרת מעל הרמה | ווליום לא מאשר | סגירת נר לא חזקה | גוף נר חלש | RS לא מספיק חזק | ציון Entry Quality נמוך (42.0 < 60.0)
2026-09-15 05:43:03,GOOG,EMA21/MA50 Pullback Bounce,WATCHLIST,69.0,93.0,339.95001,345.70999,2.5000000000000013,1.4622622760897654,64.7,0.8547234405518332,0.016943608855902032,0.904018407215544,0.01628614720336384,5305649244.628901,BULL,RS לא מספיק חזק
2026-09-15 05:43:03,GOOG,Darvas Box Breakout,WATCHLIST,64.0,80.0,348.079987,345.70999,2.5000000000000013,1.4622622760897654,64.7,0.8547234405518332,-0.006808771226482527,0.904018407215544,0.01628614720336384,5305649244.628901,BULL,אין פריצה מאושרת מעל הרמה | RS לא מספיק חזק
2026-09-15 05:43:03,GOOG,VCP Breakout,WATCHLIST,68.0,78.0,348.079987,345.70999,3.0,1.4622622760897654,64.7,0.8547234405518332,-0.006808771226482527,0.904018407215544,0.01628614720336384,5305649244.628901,BULL,אין פריצה מאושרת מעל הרמה | RS לא מספיק חזק
2026-09-15 05:43:07,STRA,EMA21/MA50 Pullback Bounce,WATCHLIST,49.0,73.0,82.12,82.73,2.5,1.184885902166519,41.0,0.9219881867825699,0.007428153921091079,0.2704626334519589,0.03141838685149795,20066575.150000002,BULL,MA150 לא עולה | ווליום לא מאשר | סגירת נר לא חזקה | גוף נר חלש | RS לא מספיק חזק | ציון Entry Quality נמוך (49.0 < 60.0)
2026-09-15 05:43:18,TM,Flat Base / Rectangle Breakout,WATCHLIST,50.0,71.0,200.86,197.56,3.576225212651091,0.9079171312870473,35.6,0.7937324545493152,-0.016429353778751425,0.9672132939164257,0.0013665150817562598,67324496.8,BULL,MA150 לא עולה | מתחת ל-MA200 | אין פריצה מאושרת מעל הרמה | ווליום לא מאשר | RS לא מספיק חזק | ציון Entry Quality נמוך (50.0 < 60.0)
2026-09-15 05:43:18,TM,EMA21/MA50 Pullback Bounce,WATCHLIST,43.0,67.0,198.92999,197.56,2.5,0.9079171312870473,35.6,0.7937324545493152,-0.006886794695963145,0.9672132939164257,0.0013665150817562598,67324496.8,BULL,MA150 לא עולה | מתחת ל-MA200 | אין פריצה מאושרת מעל הרמה | ווליום לא מאשר | RS לא מספיק חזק | ציון Entry Quality נמוך (43.0 < 60.0)
2026-09-15 05:43:18,TM,Darvas Box Breakout,WATCHLIST,46.0,66.0,200.86,197.56,2.5,0.9079171312870473,35.6,0.7937324545493152,-0.016429353778751425,0.9672132939164257,0.0013665150817562598,67324496.8,BULL,MA150 לא עולה | מתחת ל-MA200 | אין פריצה מאושרת מעל הרמה | ווליום לא מאשר | RS לא מספיק חזק | ציון Entry Quality נמוך (46.0 < 60.0)
2026-09-15 05:43:25,JCE,Flat Base / Rectangle Breakout,WATCHLIST,48.0,85.0,17.45,17.01,5.4690909090908955,1.4640653660163414,45.0,0.9747851002865331,-0.02521489971346692,0.6470588235294134,0.05393381969237756,510044.85000000003,BULL,אין פריצה מאושרת מעל הרמה | סגירת נר לא חזקה | גוף נר חלש | RS לא מספיק חזק | נזילות דולרית נמוכה | ציון Entry Quality נמוך (48.0 < 60.0)
2026-09-15 05:43:25,JCE,Darvas Box Breakout,WATCHLIST,48.0,79.0,17.45,17.01,5.4690909090908955,1.4640653660163414,45.0,0.9747851002865331,-0.02521489971346692,0.6470588235294134,0.05393381969237756,510044.85000000003,BULL,אין פריצה מאושרת מעל הרמה | סגירת נר לא חזקה | גוף נר חלש | RS לא מספיק חזק | נזילות דולרית נמוכה | ציון Entry Quality נמוך (48.0 < 60.0)
2026-09-15 05:43:25,JCE,EMA21/MA50 Pullback Bounce,WATCHLIST,41.0,75.0,17.049999,17.01,2.5,1.4640653660163414,45.0,0.9747851002865331,-0.0023459825422862558,0.6470588235294134,0.05393381969237756,510044.85000000003,BULL,אין פריצה מאושרת מעל הרמה | סגירת נר לא חזקה | גוף נר חלש | RS לא מספיק חזק | נזילות דולרית נמוכה | ציון Entry Quality נמוך (41.0 < 60.0)
2026-09-15 05:43:30,CXW,EMA21/MA50 Pullback Bounce,WATCHLIST,49.0,88.0,35.07,34.23,2.499999999999999,0.7964947923964317,96.1,0.9696883852691218,-0.023952095808383332,0.15573701289919092,0.3697259753954944,58631882.39999999,BULL,אין פריצה מאושרת מעל הרמה | ווליום לא מאשר | סגירת נר לא חזקה | R:R נמוך מדי | ציון Entry Quality נמוך (49.0 < 60.0)
2026-09-15 05:43:40,PYT,EMA21/MA50 Pullback Bounce,WATCHLIST,33.0,68.0,23.77,23.77,2.5000000000000044,,33.7,0.9534697152025672,0.0,,0.011274196979366116,27335.5,BULL,MA150 לא עולה | אין פריצה מאושרת מעל הרמה | ווליום לא מאשר | סגירת נר לא חזקה | גוף נר חלש | RS לא מספיק חזק | נזילות דולרית נמוכה | ציון Entry Quality נמוך (33.0 < 60.0)
2026-09-15 05:43:44,HSIC,EMA21/MA50 Pullback Bounce,WATCHLIST,54.0,95.0,88.79,88.93,2.500000000000003,0.9066034496128325,67.5,0.9647428943371664,0.001576754138979621,0.8707482993197293,0.10388401481793469,80278000.30000001,BULL,אין פריצה מאושרת מעל הרמה | ווליום לא מאשר | גוף נר חלש | RS לא מספיק חזק | ציון Entry Quality נמוך (54.0 < 60.0)
2026-09-15 05:44:02,MHK,EMA21/MA50 Pullback Bounce,WATCHLIST,49.0,96.0,129.25,129.42,2.5,1.2090153683683962,48.8,0.9224518888096933,0.0013152804642165377,0.9568965517241378,0.13575465346279725,116422996.49999999,BULL,MA150 לא עולה | אין פריצה מאושרת מעל הרמה | ווליום לא מאשר | RS לא מספיק חזק | ציון Entry Quality נמוך (49.0 < 60.0)
2026-09-15 05:44:20,MO,EMA21/MA50 Pullback Bounce,WATCHLIST,57.0,87.0,69.66,70.61,2.5,0.924187529394526,37.8,0.9162990115831564,0.013637668676428408,0.5769205991148059,0.023445071978572478,597534300.6,BULL,ווליום לא מאשר | סגירת נר לא חזקה | RS לא מספיק חזק | ציון Entry Quality נמוך (57.0 < 60.0)
2026-09-15 05:44:20,MO,VCP Breakout,WATCHLIST,56.0,75.0,70.53,70.61,3.0,0.924187529394526,37.8,0.9162990115831564,0.001134269105345219,0.5769205991148059,0.023445071978572478,597534300.6,BULL,אין פריצה מאושרת מעל הרמה | ווליום לא מאשר | סגירת נר לא חזקה | RS לא מספיק חזק | ציון Entry Quality נמוך (56.0 < 60.0)
2026-09-15 05:44:20,MO,Darvas Box Breakout,WATCHLIST,54.0,73.0,70.53,70.61,2.5,0.924187529394526,37.8,0.9162990115831564,0.001134269105345219,0.5769205991148059,0.023445071978572478,597534300.6,BULL,אין פריצה מאושרת מעל הרמה | ווליום לא מאשר | סגירת נר לא חזקה | RS לא מספיק חזק | ציון Entry Quality נמוך (54.0 < 60.0)
2026-09-15 05:44:25,EXLS,EMA21/MA50 Pullback Bounce,WATCHLIST,43.0,67.0,35.33,36.45,2.5,0.7298271696710649,48.1,0.822427797833935,0.03170110387772444,0.6190476190476203,0.17856911824799926,73551543.75,BULL,המחיר כבר רחוק מדי מהכניסה | ווליום לא מאשר | סגירת נר לא חזקה | RS לא מספיק חזק | ציון Entry Quality נמוך (43.0 < 60.0)
2026-09-15 05:44:29,AZTA,EMA21/MA50 Pullback Bounce,WATCHLIST,53.0,91.0,31.08,32.040001,2.499999999999999,0.7893574198615679,82.7,0.7677929786724179,0.03088806306306301,0.8805975124378088,0.2502211543211174,26107474.414839998,BULL,MA150 לא עולה | המחיר כבר רחוק מדי מהכניסה | ווליום לא מאשר | R:R נמוך מדי | ציון Entry Quality נמוך (53.0 < 60.0)
2026-09-15 05:44:37,MSGE,VCP Breakout,WATCHLIST,70.0,100.0,81.22,80.39,3.0,1.7868640813191483,93.6,0.889171551819489,-0.010219157842895817,0.7533039647577078,0.15677053976999292,24595722.45,BULL,אין פריצה מאושרת מעל הרמה
2026-09-15 05:44:37,MSGE,EMA21/MA50 Pullback Bounce,ENTRY_READY,71.0,100.0,79.49,80.39,2.5000000000000013,1.7868640813191483,93.6,0.889171551819489,0.01132217889042654,0.7533039647577078,0.15677053976999292,24595722.45,BULL,
2026-09-15 05:44:41,TD,EMA21/MA50 Pullback Bounce,WATCHLIST,63.0,100.0,121.32,120.93,2.5000000000000044,1.2940745631228208,82.6,0.9638160516458119,-0.003214638971315417,0.7878787878787921,0.09932432799020481,234454246.8,BULL,אין פריצה מאושרת מעל הרמה | ווליום לא מאשר
2026-09-15 05:44:45,ICLR,EMA21/MA50 Pullback Bounce,WATCHLIST,50.0,65.0,175.63,168.92999,2.499999999999999,2.0176320116937694,67.0,0.8284536805453386,-0.03814843705517276,0.20178428890051484,0.24281948480968824,110946460.2324,BULL,אין פריצה מאושרת מעל הרמה | סגירת נר לא חזקה | RS לא מספיק חזק | R:R נמוך מדי | ציון Entry Quality נמוך (50.0 < 60.0)
2026-09-15 05:44:49,NVR,EMA21/MA50 Pullback Bounce,WATCHLIST,39.0,53.0,6191.97021,6299.56006,2.4999999999999982,0.9047272727272727,15.5,0.7372744359803395,0.017375705365352424,0.8720630356780236,-0.035122908780643426,216547377.0625,BULL,לא מעל MA150 | MA150 לא עולה | מתחת ל-MA200 | ווליום לא מאשר | RS לא מספיק חזק | רחוק מדי משיא 52 שבועות | R:R נמוך מדי | ציון Entry Quality נמוך (39.0 < 60.0)
2026-09-15 05:44:49,NVR,VCP Breakout,WATCHLIST,43.0,45.0,6469.99023,6299.56006,3.0,0.9047272727272727,15.5,0.7372744359803395,-0.02634164255917285,0.8720630356780236,-0.035122908780643426,216547377.0625,BULL,לא מעל MA150 | MA150 לא עולה | מתחת ל-MA200 | אין פריצה מאושרת מעל הרמה | ווליום לא מאשר | RS לא מספיק חזק | רחוק מדי משיא 52 שבועות | ציון Entry Quality נמוך (43.0 < 60.0)
2026-09-15 05:45:00,ZBRA,EMA21/MA50 Pullback Bounce,WATCHLIST,63.0,100.0,356.76999,351.81,2.5000000000000018,1.0116773107447292,90.4,0.9108820932894366,-0.013902486585264653,0.7635692397141121,0.33830549286625816,197486784.45,BULL,אין פריצה מאושרת מעל הרמה | ווליום לא מאשר
2026-09-15 05:45:04,MTG,EMA21/MA50 Pullback Bounce,WATCHLIST,38.0,80.0,31.21,30.87,2.5,1.1097394843505608,59.4,0.9680150517403575,-0.010893944248638252,0.23684210526315813,0.11149783938754254,45887483.25,BULL,אין פריצה מאושרת מעל הרמה | ווליום לא מאשר | סגירת נר לא חזקה | RS לא מספיק חזק | ציון Entry Quality נמוך (38.0 < 60.0)
2026-09-15 05:45:04,MTG,Darvas Box Breakout,WATCHLIST,43.0,75.0,31.62,30.87,3.5789473684210487,1.1097394843505608,59.4,0.9680150517403575,-0.023719165085388995,0.23684210526315813,0.11149783938754254,45887483.25,BULL,אין פריצה מאושרת מעל הרמה | ווליום לא מאשר | סגירת נר לא חזקה | RS לא מספיק חזק | ציון Entry Quality נמוך (43.0 < 60.0)
2026-09-15 05:45:04,MTG,VCP Breakout,WATCHLIST,43.0,69.0,31.62,30.87,2.9999999999999933,1.1097394843505608,59.4,0.9680150517403575,-0.023719165085388995,0.23684210526315813,0.11149783938754254,45887483.25,BULL,אין פריצה מאושרת מעל הרמה | ווליום לא מאשר | סגירת נר לא חזקה | RS לא מספיק חזק | ציון Entry Quality נמוך (43.0 < 60.0)
2026-09-15 05:45:12,FIGR,EMA21/MA50 Pullback Bounce,WATCHLIST,42.0,62.0,38.965,35.65,5.7128906249999964,0.5647529072864332,56.1,0.45705128205128204,-0.0850763505710254,0.6892857142857132,0.07885910075712182,167318997.0,BULL,MA150 לא עולה | מתחת ל-MA200 | אין פריצה מאושרת מעל הרמה | ווליום לא מאשר | RS לא מספיק חזק | רחוק מדי משיא 52 שבועות | ציון Entry Quality נמוך (42.0 < 60.0)
2026-09-15 05:45:16,TOWN,EMA21/MA50 Pullback Bounce,WATCHLIST,49.0,90.0,37.39,37.35,2.5,1.2173062820826204,43.3,0.9569562120665185,-0.001069804760631162,0.6818189049570346,0.05132689498666148,18335862.0,BULL,אין פריצה מאושרת מעל הרמה | ווליום לא מאשר | RS לא מספיק חזק | ציון Entry Quality נמוך (49.0 < 60.0)
2026-09-15 05:45:16,TOWN,VCP Breakout,WATCHLIST,56.0,81.0,38.17,37.35,3.0,1.2173062820826204,43.3,0.9569562120665185,-0.021482839926643967,0.6818189049570346,0.05132689498666148,18335862.0,BULL,אין פריצה מאושרת מעל הרמה | ווליום לא מאשר | RS לא מספיק חזק | ציון Entry Quality נמוך (56.0 < 60.0)
2026-09-15 05:45:16,TOWN,Darvas Box Breakout,WATCHLIST,52.0,79.0,38.17,37.35,2.5,1.2173062820826204,43.3,0.9569562120665185,-0.021482839926643967,0.6818189049570346,0.05132689498666148,18335862.0,BULL,אין פריצה מאושרת מעל הרמה | ווליום לא מאשר | RS לא מספיק חזק | ציון Entry Quality נמוך (52.0 < 60.0)
2026-09-15 05:45:23,SLAB,Breakout Retest Entry,WATCHLIST,50.0,94.0,219.75,219.28,2.5,1.0166373509335314,79.2,0.9855723409783657,-0.0021387940841865703,0.29166362850386757,0.02305322110437716,67942811.6,BULL,אין פריצה מאושרת מעל הרמה | ווליום לא מאשר | סגירת נר לא חזקה | גוף נר חלש | ציון Entry Quality נמוך (50.0 < 60.0)
2026-09-15 05:45:23,SLAB,Flat Base / Rectangle Breakout,WATCHLIST,54.0,91.0,222.49001,219.28,2.7120939042589947,1.0166373509335314,79.2,0.9855723409783657,-0.014427659021634323,0.29166362850386757,0.02305322110437716,67942811.6,BULL,אין פריצה מאושרת מעל הרמה | ווליום לא מאשר | סגירת נר לא חזקה | גוף נר חלש | ציון Entry Quality נמוך (54.0 < 60.0)
2026-09-15 05:45:23,SLAB,Darvas Box Breakout,WATCHLIST,54.0,88.0,222.49001,219.28,2.5312880266330056,1.0166373509335314,79.2,0.9855723409783657,-0.014427659021634323,0.29166362850386757,0.02305322110437716,67942811.6,BULL,אין פריצה מאושרת מעל הרמה | ווליום לא מאשר | סגירת נר לא חזקה | גוף נר חלש | ציון Entry Quality נמוך (54.0 < 60.0)
2026-09-15 05:45:28,SYY,Darvas Box Breakout,WATCHLIST,44.0,66.0,85.25,83.54,2.5,0.8948553658597981,35.8,0.9095264017419707,-0.020058651026392888,0.16666666666667565,0.03677914186822998,215717405.70000002,BULL,MA150 לא עולה | אין פריצה מאושרת מעל הרמה | ווליום לא מאשר | סגירת נר לא חזקה | RS לא מספיק חזק | ציון Entry Quality נמוך (44.0 < 60.0)
2026-09-15 05:45:28,SYY,EMA21/MA50 Pullback Bounce,WATCHLIST,41.0,66.0,84.7,83.54,2.5,0.8948553658597981,35.8,0.9095264017419707,-0.013695395513577291,0.16666666666667565,0.03677914186822998,215717405.70000002,BULL,MA150 לא עולה | אין פריצה מאושרת מעל הרמה | ווליום לא מאשר | סגירת נר לא חזקה | RS לא מספיק חזק | ציון Entry Quality נמוך (41.0 < 60.0)
2026-09-15 05:45:32,EQBK,EMA21/MA50 Pullback Bounce,WATCHLIST,35.0,80.0,50.41,50.23,2.5,1.0844417265453805,56.7,0.9609718767935718,-0.003570720095219197,0.17391304347825773,0.06350994304897116,4928316.449999999,BULL,אין פריצה מאושרת מעל הרמה | ווליום לא מאשר | סגירת נר לא חזקה | גוף נר חלש | RS לא מספיק חזק | נזילות דולרית נמוכה | ציון Entry Quality נמוך (35.0 < 60.0)
2026-09-15 05:45:36,RUM,EMA21/MA50 Pullback Bounce,WATCHLIST,45.0,86.0,7.5,8.0,2.500000000000001,6.291355246591122,59.4,0.7550731477111845,0.06666666666666667,0.38022813688212975,0.18835412953060007,32849520.0,BULL,המחיר כבר רחוק מדי מהכניסה | סגירת נר לא חזקה | RS לא מספיק חזק | ציון Entry Quality נמוך (45.0 < 60.0)
2026-09-15 05:45:47,BXSL,EMA21/MA50 Pullback Bounce,WATCHLIST,50.0,79.0,24.56,24.65,2.5,0.9251910025060748,25.9,0.855457227138643,0.003664495114006509,0.7118644067796563,0.026883661225071864,32360766.499999996,BULL,MA150 לא עולה | מתחת ל-MA200 | ווליום לא מאשר | RS לא מספיק חזק | ציון Entry Quality נמוך (50.0 < 60.0)
2026-09-15 05:45:47,BXSL,Flat Base / Rectangle Breakout,WATCHLIST,49.0,72.0,25.24,24.65,5.464098073555181,0.9251910025060748,25.9,0.855457227138643,-0.0233755942947702,0.7118644067796563,0.026883661225071864,32360766.499999996,BULL,MA150 לא עולה | מתחת ל-MA200 | אין פריצה מאושרת מעל הרמה | ווליום לא מאשר | RS לא מספיק חזק | ציון Entry Quality נמוך (49.0 < 60.0)
2026-09-15 05:45:47,BXSL,Darvas Box Breakout,WATCHLIST,49.0,66.0,25.24,24.65,5.464098073555181,0.9251910025060748,25.9,0.855457227138643,-0.0233755942947702,0.7118644067796563,0.026883661225071864,32360766.499999996,BULL,MA150 לא עולה | מתחת ל-MA200 | אין פריצה מאושרת מעל הרמה | ווליום לא מאשר | RS לא מספיק חזק | ציון Entry Quality נמוך (49.0 < 60.0)
2026-09-15 05:45:54,NSP,EMA21/MA50 Pullback Bounce,WATCHLIST,66.0,100.0,50.19,50.96,2.5000000000000013,1.576119792942406,92.6,0.9116279069767442,0.015341701534170216,0.5258215962441314,0.3844716042048525,15603697.200000001,BULL,סגירת נר לא חזקה | גוף נר חלש
2026-09-15 05:45:58,NWS,EMA21/MA50 Pullback Bounce,WATCHLIST,60.0,94.0,33.080002,33.86,2.5,0.7976521935435322,55.8,0.946868008948546,0.023579140049628747,0.7701140573401641,0.12730638338020875,35997243.2,BULL,ווליום לא מאשר | RS לא מספיק חזק
2026-09-15 05:46:03,SLM,EMA21/MA50 Pullback Bounce,WATCHLIST,54.0,86.0,26.11,26.4,2.5000000000000013,0.8125143832320654,54.0,0.8499678316151908,0.011106855610877027,0.8281249999999954,0.12611011423192756,44166012.0,BULL,MA150 לא עולה | ווליום לא מאשר | RS לא מספיק חזק | ציון Entry Quality נמוך (54.0 < 60.0)
2026-09-15 05:46:10,BUSE,VCP Breakout,WATCHLIST,53.0,81.0,30.93,30.53,3.0,0.9078491471215352,63.7,0.9630914826498423,-0.012932428063368851,0.6562500000000021,0.09750135431535306,18327769.6,BULL,אין פריצה מאושרת מעל הרמה | ווליום לא מאשר | גוף נר חלש | RS לא מספיק חזק | ציון Entry Quality נמוך (53.0 < 60.0)
2026-09-15 05:46:10,BUSE,Darvas Box Breakout,WATCHLIST,49.0,79.0,31.42,30.53,2.737828912325552,0.9078491471215352,63.7,0.9630914826498423,-0.02832590706556335,0.6562500000000021,0.09750135431535306,18327769.6,BULL,אין פריצה מאושרת מעל הרמה | ווליום לא מאשר | גוף נר חלש | RS לא מספיק חזק | ציון Entry Quality נמוך (49.0 < 60.0)
2026-09-15 05:46:10,BUSE,EMA21/MA50 Pullback Bounce,WATCHLIST,46.0,79.0,30.72,30.53,2.500000000000004,0.9078491471215352,63.7,0.9630914826498423,-0.006184895833333259,0.6562500000000021,0.09750135431535306,18327769.6,BULL,אין פריצה מאושרת מעל הרמה | ווליום לא מאשר | גוף נר חלש | RS לא מספיק חזק | ציון Entry Quality נמוך (46.0 < 60.0)
2026-09-15 05:46:15,EZPW,EMA21/MA50 Pullback Bounce,WATCHLIST,64.0,99.0,33.029999,32.3,3.5939439066766026,0.519814581602851,92.2,0.8699165095610017,-0.02210109058737784,0.4025974025974012,0.07085075745746439,30136707.499999996,BULL,אין פריצה מאושרת מעל הרמה | ווליום לא מאשר | סגירת נר לא חזקה
2026-09-15 05:46:26,ZBIO,EMA21/MA50 Pullback Bounce,WATCHLIST,63.0,98.0,32.315,31.91,2.5000000000000018,0.9124895752451615,98.0,0.7154708520179373,-0.012532879467739367,0.9328358208955225,0.28950306983925844,22192128.6,BULL,אין פריצה מאושרת מעל הרמה | ווליום לא מאשר | רחוק מדי משיא 52 שבועות
2026-09-15 05:46:36,BFST,EMA21/MA50 Pullback Bounce,WATCHLIST,40.0,80.0,31.9,31.48,2.5,1.1560175170157758,67.5,0.9678708685626441,-0.013166144200626902,0.4318181818181835,0.08147476248119298,5966404.4,BULL,אין פריצה מאושרת מעל הרמה | ווליום לא מאשר | סגירת נר לא חזקה | גוף נר חלש | RS לא מספיק חזק | ציון Entry Quality נמוך (40.0 < 60.0)
2026-09-15 05:46:36,BFST,Darvas Box Breakout,WATCHLIST,43.0,73.0,32.3,31.48,2.5,1.1560175170157758,67.5,0.9678708685626441,-0.02538699690402467,0.4318181818181835,0.08147476248119298,5966404.4,BULL,אין פריצה מאושרת מעל הרמה | ווליום לא מאשר | סגירת נר לא חזקה | גוף נר חלש | RS לא מספיק חזק | ציון Entry Quality נמוך (43.0 < 60.0)
2026-09-15 05:46:36,BFST,VCP Breakout,WATCHLIST,45.0,69.0,31.9,31.48,2.999999999999997,1.1560175170157758,67.5,0.9678708685626441,-0.013166144200626902,0.4318181818181835,0.08147476248119298,5966404.4,BULL,אין פריצה מאושרת מעל הרמה | ווליום לא מאשר | סגירת נר לא חזקה | גוף נר חלש | RS לא מספיק חזק | ציון Entry Quality נמוך (45.0 < 60.0)
2026-09-15 05:46:48,SYM,EMA21/MA50 Pullback Bounce,WATCHLIST,38.0,58.0,42.99,41.6,3.6888888888888807,0.8492089847213311,17.9,0.4733727810650888,-0.03233310072109794,0.6842105263157897,-0.14062725874664161,64515568.0,BULL,לא מעל MA150 | MA150 לא עולה | מתחת ל-MA200 | אין פריצה מאושרת מעל הרמה | ווליום לא מאשר | RS לא מספיק חזק | רחוק מדי משיא 52 שבועות | ציון Entry Quality נמוך (38.0 < 60.0)
2026-09-15 05:46:52,TENB,EMA21/MA50 Pullback Bounce,WATCHLIST,65.0,100.0,32.16,35.080002,2.500000000000001,2.4960904265668002,85.7,0.8032975040073277,0.09079608208955237,0.9881801418439711,0.2983360718061389,166782782.90871,BULL,המחיר כבר רחוק מדי מהכניסה
2026-09-15 05:46:57,GMAB,EMA21/MA50 Pullback Bounce,WATCHLIST,59.0,95.0,32.7,32.65,3.07794692621246,0.603629817611179,76.2,0.9215354219587919,-0.0015290519877677144,0.29545454545453664,0.15095284170852355,76358065.25,BULL,אין פריצה מאושרת מעל הרמה | ווליום לא מאשר | סגירת נר לא חזקה | ציון Entry Quality נמוך (59.0 < 60.0)
2026-09-15 05:47:01,PK,EMA21/MA50 Pullback Bounce,WATCHLIST,61.0,100.0,15.66,15.32,2.5000000000000018,0.8883961587170477,74.0,0.9456790123456791,-0.021711366538952736,0.8124999999999987,0.1889794334497478,55827535.4,BULL,אין פריצה מאושרת מעל הרמה | ווליום לא מאשר
2026-09-15 05:47:12,NTAP,EMA21/MA50 Pullback Bounce,WATCHLIST,54.0,100.0,199.62,188.28,2.5000000000000018,0.8133991528854462,93.8,0.9006027064058424,-0.056807935076645645,0.01513010590015094,0.33419879886417025,467413572.6,BULL,אין פריצה מאושרת מעל הרמה | ווליום לא מאשר | סגירת נר לא חזקה | ציון Entry Quality נמוך (54.0 < 60.0)
2026-09-15 05:47:16,ULTA,EMA21/MA50 Pullback Bounce,WATCHLIST,51.0,65.0,547.080017,548.65002,2.4999999999999987,0.5659305595489387,50.6,0.767374915061118,0.0028697867792894407,0.7391325226460559,0.024333620469264322,391179234.5097,BULL,MA150 לא עולה | מתחת ל-MA200 | ווליום לא מאשר | גוף נר חלש | RS לא מספיק חזק | R:R נמוך מדי | ציון Entry Quality נמוך (51.0 < 60.0)
2026-09-15 05:47:20,RCI,EMA21/MA50 Pullback Bounce,WATCHLIST,43.0,75.0,36.53,36.65,2.5,1.0470125687516991,26.8,0.8908604764219737,0.0032849712565014354,0.10399999999999636,0.007495510209195376,35049861.0,BULL,MA150 לא עולה | ווליום לא מאשר | סגירת נר לא חזקה | גוף נר חלש | RS לא מספיק חזק | ציון Entry Quality נמוך (43.0 < 60.0)
2026-09-15 05:47:31,EPD,Flat Base / Rectangle Breakout,WATCHLIST,54.0,93.0,39.69,38.7,19.930875576035966,1.5626167937702322,53.5,0.9634055265123227,-0.024943310657596245,0.1351351351351367,0.024915783507392923,100959205.5,BULL,אין פריצה מאושרת מעל הרמה | סגירת נר לא חזקה | RS לא מספיק חזק | ציון Entry Quality נמוך (54.0 < 60.0)
2026-09-15 05:47:31,EPD,Darvas Box Breakout,WATCHLIST,54.0,87.0,39.69,38.7,15.668202764976233,1.5626167937702322,53.5,0.9634055265123227,-0.024943310657596245,0.1351351351351367,0.024915783507392923,100959205.5,BULL,אין פריצה מאושרת מעל הרמה | סגירת נר לא חזקה | RS לא מספיק חזק | ציון Entry Quality נמוך (54.0 < 60.0)
2026-09-15 05:47:35,CART,EMA21/MA50 Pullback Bounce,WATCHLIST,56.0,81.0,48.835,49.48,2.5,0.823219914476847,60.0,0.9392558845861807,0.013207740350158616,0.5512431776834436,0.1583355048616425,176517673.39999998,BULL,ווליום לא מאשר | סגירת נר לא חזקה | גוף נר חלש | RS לא מספיק חזק | ציון Entry Quality נמוך (56.0 < 60.0)
2026-09-15 05:47:39,AES,Flat Base / Rectangle Breakout,WATCHLIST,42.0,66.0,14.85,14.8,2.5,0.6485895614386125,44.1,0.8385269121813033,-0.0033670033670032953,0.0,0.005193500203843214,110209976.0,BULL,MA150 לא עולה | אין פריצה מאושרת מעל הרמה | ווליום לא מאשר | סגירת נר לא חזקה | גוף נר חלש | RS לא מספיק חזק | ציון Entry Quality נמוך (42.0 < 60.0)
2026-09-15 05:47:39,AES,VCP Breakout,WATCHLIST,44.0,65.0,14.85,14.8,3.0,0.6485895614386125,44.1,0.8385269121813033,-0.0033670033670032953,0.0,0.005193500203843214,110209976.0,BULL,MA150 לא עולה | אין פריצה מאושרת מעל הרמה | ווליום לא מאשר | סגירת נר לא חזקה | גוף נר חלש | RS לא מספיק חזק | ציון Entry Quality נמוך (44.0 < 60.0)
2026-09-15 05:47:40,AES,Darvas Box Breakout,WATCHLIST,42.0,63.0,14.85,14.8,2.5,0.6485895614386125,44.1,0.8385269121813033,-0.0033670033670032953,0.0,0.005193500203843214,110209976.0,BULL,MA150 לא עולה | אין פריצה מאושרת מעל הרמה | ווליום לא מאשר | סגירת נר לא חזקה | גוף נר חלש | RS לא מספיק חזק | ציון Entry Quality נמוך (42.0 < 60.0)
2026-09-15 05:47:47,VOYA,Flat Base / Rectangle Breakout,WATCHLIST,63.0,98.0,105.64,103.14,3.8482157087178828,1.1094700839514946,82.2,0.9763347216963272,-0.023665278303672852,0.3965517241379309,0.2136059413709473,92879632.8,BULL,אין פריצה מאושרת מעל הרמה | ווליום לא מאשר | סגירת נר לא חזקה
2026-09-15 05:47:47,VOYA,EMA21/MA50 Pullback Bounce,WATCHLIST,56.0,96.0,103.99,103.14,2.5,1.1094700839514946,82.2,0.9763347216963272,-0.00817386287142989,0.3965517241379309,0.2136059413709473,92879632.8,BULL,אין פריצה מאושרת מעל הרמה | ווליום לא מאשר | סגירת נר לא חזקה | ציון Entry Quality נמוך (56.0 < 60.0)
2026-09-15 05:47:47,VOYA,Darvas Box Breakout,WATCHLIST,63.0,95.0,105.64,103.14,3.204914009185873,1.1094700839514946,82.2,0.9763347216963272,-0.023665278303672852,0.3965517241379309,0.2136059413709473,92879632.8,BULL,אין פריצה מאושרת מעל הרמה | ווליום לא מאשר | סגירת נר לא חזקה
2026-09-15 05:47:51,INTU,EMA21/MA50 Pullback Bounce,WATCHLIST,32.0,53.0,323.089996,339.14999,2.499999999999999,0.9069558084102989,11.1,0.4810092213973496,0.049707493883530886,0.7457755430410299,-0.04842544360788377,1358124439.20505,BULL,לא מעל MA150 | MA150 לא עולה | מתחת ל-MA200 | המחיר כבר רחוק מדי מהכניסה | ווליום לא מאשר | RS לא מספיק חזק | רחוק מדי משיא 52 שבועות | R:R נמוך מדי | ציון Entry Quality נמוך (32.0 < 60.0)
2026-09-15 05:48:02,ARCC,Flat Base / Rectangle Breakout,WATCHLIST,50.0,90.0,20.23,19.8,5.702490001290144,1.6428338317470679,31.0,0.88,-0.02125556104794858,0.4736842105263207,0.04626462355741783,74320785.0,BULL,אין פריצה מאושרת מעל הרמה | סגירת נר לא חזקה | גוף נר חלש | RS לא מספיק חזק | ציון Entry Quality נמוך (50.0 < 60.0)
2026-09-15 05:48:02,ARCC,Darvas Box Breakout,WATCHLIST,50.0,84.0,20.23,19.8,5.702490001290144,1.6428338317470679,31.0,0.88,-0.02125556104794858,0.4736842105263207,0.04626462355741783,74320785.0,BULL,אין פריצה מאושרת מעל הרמה | סגירת נר לא חזקה | גוף נר חלש | RS לא מספיק חזק | ציון Entry Quality נמוך (50.0 < 60.0)
2026-09-15 05:48:02,ARCC,VCP Breakout,WATCHLIST,50.0,76.0,20.23,19.8,3.0,1.6428338317470679,31.0,0.88,-0.02125556104794858,0.4736842105263207,0.04626462355741783,74320785.0,BULL,אין פריצה מאושרת מעל הרמה | סגירת נר לא חזקה | גוף נר חלש | RS לא מספיק חזק | ציון Entry Quality נמוך (50.0 < 60.0)
2026-09-15 05:48:10,STVN,EMA21/MA50 Pullback Bounce,WATCHLIST,54.0,85.0,21.35,21.32,2.500000000000001,0.6602697609838342,52.5,0.7614285714285715,-0.001405152224824409,0.9923076863905296,0.2026444644519073,8598782.4,BULL,אין פריצה מאושרת מעל הרמה | ווליום לא מאשר | RS לא מספיק חזק | ציון Entry Quality נמוך (54.0 < 60.0)
2026-09-15 05:48:17,AYA,EMA21/MA50 Pullback Bounce,WATCHLIST,63.0,95.0,30.02,26.91,,2.4350160929191156,99.0,0.8851973684210527,-0.10359760159893402,0.9350649350649343,0.3542575320405289,30767817.6,BULL,אין פריצה מאושרת מעל הרמה | גוף נר חלש | R:R נמוך מדי
2026-09-15 05:48:21,DCOM,EMA21/MA50 Pullback Bounce,WATCHLIST,52.0,88.0,41.13,41.0099983,2.5,1.1078506250753708,69.7,0.9771264784369789,-0.002917619742280649,0.76470388235294,0.09732794231170515,10202057.277091,BULL,אין פריצה מאושרת מעל הרמה | ווליום לא מאשר | RS לא מספיק חזק | ציון Entry Quality נמוך (52.0 < 60.0)
2026-09-15 05:48:21,DCOM,Flat Base / Rectangle Breakout,WATCHLIST,57.0,84.0,41.97,41.0099983,2.5,1.1078506250753708,69.7,0.9771264784369789,-0.022873521563021193,0.76470388235294,0.09732794231170515,10202057.277091,BULL,אין פריצה מאושרת מעל הרמה | ווליום לא מאשר | RS לא מספיק חזק | ציון Entry Quality נמוך (57.0 < 60.0)
2026-09-15 05:48:21,DCOM,Darvas Box Breakout,WATCHLIST,55.0,81.0,41.49,41.0099983,2.5,1.1078506250753708,69.7,0.9771264784369789,-0.011569093757531996,0.76470388235294,0.09732794231170515,10202057.277091,BULL,אין פריצה מאושרת מעל הרמה | ווליום לא מאשר | RS לא מספיק חזק | ציון Entry Quality נמוך (55.0 < 60.0)
2026-09-15 05:48:33,UFCS,EMA21/MA50 Pullback Bounce,WATCHLIST,52.0,97.0,56.74,55.43,2.500000000000001,0.8718214841722886,94.7,0.9769122312301727,-0.02308776876982732,0.6284153005464479,0.21035538363457204,8545088.8,BULL,אין פריצה מאושרת מעל הרמה | ווליום לא מאשר | סגירת נר לא חזקה | גוף נר חלש | ציון Entry Quality נמוך (52.0 < 60.0)
2026-09-15 05:48:33,UFCS,Darvas Box Breakout,WATCHLIST,57.0,93.0,56.74,55.43,2.500000000000001,0.8718214841722886,94.7,0.9769122312301727,-0.02308776876982732,0.6284153005464479,0.21035538363457204,8545088.8,BULL,אין פריצה מאושרת מעל הרמה | ווליום לא מאשר | סגירת נר לא חזקה | גוף נר חלש | ציון Entry Quality נמוך (57.0 < 60.0)
2026-09-15 05:48:33,UFCS,Flat Base / Rectangle Breakout,WATCHLIST,57.0,90.0,56.74,55.43,2.542709574890744,0.8718214841722886,94.7,0.9769122312301727,-0.02308776876982732,0.6284153005464479,0.21035538363457204,8545088.8,BULL,אין פריצה מאושרת מעל הרמה | ווליום לא מאשר | סגירת נר לא חזקה | גוף נר חלש | ציון Entry Quality נמוך (57.0 < 60.0)
2026-09-15 05:48:37,GABC,VCP Breakout,WATCHLIST,59.0,84.0,50.69,49.91,3.0,1.4244136278034583,65.3,0.9555810836683898,-0.015387650424146797,0.3999999999999986,0.10249451051051493,5830486.199999999,BULL,אין פריצה מאושרת מעל הרמה | סגירת נר לא חזקה | גוף נר חלש | RS לא מספיק חזק | ציון Entry Quality נמוך (59.0 < 60.0)
2026-09-15 05:48:37,GABC,EMA21/MA50 Pullback Bounce,WATCHLIST,52.0,84.0,50.07,49.91,2.5,1.4244136278034583,65.3,0.9555810836683898,-0.0031955262632315496,0.3999999999999986,0.10249451051051493,5830486.199999999,BULL,אין פריצה מאושרת מעל הרמה | סגירת נר לא חזקה | גוף נר חלש | RS לא מספיק חזק | ציון Entry Quality נמוך (52.0 < 60.0)
2026-09-15 05:48:41,PRCT,EMA21/MA50 Pullback Bounce,WATCHLIST,37.0,50.0,20.67,21.02,2.4999999999999987,1.6776747037799522,5.2,0.5241895523286559,0.01693275278180928,0.4782608695652179,-0.11414917119521119,21084216.099999998,BULL,לא מעל MA150 | MA150 לא עולה | מתחת ל-MA200 | סגירת נר לא חזקה | RS לא מספיק חזק | רחוק מדי משיא 52 שבועות | R:R נמוך מדי | ציון Entry Quality נמוך (37.0 < 60.0)
2026-09-15 05:48:46,EG,EMA21/MA50 Pullback Bounce,WATCHLIST,52.0,90.0,374.76001,379.54001,2.5000000000000013,1.063765589379107,53.7,0.9463186061679253,0.012754829417364923,0.649206933870188,0.08308918551462922,113209194.1828,BULL,ווליום לא מאשר | סגירת נר לא חזקה | RS לא מספיק חזק | ציון Entry Quality נמוך (52.0 < 60.0)
2026-09-15 05:48:46,EG,Darvas Box Breakout,WATCHLIST,47.0,73.0,388.029999,379.54001,2.5000000000000013,1.063765589379107,53.7,0.9463186061679253,-0.021879723273663644,0.649206933870188,0.08308918551462922,113209194.1828,BULL,אין פריצה מאושרת מעל הרמה | ווליום לא מאשר | סגירת נר לא חזקה | RS לא מספיק חזק | ציון Entry Quality נמוך (47.0 < 60.0)
2026-09-15 05:48:46,EG,VCP Breakout,WATCHLIST,51.0,67.0,388.029999,379.54001,3.0,1.063765589379107,53.7,0.9463186061679253,-0.021879723273663644,0.649206933870188,0.08308918551462922,113209194.1828,BULL,אין פריצה מאושרת מעל הרמה | ווליום לא מאשר | סגירת נר לא חזקה | RS לא מספיק חזק | ציון Entry Quality נמוך (51.0 < 60.0)
2026-09-15 05:49:03,G,EMA21/MA50 Pullback Bounce,WATCHLIST,39.0,70.0,35.18,36.43,2.5,1.0870451755539041,31.4,0.7489720394736842,0.03553155201819216,0.5050505050505041,0.053170206295184395,87991382.65,BULL,MA150 לא עולה | מתחת ל-MA200 | המחיר כבר רחוק מדי מהכניסה | ווליום לא מאשר | סגירת נר לא חזקה | RS לא מספיק חזק | רחוק מדי משיא 52 שבועות | ציון Entry Quality נמוך (39.0 < 60.0)
2026-09-15 05:49:07,GBTG,Flat Base / Rectangle Breakout,WATCHLIST,56.0,93.0,9.56,9.46,3.720238095238013,0.4637761977787072,70.2,0.9895397489539749,-0.010460251046025068,0.0,0.192296704589376,16285579.200000001,BULL,אין פריצה מאושרת מעל הרמה | ווליום לא מאשר | סגירת נר לא חזקה | ציון Entry Quality נמוך (56.0 < 60.0)
2026-09-15 05:49:07,GBTG,Darvas Box Breakout,WATCHLIST,56.0,90.0,9.56,9.46,3.273809523809461,0.4637761977787072,70.2,0.9895397489539749,-0.010460251046025068,0.0,0.192296704589376,16285579.200000001,BULL,אין פריצה מאושרת מעל הרמה | ווליום לא מאשר | סגירת נר לא חזקה | ציון Entry Quality נמוך (56.0 < 60.0)
2026-09-15 05:49:07,GBTG,VCP Breakout,WATCHLIST,56.0,86.0,9.56,9.46,3.0,0.4637761977787072,70.2,0.9895397489539749,-0.010460251046025068,0.0,0.192296704589376,16285579.200000001,BULL,אין פריצה מאושרת מעל הרמה | ווליום לא מאשר | סגירת נר לא חזקה | ציון Entry Quality נמוך (56.0 < 60.0)
2026-09-15 05:49:21,FSUN,EMA21/MA50 Pullback Bounce,WATCHLIST,43.0,76.0,40.825,40.23,2.5,1.3102494693178055,49.3,0.9501653282947565,-0.014574402939375527,0.36486486486485853,0.07388820436552135,10328851.35,BULL,MA150 לא עולה | אין פריצה מאושרת מעל הרמה | סגירת נר לא חזקה | RS לא מספיק חזק | ציון Entry Quality נמוך (43.0 < 60.0)
2026-09-15 05:49:22,FSUN,Darvas Box Breakout,WATCHLIST,46.0,73.0,41.335,40.23,2.649413402673994,1.3102494693178055,49.3,0.9501653282947565,-0.026732793032539105,0.36486486486485853,0.07388820436552135,10328851.35,BULL,MA150 לא עולה | אין פריצה מאושרת מעל הרמה | סגירת נר לא חזקה | RS לא מספיק חזק | ציון Entry Quality נמוך (46.0 < 60.0)
2026-09-15 05:49:22,FSUN,VCP Breakout,WATCHLIST,50.0,71.0,41.11,40.23,3.0,1.3102494693178055,49.3,0.9501653282947565,-0.021405983945512103,0.36486486486485853,0.07388820436552135,10328851.35,BULL,MA150 לא עולה | אין פריצה מאושרת מעל הרמה | סגירת נר לא חזקה | RS לא מספיק חזק | ציון Entry Quality נמוך (50.0 < 60.0)
2026-09-15 05:49:26,RGEN,EMA21/MA50 Pullback Bounce,WATCHLIST,63.0,97.0,168.059998,168.0,2.7042540146366214,0.5153095213051035,91.5,0.8901605468129073,-0.00035700345539696677,0.9335441986458858,0.2403955512277745,167703480.0,BULL,אין פריצה מאושרת מעל הרמה | ווליום לא מאשר | גוף נר חלש
2026-09-15 05:49:40,NEXT,EMA21/MA50 Pullback Bounce,WATCHLIST,45.0,81.0,7.73,7.41,5.987367692440791,0.9977160665115584,44.8,0.801948051948052,-0.04139715394566627,0.13186813186813295,0.022539098341992685,17357554.5,BULL,אין פריצה מאושרת מעל הרמה | ווליום לא מאשר | סגירת נר לא חזקה | RS לא מספיק חזק | ציון Entry Quality נמוך (45.0 < 60.0)
2026-09-15 05:49:47,QCRH,EMA21/MA50 Pullback Bounce,WATCHLIST,48.0,84.0,103.53,102.64,2.4999999999999987,0.5942569939761262,71.6,0.9494033854407548,-0.008596542065101909,0.4504504504504507,0.09506728882929379,13886678.8,BULL,אין פריצה מאושרת מעל הרמה | ווליום לא מאשר | סגירת נר לא חזקה | גוף נר חלש | R:R נמוך מדי | ציון Entry Quality נמוך (48.0 < 60.0)
2026-09-15 05:49:51,PACS,EMA21/MA50 Pullback Bounce,WATCHLIST,54.0,100.0,45.85,44.55,2.5,1.1878712097530477,99.0,0.9001818549201858,-0.02835332606324982,0.4539249146757663,0.1408275428319154,28503090.0,BULL,אין פריצה מאושרת מעל הרמה | ווליום לא מאשר | סגירת נר לא חזקה | גוף נר חלש | ציון Entry Quality נמוך (54.0 < 60.0)
2026-09-15 05:49:51,PACS,Darvas Box Breakout,WATCHLIST,57.0,93.0,45.85,44.55,2.5,1.1878712097530477,99.0,0.9001818549201858,-0.02835332606324982,0.4539249146757663,0.1408275428319154,28503090.0,BULL,אין פריצה מאושרת מעל הרמה | ווליום לא מאשר | סגירת נר לא חזקה | גוף נר חלש | ציון Entry Quality נמוך (57.0 < 60.0)
2026-09-15 05:49:52,PACS,VCP Breakout,WATCHLIST,59.0,91.0,45.85,44.55,3.0,1.1878712097530477,99.0,0.9001818549201858,-0.02835332606324982,0.4539249146757663,0.1408275428319154,28503090.0,BULL,אין פריצה מאושרת מעל הרמה | ווליום לא מאשר | סגירת נר לא חזקה | גוף נר חלש | ציון Entry Quality נמוך (59.0 < 60.0)
2026-09-15 05:50:02,ARE,EMA21/MA50 Pullback Bounce,WATCHLIST,50.0,73.0,51.18,51.96,2.5,0.8808943300306065,12.4,0.5888485947416138,0.015240328253223938,0.5,0.04831897768266439,100163292.0,BULL,MA150 לא עולה | ווליום לא מאשר | סגירת נר לא חזקה | RS לא מספיק חזק | רחוק מדי משיא 52 שבועות | ציון Entry Quality נמוך (50.0 < 60.0)
2026-09-15 05:50:13,JBHT,EMA21/MA50 Pullback Bounce,WATCHLIST,74.0,100.0,271.5,274.98999,2.5,1.1402885907742246,94.5,0.9173671631516157,0.012854475138121465,0.9771965750345774,0.0849069519846989,216873605.5134,BULL,ווליום לא מאשר
2026-09-15 05:50:24,HCI,EMA21/MA50 Pullback Bounce,WATCHLIST,41.0,75.0,188.8,186.52,2.706254140286474,0.7047269183191514,49.1,0.8860807600950119,-0.012076271186440684,0.18300362680449736,0.116320712083696,24878970.200000003,BULL,אין פריצה מאושרת מעל הרמה | ווליום לא מאשר | סגירת נר לא חזקה | RS לא מספיק חזק | ציון Entry Quality נמוך (41.0 < 60.0)
2026-09-15 05:50:29,NRP,EMA21/MA50 Pullback Bounce,WATCHLIST,31.0,59.0,111.95,109.78,21.993614757005414,0.9963985594237695,39.7,0.8536546770097452,-0.0193836534167039,0.4985422740524795,-0.006116484573860034,3657869.6,BULL,לא מעל MA150 | MA150 לא עולה | מתחת ל-MA200 | אין פריצה מאושרת מעל הרמה | ווליום לא מאשר | סגירת נר לא חזקה | RS לא מספיק חזק | נזילות דולרית נמוכה | ציון Entry Quality נמוך (31.0 < 60.0)
2026-09-15 05:50:36,AMP,Flat Base / Rectangle Breakout,WATCHLIST,57.0,84.0,572.56,558.53998,3.797890922993741,1.4433633633633633,67.0,0.9755134483722231,-0.024486551627776885,0.6096291476903115,0.1442794805209699,232492266.675,BULL,אין פריצה מאושרת מעל הרמה | סגירת נר לא חזקה | גוף נר חלש | RS לא מספיק חזק | ציון Entry Quality נמוך (57.0 < 60.0)
2026-09-15 05:50:36,AMP,Darvas Box Breakout,WATCHLIST,57.0,84.0,572.56,558.53998,3.797890922993741,1.4433633633633633,67.0,0.9755134483722231,-0.024486551627776885,0.6096291476903115,0.1442794805209699,232492266.675,BULL,אין פריצה מאושרת מעל הרמה | סגירת נר לא חזקה | גוף נר חלש | RS לא מספיק חזק | ציון Entry Quality נמוך (57.0 < 60.0)
2026-09-15 05:50:36,AMP,VCP Breakout,WATCHLIST,57.0,84.0,567.33002,558.53998,3.0,1.4433633633633633,67.0,0.9755134483722231,-0.015493698006673393,0.6096291476903115,0.1442794805209699,232492266.675,BULL,אין פריצה מאושרת מעל הרמה | סגירת נר לא חזקה | גוף נר חלש | RS לא מספיק חזק | ציון Entry Quality נמוך (57.0 < 60.0)
2026-09-15 05:50:47,TVTX,EMA21/MA50 Pullback Bounce,WATCHLIST,45.0,86.0,68.73,65.79,2.4999999999999973,0.7440726450507139,99.0,0.9572239196857268,-0.042776080314273206,0.1606425702811271,0.4200016109812876,81760851.45,BULL,אין פריצה מאושרת מעל הרמה | ווליום לא מאשר | סגירת נר לא חזקה | גוף נר חלש | R:R נמוך מדי | ציון Entry Quality נמוך (45.0 < 60.0)
2026-09-15 05:50:57,CLH,EMA21/MA50 Pullback Bounce,WATCHLIST,51.0,92.0,323.19,322.98999,2.5,0.8878159333891709,73.0,0.96145141989641,-0.0006188619697392253,0.5258882657337667,0.08326189924991373,131114556.54059999,BULL,אין פריצה מאושרת מעל הרמה | ווליום לא מאשר | סגירת נר לא חזקה | גוף נר חלש | ציון Entry Quality נמוך (51.0 < 60.0)
2026-09-15 05:50:57,CLH,Darvas Box Breakout,WATCHLIST,54.0,88.0,328.67999,322.98999,2.5,0.8878159333891709,73.0,0.96145141989641,-0.01731167145283167,0.5258882657337667,0.08326189924991373,131114556.54059999,BULL,אין פריצה מאושרת מעל הרמה | ווליום לא מאשר | סגירת נר לא חזקה | גוף נר חלש | ציון Entry Quality נמוך (54.0 < 60.0)
2026-09-15 05:50:58,CLH,VCP Breakout,WATCHLIST,58.0,86.0,323.78,322.98999,3.0,0.8878159333891709,73.0,0.96145141989641,-0.002439959231576982,0.5258882657337667,0.08326189924991373,131114556.54059999,BULL,אין פריצה מאושרת מעל הרמה | ווליום לא מאשר | סגירת נר לא חזקה | גוף נר חלש | ציון Entry Quality נמוך (58.0 < 60.0)
2026-09-15 05:51:02,OCUL,EMA21/MA50 Pullback Bounce,WATCHLIST,40.0,58.0,10.94,10.72,2.4999999999999987,0.5959462436660057,41.9,0.6520681265206812,-0.020109689213893864,0.6378830083565488,0.1540904539924855,29194848.0,BULL,אין פריצה מאושרת מעל הרמה | ווליום לא מאשר | סגירת נר לא חזקה | RS לא מספיק חזק | רחוק מדי משיא 52 שבועות | R:R נמוך מדי | ציון Entry Quality נמוך (40.0 < 60.0)
2026-09-15 05:51:09,PLGO,EMA21/MA50 Pullback Bounce,WATCHLIST,51.0,99.0,25.5,24.92,2.5,1.0919938948244763,78.4,0.9460895975702355,-0.02274509803921562,0.08108108108108393,0.12139102887176909,10775906.4,BULL,אין פריצה מאושרת מעל הרמה | ווליום לא מאשר | סגירת נר לא חזקה | ציון Entry Quality נמוך (51.0 < 60.0)
2026-09-15 05:51:21,OR,EMA21/MA50 Pullback Bounce,WATCHLIST,45.0,63.0,36.62,35.52,17.829361649585763,1.0356398981717194,25.1,0.7390761394282951,-0.030038230475150036,0.8731707317073213,-0.02614849677049809,36835660.800000004,BULL,לא מעל MA150 | MA150 לא עולה | מתחת ל-MA200 | אין פריצה מאושרת מעל הרמה | ווליום לא מאשר | RS לא מספיק חזק | רחוק מדי משיא 52 שבועות | ציון Entry Quality נמוך (45.0 < 60.0)
2026-09-15 05:51:37,ESQ,EMA21/MA50 Pullback Bounce,WATCHLIST,48.0,67.0,121.0,120.33,2.499999999999999,1.7907694265084768,57.4,0.8925564662685903,-0.005537190082644642,0.4882995319812788,0.06123214552322779,18915274.35,BULL,אין פריצה מאושרת מעל הרמה | סגירת נר לא חזקה | RS לא מספיק חזק | R:R נמוך מדי | ציון Entry Quality נמוך (48.0 < 60.0)
2026-09-15 05:51:41,SRCE,EMA21/MA50 Pullback Bounce,WATCHLIST,53.0,98.0,87.79,87.37,2.5000000000000018,0.8893720045456791,78.2,0.9552809971572274,-0.004784143979952178,0.6666666666666752,0.13336827198418877,8841407.15,BULL,אין פריצה מאושרת מעל הרמה | ווליום לא מאשר | גוף נר חלש | ציון Entry Quality נמוך (53.0 < 60.0)
2026-09-15 05:51:41,SRCE,VCP Breakout,WATCHLIST,60.0,96.0,87.79,87.37,3.0,0.8893720045456791,78.2,0.9552809971572274,-0.004784143979952178,0.6666666666666752,0.13336827198418877,8841407.15,BULL,אין פריצה מאושרת מעל הרמה | ווליום לא מאשר | גוף נר חלש
2026-09-15 05:51:41,SRCE,Darvas Box Breakout,WATCHLIST,56.0,94.0,89.19,87.37,2.5000000000000018,0.8893720045456791,78.2,0.9552809971572274,-0.020405875098105094,0.6666666666666752,0.13336827198418877,8841407.15,BULL,אין פריצה מאושרת מעל הרמה | ווליום לא מאשר | גוף נר חלש | ציון Entry Quality נמוך (56.0 < 60.0)
2026-09-15 05:51:46,OBK,EMA21/MA50 Pullback Bounce,WATCHLIST,51.0,100.0,54.95,54.41,2.5,1.1246191252962359,85.5,0.9791254273888789,-0.00982711555959975,0.3066666666666625,0.13435619749927946,8839176.549999999,BULL,אין פריצה מאושרת מעל הרמה | ווליום לא מאשר | סגירת נר לא חזקה | גוף נר חלש | ציון Entry Quality נמוך (51.0 < 60.0)
2026-09-15 05:51:46,OBK,Flat Base / Rectangle Breakout,WATCHLIST,54.0,99.0,55.57,54.41,2.5,1.1246191252962359,85.5,0.9791254273888789,-0.020874572611121175,0.3066666666666625,0.13435619749927946,8839176.549999999,BULL,אין פריצה מאושרת מעל הרמה | ווליום לא מאשר | סגירת נר לא חזקה | גוף נר חלש | ציון Entry Quality נמוך (54.0 < 60.0)
2026-09-15 05:51:46,OBK,VCP Breakout,WATCHLIST,58.0,95.0,54.95,54.41,3.0,1.1246191252962359,85.5,0.9791254273888789,-0.00982711555959975,0.3066666666666625,0.13435619749927946,8839176.549999999,BULL,אין פריצה מאושרת מעל הרמה | ווליום לא מאשר | סגירת נר לא חזקה | גוף נר חלש | ציון Entry Quality נמוך (58.0 < 60.0)
2026-09-15 05:51:50,NFLX,EMA21/MA50 Pullback Bounce,WATCHLIST,31.0,60.0,77.57,80.32,2.4999999999999987,1.138872799784234,10.4,0.6432804741310267,0.035451849941987884,0.7233210157956678,-0.04499948302789289,2179926566.3999996,BULL,לא מעל MA150 | MA150 לא עולה | מתחת ל-MA200 | המחיר כבר רחוק מדי מהכניסה | ווליום לא מאשר | RS לא מספיק חזק | רחוק מדי משיא 52 שבועות | R:R נמוך מדי | ציון Entry Quality נמוך (31.0 < 60.0)
2026-09-15 05:51:58,EBAY,VCP Breakout,WATCHLIST,51.0,71.0,109.65,108.99,3.0000000000000013,1.0396142331717746,53.4,0.9135026401810409,-0.006019151846785324,0.43055555555555447,0.057268465721547285,485835458.84999996,BULL,אין פריצה מאושרת מעל הרמה | ווליום לא מאשר | סגירת נר לא חזקה | RS לא מספיק חזק | ציון Entry Quality נמוך (51.0 < 60.0)
2026-09-15 05:51:58,EBAY,EMA21/MA50 Pullback Bounce,WATCHLIST,49.0,80.0,107.84,108.99,2.4999999999999987,1.0396142331717746,53.4,0.9135026401810409,0.010663946587537013,0.43055555555555447,0.057268465721547285,485835458.84999996,BULL,ווליום לא מאשר | סגירת נר לא חזקה | RS לא מספיק חזק | R:R נמוך מדי | ציון Entry Quality נמוך (49.0 < 60.0)
2026-09-15 05:51:58,EBAY,Darvas Box Breakout,WATCHLIST,44.0,61.0,109.65,108.99,2.4999999999999987,1.0396142331717746,53.4,0.9135026401810409,-0.006019151846785324,0.43055555555555447,0.057268465721547285,485835458.84999996,BULL,אין פריצה מאושרת מעל הרמה | ווליום לא מאשר | סגירת נר לא חזקה | RS לא מספיק חזק | R:R נמוך מדי | ציון Entry Quality נמוך (44.0 < 60.0)
2026-09-15 05:52:09,ALG,EMA21/MA50 Pullback Bounce,WATCHLIST,33.0,59.0,170.75999,168.46001,2.5000000000000018,0.7603500713798026,25.8,0.7661452155721303,-0.013469080198470243,0.5324696969696988,-0.0029753502256277186,27140592.2111,BULL,לא מעל MA150 | MA150 לא עולה | מתחת ל-MA200 | אין פריצה מאושרת מעל הרמה | ווליום לא מאשר | סגירת נר לא חזקה | RS לא מספיק חזק | ציון Entry Quality נמוך (33.0 < 60.0)
2026-09-15 05:52:16,CRCT,EMA21/MA50 Pullback Bounce,WATCHLIST,39.0,63.0,5.73,5.65,2.5,0.7293277106372901,53.8,0.8152958152958154,-0.013961605584642245,0.5862068965517256,0.23270934240956498,4294084.75,BULL,אין פריצה מאושרת מעל הרמה | ווליום לא מאשר | סגירת נר לא חזקה | גוף נר חלש | RS לא מספיק חזק | נזילות דולרית נמוכה | ציון Entry Quality נמוך (39.0 < 60.0)
2026-09-15 05:52:21,TTD,EMA21/MA50 Pullback Bounce,WATCHLIST,40.0,63.0,14.39,14.97,3.8699582753824737,1.1232138847237616,1.2,0.2654726015250931,0.0403057678943711,0.9776119402985093,-0.268413070736877,258327933.75,BULL,לא מעל MA150 | MA150 לא עולה | מתחת ל-MA200 | המחיר כבר רחוק מדי מהכניסה | ווליום לא מאשר | RS לא מספיק חזק | רחוק מדי משיא 52 שבועות | ציון Entry Quality נמוך (40.0 < 60.0)
2026-09-15 05:52:21,TTD,Darvas Box Breakout,WATCHLIST,43.0,48.0,15.26,14.97,2.5000000000000004,1.1232138847237616,1.2,0.2654726015250931,-0.01900393184796849,0.9776119402985093,-0.268413070736877,258327933.75,BULL,לא מעל MA150 | MA150 לא עולה | מתחת ל-MA200 | אין פריצה מאושרת מעל הרמה | ווליום לא מאשר | RS לא מספיק חזק | רחוק מדי משיא 52 שבועות | ציון Entry Quality נמוך (43.0 < 60.0)
2026-09-15 05:52:21,TTD,VCP Breakout,WATCHLIST,41.0,46.0,15.26,14.97,2.999999999999999,1.1232138847237616,1.2,0.2654726015250931,-0.01900393184796849,0.9776119402985093,-0.268413070736877,258327933.75,BULL,לא מעל MA150 | MA150 לא עולה | מתחת ל-MA200 | אין פריצה מאושרת מעל הרמה | ווליום לא מאשר | RS לא מספיק חזק | רחוק מדי משיא 52 שבועות | ציון Entry Quality נמוך (41.0 < 60.0)
2026-09-15 05:52:29,OSBC,Flat Base / Rectangle Breakout,WATCHLIST,53.0,98.0,26.059999,25.51,4.3665542168674625,1.2100956551803619,81.0,0.9788948955830735,-0.02110510441692648,0.13157894736842327,0.14884725004694088,9960762.15,BULL,אין פריצה מאושרת מעל הרמה | ווליום לא מאשר | סגירת נר לא חזקה | גוף נר חלש | ציון Entry Quality נמוך (53.0 < 60.0)
2026-09-15 05:52:29,OSBC,EMA21/MA50 Pullback Bounce,WATCHLIST,46.0,96.0,25.82,25.51,2.5,1.2100956551803619,81.0,0.9788948955830735,-0.012006196746707928,0.13157894736842327,0.14884725004694088,9960762.15,BULL,אין פריצה מאושרת מעל הרמה | ווליום לא מאשר | סגירת נר לא חזקה | גוף נר חלש | ציון Entry Quality נמוך (46.0 < 60.0)
2026-09-15 05:52:29,OSBC,Darvas Box Breakout,WATCHLIST,49.0,93.0,26.059999,25.51,2.7893362541073365,1.2100956551803619,81.0,0.9788948955830735,-0.02110510441692648,0.13157894736842327,0.14884725004694088,9960762.15,BULL,אין פריצה מאושרת מעל הרמה | ווליום לא מאשר | סגירת נר לא חזקה | גוף נר חלש | ציון Entry Quality נמוך (49.0 < 60.0)
2026-09-15 05:52:33,UHS,EMA21/MA50 Pullback Bounce,WATCHLIST,28.0,48.0,177.0,173.25,2.5,0.9619529603107556,33.5,0.7033248081841432,-0.0211864406779661,0.37424103795994973,-0.0012183320958259528,109718358.75,BULL,לא מעל MA150 | MA150 לא עולה | מתחת ל-MA200 | אין פריצה מאושרת מעל הרמה | ווליום לא מאשר | סגירת נר לא חזקה | RS לא מספיק חזק | רחוק מדי משיא 52 שבועות | ציון Entry Quality נמוך (28.0 < 60.0)
2026-09-15 05:52:44,FSK,EMA21/MA50 Pullback Bounce,WATCHLIST,55.0,81.0,12.0,12.03,2.7287319422150933,1.4533725259117214,23.2,0.6731952993844431,0.0024999999999999467,0.9047619047618988,0.07794411058410296,17659618.95,BULL,MA150 לא עולה | מתחת ל-MA200 | RS לא מספיק חזק | רחוק מדי משיא 52 שבועות | ציון Entry Quality נמוך (55.0 < 60.0)
2026-09-15 05:52:55,V,Flat Base / Rectangle Breakout,WATCHLIST,54.0,87.0,385.57001,375.28,3.8670642344153383,0.9902171681629413,59.3,0.9733122137792821,-0.02668778622071787,0.6563618181818149,0.12261271259215183,2349040766.7999997,BULL,אין פריצה מאושרת מעל הרמה | ווליום לא מאשר | גוף נר חלש | RS לא מספיק חזק | ציון Entry Quality נמוך (54.0 < 60.0)
2026-09-15 05:52:55,V,VCP Breakout,WATCHLIST,54.0,85.0,385.57001,375.28,3.0,0.9902171681629413,59.3,0.9733122137792821,-0.02668778622071787,0.6563618181818149,0.12261271259215183,2349040766.7999997,BULL,אין פריצה מאושרת מעל הרמה | ווליום לא מאשר | גוף נר חלש | RS לא מספיק חזק | ציון Entry Quality נמוך (54.0 < 60.0)
2026-09-15 05:52:55,V,Darvas Box Breakout,WATCHLIST,52.0,81.0,385.57001,375.28,3.2629707215852806,0.9902171681629413,59.3,0.9733122137792821,-0.02668778622071787,0.6563618181818149,0.12261271259215183,2349040766.7999997,BULL,אין פריצה מאושרת מעל הרמה | ווליום לא מאשר | גוף נר חלש | RS לא מספיק חזק | ציון Entry Quality נמוך (52.0 < 60.0)
2026-09-15 05:53:03,DAR,EMA21/MA50 Pullback Bounce,WATCHLIST,54.0,92.0,66.73,64.92,2.4999999999999982,0.8338176414353189,96.7,0.9276936267505002,-0.027124231979619395,0.03645833333333715,0.0916954686351457,171468327.0,BULL,אין פריצה מאושרת מעל הרמה | ווליום לא מאשר | סגירת נר לא חזקה | R:R נמוך מדי | ציון Entry Quality נמוך (54.0 < 60.0)
2026-09-15 05:53:17,DAN,EMA21/MA50 Pullback Bounce,WATCHLIST,41.0,60.0,31.27,30.3,2.5000000000000013,0.9107975942892473,64.9,0.7659251769464105,-0.031020147105852217,0.48214193239631054,-0.053948852480110575,40430047.5,BULL,לא מעל MA150 | מתחת ל-MA200 | אין פריצה מאושרת מעל הרמה | ווליום לא מאשר | סגירת נר לא חזקה | RS לא מספיק חזק | ציון Entry Quality נמוך (41.0 < 60.0)
2026-09-15 05:53:21,ETON,EMA21/MA50 Pullback Bounce,WATCHLIST,56.0,95.0,59.98,57.62,4.886766635949862,0.5244739624439713,99.0,0.868163326804279,-0.039346448816272084,0.18181818181818024,0.7053728231716263,38693558.6,BULL,אין פריצה מאושרת מעל הרמה | ווליום לא מאשר | סגירת נר לא חזקה | ציון Entry Quality נמוך (56.0 < 60.0)
2026-09-15 05:53:25,HSBC,EMA21/MA50 Pullback Bounce,WATCHLIST,52.0,100.0,105.8,103.94,2.5768023048784445,1.5322176663759997,84.4,0.9631208302446256,-0.017580340264650277,0.34567901234567944,0.10946650979451127,112045241.2,BULL,אין פריצה מאושרת מעל הרמה | סגירת נר לא חזקה | גוף נר חלש | ציון Entry Quality נמוך (52.0 < 60.0)
2026-09-15 05:53:29,CCNE,Darvas Box Breakout,WATCHLIST,49.0,83.0,35.35,34.62,2.5,0.8608968262355138,71.2,0.9571468067459219,-0.02065063649222076,0.5925925925925862,0.09577767969927235,4914135.899999999,BULL,אין פריצה מאושרת מעל הרמה | ווליום לא מאשר | סגירת נר לא חזקה | גוף נר חלש | נזילות דולרית נמוכה | ציון Entry Quality נמוך (49.0 < 60.0)
2026-09-15 05:53:29,CCNE,EMA21/MA50 Pullback Bounce,WATCHLIST,46.0,83.0,35.19,34.62,2.5,0.8608968262355138,71.2,0.9571468067459219,-0.01619778346121058,0.5925925925925862,0.09577767969927235,4914135.899999999,BULL,אין פריצה מאושרת מעל הרמה | ווליום לא מאשר | סגירת נר לא חזקה | גוף נר חלש | נזילות דולרית נמוכה | ציון Entry Quality נמוך (46.0 < 60.0)
2026-09-15 05:53:29,CCNE,VCP Breakout,WATCHLIST,53.0,81.0,35.19,34.62,3.0,0.8608968262355138,71.2,0.9571468067459219,-0.01619778346121058,0.5925925925925862,0.09577767969927235,4914135.899999999,BULL,אין פריצה מאושרת מעל הרמה | ווליום לא מאשר | סגירת נר לא חזקה | גוף נר חלש | נזילות דולרית נמוכה | ציון Entry Quality נמוך (53.0 < 60.0)
2026-09-15 05:53:34,VNOM,Flat Base / Rectangle Breakout,WATCHLIST,54.0,79.0,46.0,44.64,8.157965915240828,1.4321977392097762,43.9,0.8730686485429298,-0.029565217391304334,0.08474576271186564,-0.009776534144940504,57241648.8,BULL,לא מעל MA150 | אין פריצה מאושרת מעל הרמה | סגירת נר לא חזקה | RS לא מספיק חזק | ציון Entry Quality נמוך (54.0 < 60.0)
2026-09-15 05:53:34,VNOM,EMA21/MA50 Pullback Bounce,WATCHLIST,47.0,74.0,45.0,44.64,2.5,1.4321977392097762,43.9,0.8730686485429298,-0.007999999999999988,0.08474576271186564,-0.009776534144940504,57241648.8,BULL,לא מעל MA150 | אין פריצה מאושרת מעל הרמה | סגירת נר לא חזקה | RS לא מספיק חזק | ציון Entry Quality נמוך (47.0 < 60.0)
2026-09-15 05:53:34,VNOM,Darvas Box Breakout,WATCHLIST,54.0,73.0,46.0,44.64,7.368087218455028,1.4321977392097762,43.9,0.8730686485429298,-0.029565217391304334,0.08474576271186564,-0.009776534144940504,57241648.8,BULL,לא מעל MA150 | אין פריצה מאושרת מעל הרמה | סגירת נר לא חזקה | RS לא מספיק חזק | ציון Entry Quality נמוך (54.0 < 60.0)
2026-09-15 05:53:46,PVLA,EMA21/MA50 Pullback Bounce,WATCHLIST,58.0,100.0,154.3,151.69,2.5000000000000018,1.1717415863174212,99.0,0.9399553848060479,-0.016915100453661784,0.4747320061255756,0.17611241096373537,28868882.349999998,BULL,אין פריצה מאושרת מעל הרמה | ווליום לא מאשר | סגירת נר לא חזקה | ציון Entry Quality נמוך (58.0 < 60.0)
2026-09-15 05:53:50,FAF,EMA21/MA50 Pullback Bounce,WATCHLIST,60.0,89.0,72.5,73.15,2.5,0.9684019781796217,49.0,0.915863277826468,0.008965517241379388,0.9038461538461594,0.07019023989136591,48441758.75000001,BULL,ווליום לא מאשר | RS לא מספיק חזק
2026-09-15 05:53:54,CHRW,EMA21/MA50 Pullback Bounce,WATCHLIST,54.0,70.0,155.0,157.31,3.7844137487931393,1.3080627744015385,29.2,0.7479199353397042,0.014903225806451627,0.9134111598941949,-0.09374488061897392,199574477.7,BULL,לא מעל MA150 | MA150 לא עולה | מתחת ל-MA200 | RS לא מספיק חזק | רחוק מדי משיא 52 שבועות | ציון Entry Quality נמוך (54.0 < 60.0)
2026-09-15 05:53:54,CHRW,Darvas Box Breakout,WATCHLIST,57.0,61.0,155.0,157.31,2.5,1.3080627744015385,29.2,0.7479199353397042,0.014903225806451627,0.9134111598941949,-0.09374488061897392,199574477.7,BULL,לא מעל MA150 | MA150 לא עולה | מתחת ל-MA200 | RS לא מספיק חזק | רחוק מדי משיא 52 שבועות | ציון Entry Quality נמוך (57.0 < 60.0)
2026-09-15 05:53:54,CHRW,VCP Breakout,WATCHLIST,59.0,55.0,155.0,157.31,3.0,1.3080627744015385,29.2,0.7479199353397042,0.014903225806451627,0.9134111598941949,-0.09374488061897392,199574477.7,BULL,לא מעל MA150 | MA150 לא עולה | מתחת ל-MA200 | RS לא מספיק חזק | רחוק מדי משיא 52 שבועות | ציון Entry Quality נמוך (59.0 < 60.0)
2026-09-15 05:53:59,VOR,EMA21/MA50 Pullback Bounce,WATCHLIST,50.0,84.0,23.47,23.08,2.653459948203013,1.2467726163089283,77.7,0.462062062062062,-0.016616957818491717,0.6279069767441855,0.34615721162165175,16403302.2,BULL,אין פריצה מאושרת מעל הרמה | ווליום לא מאשר | סגירת נר לא חזקה | רחוק מדי משיא 52 שבועות | ציון Entry Quality נמוך (50.0 < 60.0)
2026-09-15 05:54:03,ASTH,EMA21/MA50 Pullback Bounce,WATCHLIST,66.0,100.0,38.88,39.6,3.323407933916041,0.992938486023765,78.9,0.7674418604651163,0.01851851851851849,0.7988505747126431,0.15552737084147686,12813966.0,BULL,ווליום לא מאשר
2026-09-15 05:54:03,ASTH,VCP Breakout,WATCHLIST,61.0,95.0,39.85,39.6,3.0,0.992938486023765,78.9,0.7674418604651163,-0.006273525721455458,0.7988505747126431,0.15552737084147686,12813966.0,BULL,אין פריצה מאושרת מעל הרמה | ווליום לא מאשר
2026-09-15 05:54:07,NEM,EMA21/MA50 Pullback Bounce,WATCHLIST,58.0,100.0,129.25999,123.07,5.743151216073337,0.8475532426369015,84.2,0.9096755791023416,-0.04788790406064549,0.708737864077666,0.11178831238035475,989348038.3499999,BULL,אין פריצה מאושרת מעל הרמה | ווליום לא מאשר | גוף נר חלש | ציון Entry Quality נמוך (58.0 < 60.0)
2026-09-15 05:54:18,ARDT,EMA21/MA50 Pullback Bounce,WATCHLIST,26.0,62.0,11.11,11.0,2.4999999999999982,1.0604229607250755,37.5,0.710594315245478,-0.00990099009900985,0.2999999999999991,0.11627529378336135,4005100.0,BULL,אין פריצה מאושרת מעל הרמה | ווליום לא מאשר | סגירת נר לא חזקה | גוף נר חלש | RS לא מספיק חזק | רחוק מדי משיא 52 שבועות | נזילות דולרית נמוכה | R:R נמוך מדי | ציון Entry Quality נמוך (26.0 < 60.0)
2026-09-15 05:54:26,TGT,EMA21/MA50 Pullback Bounce,WATCHLIST,62.0,100.0,157.37,158.7,2.4999999999999973,0.7163250433814551,94.4,0.929428989751098,0.008451420219863913,0.542207940841571,0.20146992782206896,728448076.5,BULL,ווליום לא מאשר | סגירת נר לא חזקה | גוף נר חלש | R:R נמוך מדי
2026-09-15 05:54:30,WBD,EMA21/MA50 Pullback Bounce,WATCHLIST,51.0,93.0,28.6,28.1,2.7006524047943983,0.8322651879819716,72.0,0.9366666666666668,-0.01748251748251748,0.629629629629637,0.02890955090992967,484053972.0,BULL,אין פריצה מאושרת מעל הרמה | ווליום לא מאשר | סגירת נר לא חזקה | ציון Entry Quality נמוך (51.0 < 60.0)
2026-09-15 05:54:35,UVSP,EMA21/MA50 Pullback Bounce,WATCHLIST,46.0,95.0,43.040001,42.88,2.5000000000000018,1.1236041267043393,73.1,0.9432468103827542,-0.0037174952667866825,0.4464285714285753,0.09081843568264586,8271123.2,BULL,אין פריצה מאושרת מעל הרמה | ווליום לא מאשר | סגירת נר לא חזקה | ציון Entry Quality נמוך (46.0 < 60.0)
2026-09-15 05:54:35,UVSP,VCP Breakout,WATCHLIST,53.0,90.0,43.040001,42.88,3.0,1.1236041267043393,73.1,0.9432468103827542,-0.0037174952667866825,0.4464285714285753,0.09081843568264586,8271123.2,BULL,אין פריצה מאושרת מעל הרמה | ווליום לא מאשר | סגירת נר לא חזקה | ציון Entry Quality נמוך (53.0 < 60.0)
2026-09-15 05:54:35,UVSP,Darvas Box Breakout,WATCHLIST,49.0,88.0,43.39,42.88,2.5000000000000018,1.1236041267043393,73.1,0.9432468103827542,-0.011753860336483015,0.4464285714285753,0.09081843568264586,8271123.2,BULL,אין פריצה מאושרת מעל הרמה | ווליום לא מאשר | סגירת נר לא חזקה | ציון Entry Quality נמוך (49.0 < 60.0)
2026-09-15 05:54:42,CPAY,EMA21/MA50 Pullback Bounce,WATCHLIST,48.0,93.0,416.13,412.56,2.500000000000002,0.9273813266268469,79.4,0.9651429599294193,-0.008579049816163201,0.5333324216539811,0.18128024884993127,170605936.8,BULL,אין פריצה מאושרת מעל הרמה | ווליום לא מאשר | סגירת נר לא חזקה | גוף נר חלש | ציון Entry Quality נמוך (48.0 < 60.0)
2026-09-15 05:54:46,FIGS,EMA21/MA50 Pullback Bounce,WATCHLIST,62.0,100.0,13.49,13.98,2.5000000000000013,1.3281887012230635,93.2,0.799771167048055,0.036323202372127515,0.7102803738317764,0.07355132060304773,33605124.0,BULL,המחיר כבר רחוק מדי מהכניסה
2026-09-15 05:54:51,C,EMA21/MA50 Pullback Bounce,WATCHLIST,55.0,90.0,141.27,136.17999,2.500000000000002,1.899991319639407,66.6,0.9203837577464343,-0.03603036738160973,0.6679310586927114,0.06860525391924306,1121712534.93015,BULL,אין פריצה מאושרת מעל הרמה | גוף נר חלש | RS לא מספיק חזק | ציון Entry Quality נמוך (55.0 < 60.0)
2026-09-15 05:54:55,ARW,EMA21/MA50 Pullback Bounce,WATCHLIST,55.0,90.0,230.44,213.85001,2.4999999999999987,1.3774595884551308,87.4,0.9010660683436564,-0.07199266620378407,0.218086170212765,0.12222819655188402,118734871.80225,BULL,אין פריצה מאושרת מעל הרמה | סגירת נר לא חזקה | R:R נמוך מדי | ציון Entry Quality נמוך (55.0 < 60.0)
2026-09-15 05:55:02,ICFI,EMA21/MA50 Pullback Bounce,WATCHLIST,54.0,84.0,86.92,88.29,2.5,0.8258081402957728,50.5,0.8698522167487686,0.015761619880349798,0.9430379746835511,0.17225153541430444,13492477.8,BULL,MA150 לא עולה | ווליום לא מאשר | RS לא מספיק חזק | ציון Entry Quality נמוך (54.0 < 60.0)
2026-09-15 05:55:10,TSLA,EMA21/MA50 Pullback Bounce,WATCHLIST,34.0,48.0,368.66,358.97,3.073053083174894,0.8194160236719341,16.0,0.7196239343989723,-0.0262843812727174,0.18054170434596128,-0.06353469734196326,14194458149.45,BULL,לא מעל MA150 | MA150 לא עולה | מתחת ל-MA200 | אין פריצה מאושרת מעל הרמה | ווליום לא מאשר | סגירת נר לא חזקה | גוף נר חלש | RS לא מספיק חזק | רחוק מדי משיא 52 שבועות | ציון Entry Quality נמוך (34.0 < 60.0)
2026-09-15 05:55:14,ALL,EMA21/MA50 Pullback Bounce,WATCHLIST,66.0,100.0,255.34,258.48001,2.5,1.007360749027717,73.9,0.9324002957939541,0.012297368214929072,0.9171600084023339,0.12919257673562587,393123539.60905,BULL,ווליום לא מאשר
2026-09-15 05:55:14,ALL,VCP Breakout,WATCHLIST,65.0,98.0,266.45001,258.48001,3.0,1.007360749027717,73.9,0.9324002957939541,-0.029911802217609324,0.9171600084023339,0.12919257673562587,393123539.60905,BULL,אין פריצה מאושרת מעל הרמה | ווליום לא מאשר
2026-09-15 05:55:18,EDU,EMA21/MA50 Pullback Bounce,WATCHLIST,51.0,61.0,56.099998,56.82,2.5,0.38961480645095464,52.8,0.8745574880714176,0.012834260707103785,0.6071428571428574,0.06849098586252367,41767529.7,BULL,MA150 לא עולה | ווליום לא מאשר | סגירת נר לא חזקה | גוף נר חלש | RS לא מספיק חזק | ציון Entry Quality נמוך (51.0 < 60.0)
2026-09-15 05:55:22,EL,EMA21/MA50 Pullback Bounce,WATCHLIST,65.0,84.0,97.92,98.22,3.6552021873650844,0.5297513299143922,55.3,0.8074646497862545,0.0030637254901960493,0.6716422922703669,0.12533254762609258,390320386.8,BULL,MA150 לא עולה | ווליום לא מאשר | RS לא מספיק חזק
2026-09-15 05:55:29,SPNT,VCP Breakout,WATCHLIST,65.0,95.0,25.08,24.62,3.0,2.279519281517949,66.1,0.9297583081570997,-0.01834130781499192,0.7812499999999993,0.07704063087483758,14227528.700000001,BULL,אין פריצה מאושרת מעל הרמה | RS לא מספיק חזק
2026-09-15 05:55:30,SPNT,Darvas Box Breakout,WATCHLIST,56.0,85.0,25.08,24.62,2.4999999999999982,2.279519281517949,66.1,0.9297583081570997,-0.01834130781499192,0.7812499999999993,0.07704063087483758,14227528.700000001,BULL,אין פריצה מאושרת מעל הרמה | RS לא מספיק חזק | R:R נמוך מדי | ציון Entry Quality נמוך (56.0 < 60.0)
2026-09-15 05:55:30,SPNT,EMA21/MA50 Pullback Bounce,WATCHLIST,53.0,80.0,24.72,24.62,2.4999999999999982,2.279519281517949,66.1,0.9297583081570997,-0.00404530744336561,0.7812499999999993,0.07704063087483758,14227528.700000001,BULL,אין פריצה מאושרת מעל הרמה | RS לא מספיק חזק | R:R נמוך מדי | ציון Entry Quality נמוך (53.0 < 60.0)
2026-09-15 05:55:34,FIVN,EMA21/MA50 Pullback Bounce,WATCHLIST,62.0,100.0,31.14,31.75,2.5,1.256849798569135,96.3,0.9025014212620808,0.01958895311496466,0.6858974358974351,0.42448012211598957,48350646.25,BULL,ווליום לא מאשר | גוף נר חלש
2026-09-15 05:55:42,RRC,EMA21/MA50 Pullback Bounce,WATCHLIST,47.0,84.0,41.86,40.88,11.111111111110676,1.2369368217195893,47.3,0.8462016145725523,-0.02341137123745812,0.09917355371901196,0.011447234193727803,89501036.80000001,BULL,אין פריצה מאושרת מעל הרמה | ווליום לא מאשר | סגירת נר לא חזקה | RS לא מספיק חזק | ציון Entry Quality נמוך (47.0 < 60.0)
2026-09-15 05:55:50,USLM,EMA21/MA50 Pullback Bounce,WATCHLIST,43.0,74.0,117.99,116.43,2.5,1.1680617666169781,26.5,0.8231759049773756,-0.013221459445715638,0.6082089552238826,0.010404012293418386,15230790.450000001,BULL,מתחת ל-MA200 | אין פריצה מאושרת מעל הרמה | ווליום לא מאשר | סגירת נר לא חזקה | RS לא מספיק חזק | ציון Entry Quality נמוך (43.0 < 60.0)
2026-09-15 05:55:54,RGLD,EMA21/MA50 Pullback Bounce,WATCHLIST,45.0,68.0,258.76001,248.34,,1.1836065056553768,66.0,0.8109061224489796,-0.04026901220169229,0.7003676470588243,0.0433273096071207,157425209.4,BULL,MA150 לא עולה | אין פריצה מאושרת מעל הרמה | ווליום לא מאשר | RS לא מספיק חזק | R:R נמוך מדי | ציון Entry Quality נמוך (45.0 < 60.0)
2026-09-15 05:55:58,MRK,EMA21/MA50 Pullback Bounce,WATCHLIST,63.0,100.0,145.89999,144.85001,6.39158149118266,0.6688521099182309,94.4,0.923081888860566,-0.007196573488456065,0.2508372948903426,0.16797632392478626,1605288647.8242,BULL,אין פריצה מאושרת מעל הרמה | ווליום לא מאשר | סגירת נר לא חזקה
2026-09-15 05:56:06,DFIN,EMA21/MA50 Pullback Bounce,WATCHLIST,37.0,65.0,48.84,48.44,4.089048617350509,0.9486353297952995,37.7,0.8610024884464984,-0.008190008190008306,0.32663316582914226,0.052055461979006803,10222777.6,BULL,אין פריצה מאושרת מעל הרמה | ווליום לא מאשר | סגירת נר לא חזקה | גוף נר חלש | RS לא מספיק חזק | ציון Entry Quality נמוך (37.0 < 60.0)
2026-09-15 05:56:17,INBX,EMA21/MA50 Pullback Bounce,WATCHLIST,52.0,98.0,115.11,110.47,5.425106177861118,0.6392158951685932,99.0,0.7113787566088452,-0.04030926939449223,0.8516819571865444,0.1867622340927533,41477066.2,BULL,אין פריצה מאושרת מעל הרמה | ווליום לא מאשר | גוף נר חלש | רחוק מדי משיא 52 שבועות | ציון Entry Quality נמוך (52.0 < 60.0)
2026-09-15 05:56:21,ESNT,VCP Breakout,WATCHLIST,47.0,79.0,70.07,68.8,3.0,0.9770418958950486,58.1,0.9776893562597697,-0.01812473241044664,0.6099999999999994,0.09821933123512835,39017856.0,BULL,אין פריצה מאושרת מעל הרמה | ווליום לא מאשר | סגירת נר לא חזקה | גוף נר חלש | RS לא מספיק חזק | ציון Entry Quality נמוך (47.0 < 60.0)
2026-09-15 05:56:21,ESNT,Flat Base / Rectangle Breakout,WATCHLIST,47.0,78.0,70.37,68.8,3.020235578375121,0.9770418958950486,58.1,0.9776893562597697,-0.022310643740230316,0.6099999999999994,0.09821933123512835,39017856.0,BULL,אין פריצה מאושרת מעל הרמה | ווליום לא מאשר | סגירת נר לא חזקה | גוף נר חלש | RS לא מספיק חזק | ציון Entry Quality נמוך (47.0 < 60.0)
2026-09-15 05:56:21,ESNT,Darvas Box Breakout,WATCHLIST,47.0,75.0,70.37,68.8,3.28601630927213,0.9770418958950486,58.1,0.9776893562597697,-0.022310643740230316,0.6099999999999994,0.09821933123512835,39017856.0,BULL,אין פריצה מאושרת מעל הרמה | ווליום לא מאשר | סגירת נר לא חזקה | גוף נר חלש | RS לא מספיק חזק | ציון Entry Quality נמוך (47.0 < 60.0)
2026-09-15 05:56:24,KTN,Flat Base / Rectangle Breakout,WATCHLIST,44.0,68.0,25.6,25.54,2.5,1.3199318568994889,27.5,0.9497954629973967,-0.002343750000000089,0.8421052631578869,-0.01045339239417252,74959.9,BULL,לא מעל MA150 | MA150 לא עולה | מתחת ל-MA200 | אין פריצה מאושרת מעל הרמה | RS לא מספיק חזק | נזילות דולרית נמוכה | ציון Entry Quality נמוך (44.0 < 60.0)
2026-09-15 05:56:24,KTN,Darvas Box Breakout,WATCHLIST,44.0,65.0,25.6,25.54,2.5,1.3199318568994889,27.5,0.9497954629973967,-0.002343750000000089,0.8421052631578869,-0.01045339239417252,74959.9,BULL,לא מעל MA150 | MA150 לא עולה | מתחת ל-MA200 | אין פריצה מאושרת מעל הרמה | RS לא מספיק חזק | נזילות דולרית נמוכה | ציון Entry Quality נמוך (44.0 < 60.0)
2026-09-15 05:56:25,KTN,VCP Breakout,WATCHLIST,46.0,63.0,25.6,25.54,3.0,1.3199318568994889,27.5,0.9497954629973967,-0.002343750000000089,0.8421052631578869,-0.01045339239417252,74959.9,BULL,לא מעל MA150 | MA150 לא עולה | מתחת ל-MA200 | אין פריצה מאושרת מעל הרמה | RS לא מספיק חזק | נזילות דולרית נמוכה | ציון Entry Quality נמוך (46.0 < 60.0)
2026-09-15 05:56:29,ROKU,Flat Base / Rectangle Breakout,WATCHLIST,65.0,100.0,159.89,157.45,3.3306296987056982,0.7284976717048844,94.0,0.9847395084120333,-0.015260491587966715,0.8819875776397441,0.262752512528034,357565013.75,BULL,אין פריצה מאושרת מעל הרמה | ווליום לא מאשר
2026-09-15 05:56:29,ROKU,Darvas Box Breakout,WATCHLIST,65.0,100.0,159.89,157.45,3.398338530915589,0.7284976717048844,94.0,0.9847395084120333,-0.015260491587966715,0.8819875776397441,0.262752512528034,357565013.75,BULL,אין פריצה מאושרת מעל הרמה | ווליום לא מאשר
2026-09-15 05:56:29,ROKU,VCP Breakout,WATCHLIST,65.0,99.0,159.89,157.45,3.0,0.7284976717048844,94.0,0.9847395084120333,-0.015260491587966715,0.8819875776397441,0.262752512528034,357565013.75,BULL,אין פריצה מאושרת מעל הרמה | ווליום לא מאשר
2026-09-15 05:56:36,CSGP,EMA21/MA50 Pullback Bounce,WATCHLIST,35.0,61.0,30.6,31.52,2.5,0.8672618272837306,3.4,0.3474426807760141,0.03006535947712412,0.7129629629629637,-0.11529760472915548,210676843.2,BULL,לא מעל MA150 | MA150 לא עולה | מתחת ל-MA200 | המחיר כבר רחוק מדי מהכניסה | ווליום לא מאשר | RS לא מספיק חזק | רחוק מדי משיא 52 שבועות | ציון Entry Quality נמוך (35.0 < 60.0)
2026-09-15 05:56:41,DLB,EMA21/MA50 Pullback Bounce,WATCHLIST,46.0,75.0,64.62,61.91,2.5000000000000018,1.4625256119918042,33.0,0.8479660088216405,-0.04193748065614373,0.05249999999999844,0.05295562365870515,57409143.0,BULL,MA150 לא עולה | אין פריצה מאושרת מעל הרמה | סגירת נר לא חזקה | RS לא מספיק חזק | ציון Entry Quality נמוך (46.0 < 60.0)
2026-09-15 05:56:51,NIC,EMA21/MA50 Pullback Bounce,WATCHLIST,52.0,88.0,173.88,171.44,2.5,0.8804581245526127,70.1,0.9524444444444444,-0.014032666206579237,0.6198347107437976,0.096291257100437,23950168.0,BULL,אין פריצה מאושרת מעל הרמה | ווליום לא מאשר | סגירת נר לא חזקה | ציון Entry Quality נמוך (52.0 < 60.0)
2026-09-15 05:56:51,NIC,VCP Breakout,WATCHLIST,59.0,86.0,175.63,171.44,3.0,0.8804581245526127,70.1,0.9524444444444444,-0.02385697204350053,0.6198347107437976,0.096291257100437,23950168.0,BULL,אין פריצה מאושרת מעל הרמה | ווליום לא מאשר | סגירת נר לא חזקה | ציון Entry Quality נמוך (59.0 < 60.0)
2026-09-15 05:56:55,LNC,EMA21/MA50 Pullback Bounce,WATCHLIST,54.0,92.0,44.5,44.040001,2.5000000000000018,1.4701130397498985,59.7,0.9238514998951122,-0.010337056179775357,0.9148946808510627,0.14820862239494742,77549377.16088499,BULL,אין פריצה מאושרת מעל הרמה | RS לא מספיק חזק | ציון Entry Quality נמוך (54.0 < 60.0)
2026-09-15 05:56:59,JCAP,EMA21/MA50 Pullback Bounce,WATCHLIST,52.0,99.0,21.5,21.51,2.657475851435307,0.6061677122912432,70.5,0.880114566284779,0.00046511627906984016,0.7003424657534293,0.0872788549872143,7302860.100000001,BULL,אין פריצה מאושרת מעל הרמה | ווליום לא מאשר | גוף נר חלש | ציון Entry Quality נמוך (52.0 < 60.0)
2026-09-15 05:57:03,BR,EMA21/MA50 Pullback Bounce,WATCHLIST,51.0,72.0,170.25,174.39,2.5000000000000013,0.6754216373695886,24.5,0.6819034690739239,0.024317180616740007,0.8553568845658647,0.08047077346157916,195737079.89999998,BULL,MA150 לא עולה | מתחת ל-MA200 | ווליום לא מאשר | RS לא מספיק חזק | רחוק מדי משיא 52 שבועות | ציון Entry Quality נמוך (51.0 < 60.0)
2026-09-15 05:57:07,FBNC,EMA21/MA50 Pullback Bounce,WATCHLIST,39.0,76.0,65.5,64.61,2.4999999999999987,1.4068169835313091,57.2,0.9675052410901467,-0.013587786259541993,0.5252533823027369,0.06863335363723094,10416101.15,BULL,אין פריצה מאושרת מעל הרמה | סגירת נר לא חזקה | גוף נר חלש | RS לא מספיק חזק | R:R נמוך מדי | ציון Entry Quality נמוך (39.0 < 60.0)
2026-09-15 05:57:15,LDOS,EMA21/MA50 Pullback Bounce,WATCHLIST,44.0,67.0,129.83,132.83,2.5,1.043169546671784,18.0,0.6455265587792195,0.02310714010629284,0.7735849056603812,-0.04604795296317045,152277640.3,BULL,לא מעל MA150 | MA150 לא עולה | מתחת ל-MA200 | ווליום לא מאשר | RS לא מספיק חזק | רחוק מדי משיא 52 שבועות | ציון Entry Quality נמוך (44.0 < 60.0)
2026-09-15 05:57:19,AFG,EMA21/MA50 Pullback Bounce,WATCHLIST,57.0,94.0,143.2,143.7,2.5,1.4368381959199186,42.8,0.9578722581556522,0.003491620111731844,0.41463271861638074,0.06131918617024992,41594683.5,BULL,סגירת נר לא חזקה | RS לא מספיק חזק | ציון Entry Quality נמוך (57.0 < 60.0)
2026-09-15 05:57:19,AFG,VCP Breakout,WATCHLIST,56.0,84.0,145.97,143.7,3.0,1.4368381959199186,42.8,0.9578722581556522,-0.015551140645338154,0.41463271861638074,0.06131918617024992,41594683.5,BULL,אין פריצה מאושרת מעל הרמה | סגירת נר לא חזקה | RS לא מספיק חזק | ציון Entry Quality נמוך (56.0 < 60.0)
2026-09-15 05:57:23,BBT,EMA21/MA50 Pullback Bounce,WATCHLIST,40.0,84.0,31.94,31.36,2.5000000000000013,1.2541634806049846,54.8,0.9552238805970149,-0.01815904821540394,0.027027027027021838,0.03421210559468033,24197062.4,BULL,אין פריצה מאושרת מעל הרמה | ווליום לא מאשר | סגירת נר לא חזקה | גוף נר חלש | RS לא מספיק חזק | ציון Entry Quality נמוך (40.0 < 60.0)
2026-09-15 05:57:23,BBT,VCP Breakout,WATCHLIST,45.0,69.0,31.96,31.36,2.999999999999997,1.2541634806049846,54.8,0.9552238805970149,-0.01877346683354197,0.027027027027021838,0.03421210559468033,24197062.4,BULL,אין פריצה מאושרת מעל הרמה | ווליום לא מאשר | סגירת נר לא חזקה | גוף נר חלש | RS לא מספיק חזק | ציון Entry Quality נמוך (45.0 < 60.0)
2026-09-15 05:57:27,CHEF,EMA21/MA50 Pullback Bounce,WATCHLIST,60.0,93.0,112.9,112.84,2.5,0.5984428738310134,96.5,0.9591160220994475,-0.0005314437555358926,0.7231503579952274,0.34023590039056745,86452930.2,BULL,אין פריצה מאושרת מעל הרמה | ווליום לא מאשר
2026-09-15 05:57:31,TRGP,EMA21/MA50 Pullback Bounce,WATCHLIST,59.0,100.0,294.67001,287.25,16.457730776421673,0.7231267139363096,89.5,0.9328115866727285,-0.025180743707172614,0.1465416178194612,0.10660038548547893,348810547.5,BULL,אין פריצה מאושרת מעל הרמה | ווליום לא מאשר | סגירת נר לא חזקה | ציון Entry Quality נמוך (59.0 < 60.0)
2026-09-15 05:57:36,JKHY,EMA21/MA50 Pullback Bounce,WATCHLIST,50.0,71.0,163.0,164.55,2.4999999999999982,1.4283109209984735,52.3,0.8508712963441751,0.0095092024539878,0.069825436408978,0.08152458929152792,157912875.75,BULL,MA150 לא עולה | סגירת נר לא חזקה | RS לא מספיק חזק | R:R נמוך מדי | ציון Entry Quality נמוך (50.0 < 60.0)
2026-09-15 05:57:40,EOG,EMA21/MA50 Pullback Bounce,WATCHLIST,52.0,85.0,148.039993,148.53999,2.500000000000002,1.2886627634829073,64.2,0.9666167111342487,0.00337744544475883,0.2851219008264445,0.08382950591123052,412528231.02779996,BULL,ווליום לא מאשר | סגירת נר לא חזקה | גוף נר חלש | RS לא מספיק חזק | ציון Entry Quality נמוך (52.0 < 60.0)
2026-09-15 05:57:47,BGSI,EMA21/MA50 Pullback Bounce,WATCHLIST,37.0,46.0,90.4,91.4,2.499999999999999,1.7853632383165043,4.0,0.4991807482697571,0.011061946902654867,0.6884735202492219,-0.21899655621564396,5114287.0,BULL,לא מעל MA150 | MA150 לא עולה | מתחת ל-MA200 | גוף נר חלש | RS לא מספיק חזק | רחוק מדי משיא 52 שבועות | R:R נמוך מדי | ציון Entry Quality נמוך (37.0 < 60.0)
2026-09-15 05:57:51,MDLZ,EMA21/MA50 Pullback Bounce,WATCHLIST,40.0,73.0,62.9,62.39,2.5000000000000018,0.9138230595732945,35.6,0.9360840210052512,-0.008108108108108077,0.17241379310344715,0.033690911504498745,445628685.7,BULL,אין פריצה מאושרת מעל הרמה | ווליום לא מאשר | סגירת נר לא חזקה | RS לא מספיק חזק | ציון Entry Quality נמוך (40.0 < 60.0)
2026-09-15 05:57:55,UGI,EMA21/MA50 Pullback Bounce,WATCHLIST,50.0,73.0,38.27,37.72,7.402597402597411,0.8495474956274747,46.0,0.9124334784712143,-0.014371570420695172,0.23076923076923006,0.04095374855438095,95216030.2,BULL,MA150 לא עולה | אין פריצה מאושרת מעל הרמה | ווליום לא מאשר | סגירת נר לא חזקה | RS לא מספיק חזק | ציון Entry Quality נמוך (50.0 < 60.0)
2026-09-15 05:58:00,HTGC,Flat Base / Rectangle Breakout,WATCHLIST,63.0,74.0,17.93,17.58,8.397790055248752,0.6416253399456087,43.0,0.8960244648318042,-0.019520356943669905,0.6521739130434708,0.11235315349674535,27473144.999999996,BULL,אין פריצה מאושרת מעל הרמה | ווליום לא מאשר | RS לא מספיק חזק
2026-09-15 05:58:00,HTGC,Darvas Box Breakout,WATCHLIST,61.0,71.0,17.93,17.58,5.58800315706401,0.6416253399456087,43.0,0.8960244648318042,-0.019520356943669905,0.6521739130434708,0.11235315349674535,27473144.999999996,BULL,אין פריצה מאושרת מעל הרמה | ווליום לא מאשר | RS לא מספיק חזק
2026-09-15 05:58:00,HTGC,EMA21/MA50 Pullback Bounce,WATCHLIST,56.0,69.0,17.68,17.58,2.5000000000000058,0.6416253399456087,43.0,0.8960244648318042,-0.005656108597285148,0.6521739130434708,0.11235315349674535,27473144.999999996,BULL,אין פריצה מאושרת מעל הרמה | ווליום לא מאשר | RS לא מספיק חזק | ציון Entry Quality נמוך (56.0 < 60.0)
2026-09-15 05:58:18,CME,EMA21/MA50 Pullback Bounce,WATCHLIST,56.0,86.0,276.16,280.45999,2.5,0.9226904798650396,35.8,0.8520476060274638,0.015570647450753112,0.7506918301712797,0.0038038669409397804,527003953.4093,BULL,MA150 לא עולה | ווליום לא מאשר | גוף נר חלש | RS לא מספיק חזק | ציון Entry Quality נמוך (56.0 < 60.0)
2026-09-15 05:58:26,SBCF,EMA21/MA50 Pullback Bounce,WATCHLIST,50.0,84.0,34.4,34.36,2.5,1.3333245551085977,52.7,0.9473393989523021,-0.0011627906976743939,0.6229508196721286,0.06463187220999021,26094873.8,BULL,MA150 לא עולה | אין פריצה מאושרת מעל הרמה | סגירת נר לא חזקה | RS לא מספיק חזק | ציון Entry Quality נמוך (50.0 < 60.0)
2026-09-15 05:58:26,SBCF,VCP Breakout,WATCHLIST,57.0,80.0,35.19,34.36,3.0,1.3333245551085977,52.7,0.9473393989523021,-0.023586246092639908,0.6229508196721286,0.06463187220999021,26094873.8,BULL,MA150 לא עולה | אין פריצה מאושרת מעל הרמה | סגירת נר לא חזקה | RS לא מספיק חזק | ציון Entry Quality נמוך (57.0 < 60.0)
2026-09-15 05:58:40,GPI,EMA21/MA50 Pullback Bounce,WATCHLIST,36.0,49.0,286.39001,284.01001,11.621042198506427,0.8504165496583357,7.2,0.5849002289082886,-0.008310345741459332,0.6827908961593224,-0.09363193737060627,60681578.736600004,BULL,לא מעל MA150 | MA150 לא עולה | מתחת ל-MA200 | אין פריצה מאושרת מעל הרמה | ווליום לא מאשר | גוף נר חלש | RS לא מספיק חזק | רחוק מדי משיא 52 שבועות | ציון Entry Quality נמוך (36.0 < 60.0)
2026-09-15 05:58:48,TWLO,EMA21/MA50 Pullback Bounce,WATCHLIST,55.0,93.0,235.32001,231.88,2.4999999999999987,0.7507729197773103,99.0,0.8975316717824062,-0.014618433850992957,0.760765550239234,0.30456895341586204,417757326.8,BULL,אין פריצה מאושרת מעל הרמה | ווליום לא מאשר | R:R נמוך מדי | ציון Entry Quality נמוך (55.0 < 60.0)
2026-09-15 05:58:52,CPRT,EMA21/MA50 Pullback Bounce,WATCHLIST,40.0,61.0,32.049999,31.73,2.500000000000001,1.0383006680889417,13.5,0.6480800653594772,-0.009984368486251723,0.936708860759495,-0.022073462746360916,344827837.45,BULL,לא מעל MA150 | MA150 לא עולה | מתחת ל-MA200 | אין פריצה מאושרת מעל הרמה | ווליום לא מאשר | RS לא מספיק חזק | רחוק מדי משיא 52 שבועות | ציון Entry Quality נמוך (40.0 < 60.0)
2026-09-15 05:59:09,LXP,Flat Base / Rectangle Breakout,WATCHLIST,63.0,100.0,61.19,60.81,2.5,1.5600248149697749,74.3,0.9870150949521183,-0.0062101650596501955,0.2727272727272845,0.1368494266384063,42149235.300000004,BULL,אין פריצה מאושרת מעל הרמה | סגירת נר לא חזקה
2026-09-15 05:59:09,LXP,Darvas Box Breakout,WATCHLIST,63.0,100.0,61.19,60.81,2.5,1.5600248149697749,74.3,0.9870150949521183,-0.0062101650596501955,0.2727272727272845,0.1368494266384063,42149235.300000004,BULL,אין פריצה מאושרת מעל הרמה | סגירת נר לא חזקה
2026-09-15 05:59:09,LXP,VCP Breakout,WATCHLIST,67.0,100.0,61.19,60.81,3.0,1.5600248149697749,74.3,0.9870150949521183,-0.0062101650596501955,0.2727272727272845,0.1368494266384063,42149235.300000004,BULL,אין פריצה מאושרת מעל הרמה | סגירת נר לא חזקה
2026-09-15 05:59:26,RNR,EMA21/MA50 Pullback Bounce,WATCHLIST,60.0,100.0,330.12,330.62,2.5,2.1957513573773197,69.6,0.9717258691431305,0.0015146007512419726,0.8136094674556223,0.07405995727296982,80074510.9,BULL,אין פריצה מאושרת מעל הרמה | גוף נר חלש | RS לא מספיק חזק
2026-09-15 05:59:26,RNR,Flat Base / Rectangle Breakout,WATCHLIST,63.0,99.0,340.23999,330.62,2.8018183489330446,2.1957513573773197,69.6,0.9717258691431305,-0.02827413085686951,0.8136094674556223,0.07405995727296982,80074510.9,BULL,אין פריצה מאושרת מעל הרמה | גוף נר חלש | RS לא מספיק חזק
2026-09-15 05:59:27,RNR,Darvas Box Breakout,WATCHLIST,63.0,93.0,340.23999,330.62,2.6019064323902015,2.1957513573773197,69.6,0.9717258691431305,-0.02827413085686951,0.8136094674556223,0.07405995727296982,80074510.9,BULL,אין פריצה מאושרת מעל הרמה | גוף נר חלש | RS לא מספיק חזק
2026-09-15 05:59:34,PRCH,EMA21/MA50 Pullback Bounce,WATCHLIST,55.0,89.0,16.685,16.52,2.644746247319521,0.7936972952995632,93.3,0.8499691294505042,-0.009889121965837529,0.6225170562687995,0.46312085299303307,18326709.8,BULL,אין פריצה מאושרת מעל הרמה | ווליום לא מאשר | סגירת נר לא חזקה | ציון Entry Quality נמוך (55.0 < 60.0)
2026-09-15 05:59:39,HWC,EMA21/MA50 Pullback Bounce,WATCHLIST,56.0,100.0,75.42,75.72,2.500000000000002,1.2968537505921183,59.3,0.9449644327967054,0.003977724741447854,0.6799989999999951,0.0739013973576994,49553439.6,BULL,ווליום לא מאשר | RS לא מספיק חזק | ציון Entry Quality נמוך (56.0 < 60.0)
2026-09-15 05:59:39,HWC,VCP Breakout,WATCHLIST,55.0,81.0,76.59,75.72,3.0,1.2968537505921183,59.3,0.9449644327967054,-0.01135918527222881,0.6799989999999951,0.0739013973576994,49553439.6,BULL,אין פריצה מאושרת מעל הרמה | ווליום לא מאשר | RS לא מספיק חזק | ציון Entry Quality נמוך (55.0 < 60.0)
2026-09-15 05:59:49,CBZ,Darvas Box Breakout,WATCHLIST,65.0,100.0,55.15,54.6,2.7542372881355797,1.5582077416732003,94.7,0.9417040358744395,-0.00997280145058925,0.38888888888889106,0.4891856726630583,56407806.0,BULL,אין פריצה מאושרת מעל הרמה | סגירת נר לא חזקה
2026-09-15 05:59:49,CBZ,VCP Breakout,WATCHLIST,67.0,100.0,55.12,54.6,3.0,1.5582077416732003,94.7,0.9417040358744395,-0.009433962264150872,0.38888888888889106,0.4891856726630583,56407806.0,BULL,אין פריצה מאושרת מעל הרמה | סגירת נר לא חזקה
2026-09-15 05:59:54,AZN,EMA21/MA50 Pullback Bounce,WATCHLIST,41.0,56.0,161.50999,163.78,2.5,0.9506177202198319,23.3,0.7699684655179133,0.01405492007026942,0.6804979253112023,-0.1044955657381618,532990072.9,BULL,לא מעל MA150 | MA150 לא עולה | מתחת ל-MA200 | ווליום לא מאשר | גוף נר חלש | RS לא מספיק חזק | ציון Entry Quality נמוך (41.0 < 60.0)
2026-09-15 06:00:08,PG,EMA21/MA50 Pullback Bounce,WATCHLIST,32.0,46.0,145.49001,146.13,2.4999999999999973,0.9295349602108419,23.1,0.8737219730941703,0.004398858725763941,0.19289340101522623,-0.012479893771668261,1368413926.8,BULL,לא מעל MA150 | MA150 לא עולה | מתחת ל-MA200 | ווליום לא מאשר | סגירת נר לא חזקה | גוף נר חלש | RS לא מספיק חזק | R:R נמוך מדי | ציון Entry Quality נמוך (32.0 < 60.0)
2026-09-15 06:00:12,AGM,VCP Breakout,WATCHLIST,65.0,99.0,229.88,225.21001,3.0,1.4736723418649227,76.6,0.9070442590134222,-0.020314903427875345,0.5640173010380645,0.21072101684268998,19973875.786900003,BULL,אין פריצה מאושרת מעל הרמה | סגירת נר לא חזקה | גוף נר חלש
2026-09-15 06:00:12,AGM,EMA21/MA50 Pullback Bounce,WATCHLIST,58.0,95.0,229.88,225.21001,2.5000000000000013,1.4736723418649227,76.6,0.9070442590134222,-0.020314903427875345,0.5640173010380645,0.21072101684268998,19973875.786900003,BULL,אין פריצה מאושרת מעל הרמה | סגירת נר לא חזקה | גוף נר חלש | ציון Entry Quality נמוך (58.0 < 60.0)
2026-09-15 06:00:17,AR,EMA21/MA50 Pullback Bounce,WATCHLIST,50.0,84.0,39.32,38.099998,23.758824670285307,1.3374912829457426,48.7,0.8327868415300547,-0.031027517802644986,0.10769076923076833,0.027909073073717233,121014928.14750999,BULL,אין פריצה מאושרת מעל הרמה | סגירת נר לא חזקה | RS לא מספיק חזק | ציון Entry Quality נמוך (50.0 < 60.0)
2026-09-15 06:00:21,NBN,EMA21/MA50 Pullback Bounce,WATCHLIST,40.0,82.0,134.83,132.23,2.500000000000001,1.2925897631779986,57.6,0.9291687161829807,-0.019283542238374415,0.324837579617829,0.07052587429002515,12981680.249999998,BULL,אין פריצה מאושרת מעל הרמה | ווליום לא מאשר | סגירת נר לא חזקה | גוף נר חלש | RS לא מספיק חזק | ציון Entry Quality נמוך (40.0 < 60.0)
2026-09-15 06:00:21,NBN,VCP Breakout,WATCHLIST,45.0,75.0,134.83,132.23,3.0000000000000018,1.2925897631779986,57.6,0.9291687161829807,-0.019283542238374415,0.324837579617829,0.07052587429002515,12981680.249999998,BULL,אין פריצה מאושרת מעל הרמה | ווליום לא מאשר | סגירת נר לא חזקה | גוף נר חלש | RS לא מספיק חזק | ציון Entry Quality נמוך (45.0 < 60.0)
2026-09-15 06:00:25,GM,VCP Breakout,WATCHLIST,67.0,90.0,88.36,87.16,3.0,0.970826808137854,76.7,0.9489384866630376,-0.013580805794477171,0.8795811518324584,0.08834635186936769,498956571.79999995,BULL,אין פריצה מאושרת מעל הרמה | ווליום לא מאשר
2026-09-15 06:00:25,GM,Darvas Box Breakout,WATCHLIST,58.0,88.0,88.36,87.16,2.4999999999999987,0.970826808137854,76.7,0.9489384866630376,-0.013580805794477171,0.8795811518324584,0.08834635186936769,498956571.79999995,BULL,אין פריצה מאושרת מעל הרמה | ווליום לא מאשר | R:R נמוך מדי | ציון Entry Quality נמוך (58.0 < 60.0)
2026-09-15 06:00:25,GM,EMA21/MA50 Pullback Bounce,WATCHLIST,55.0,88.0,87.77,87.16,2.4999999999999987,0.970826808137854,76.7,0.9489384866630376,-0.006949982909878085,0.8795811518324584,0.08834635186936769,498956571.79999995,BULL,אין פריצה מאושרת מעל הרמה | ווליום לא מאשר | R:R נמוך מדי | ציון Entry Quality נמוך (55.0 < 60.0)
2026-09-15 06:00:30,IHS,Breakout Retest Entry,WATCHLIST,43.0,82.0,8.44,8.44,5.314009661835822,0.6641361823185628,42.0,0.9430167597765363,0.0,0.3999999999999858,0.023750030324349265,10917646.399999999,BULL,אין פריצה מאושרת מעל הרמה | ווליום לא מאשר | סגירת נר לא חזקה | RS לא מספיק חזק | ציון Entry Quality נמוך (43.0 < 60.0)
2026-09-15 06:00:30,IHS,Flat Base / Rectangle Breakout,WATCHLIST,47.0,78.0,8.52,8.44,3.422724064925892,0.6641361823185628,42.0,0.9430167597765363,-0.009389671361502356,0.3999999999999858,0.023750030324349265,10917646.399999999,BULL,אין פריצה מאושרת מעל הרמה | ווליום לא מאשר | סגירת נר לא חזקה | RS לא מספיק חזק | ציון Entry Quality נמוך (47.0 < 60.0)
2026-09-15 06:00:30,IHS,Darvas Box Breakout,WATCHLIST,47.0,75.0,8.52,8.44,3.422724064925892,0.6641361823185628,42.0,0.9430167597765363,-0.009389671361502356,0.3999999999999858,0.023750030324349265,10917646.399999999,BULL,אין פריצה מאושרת מעל הרמה | ווליום לא מאשר | סגירת נר לא חזקה | RS לא מספיק חזק | ציון Entry Quality נמוך (47.0 < 60.0)
2026-09-15 06:00:34,BLKB,EMA21/MA50 Pullback Bounce,WATCHLIST,35.0,58.0,45.61,45.67,2.4999999999999987,1.108965442735412,56.6,0.6458775279309859,0.0013155009866257898,0.2446358415143001,0.18259689573402613,16909545.85,BULL,MA150 לא עולה | אין פריצה מאושרת מעל הרמה | ווליום לא מאשר | סגירת נר לא חזקה | RS לא מספיק חזק | רחוק מדי משיא 52 שבועות | R:R נמוך מדי | ציון Entry Quality נמוך (35.0 < 60.0)
2026-09-15 06:00:38,DGX,EMA21/MA50 Pullback Bounce,WATCHLIST,53.0,100.0,235.12,237.89,2.4999999999999987,1.0964867874860789,73.7,0.962377118815486,0.011781218101394954,0.6301369863013679,0.13791460589991233,211467557.7,BULL,ווליום לא מאשר | סגירת נר לא חזקה | גוף נר חלש | R:R נמוך מדי | ציון Entry Quality נמוך (53.0 < 60.0)
2026-09-15 06:00:42,BIO,EMA21/MA50 Pullback Bounce,WATCHLIST,62.0,100.0,373.70999,368.54999,15.102668609060604,1.1949672709476131,85.0,0.9301415357206285,-0.013807498161876874,0.594649371706519,0.22297430078130157,90366614.79805,BULL,אין פריצה מאושרת מעל הרמה | ווליום לא מאשר | סגירת נר לא חזקה
2026-09-15 06:00:47,WST,Flat Base / Rectangle Breakout,WATCHLIST,69.0,100.0,360.29001,355.20001,2.5,1.380229742040127,81.3,0.9202072797927462,-0.014127508003899345,0.8769650959860416,0.16047033592531193,159864868.5007,BULL,אין פריצה מאושרת מעל הרמה
2026-09-15 06:00:47,WST,Darvas Box Breakout,WATCHLIST,67.0,100.0,360.29001,355.20001,2.5,1.380229742040127,81.3,0.9202072797927462,-0.014127508003899345,0.8769650959860416,0.16047033592531193,159864868.5007,BULL,אין פריצה מאושרת מעל הרמה
2026-09-15 06:00:47,WST,VCP Breakout,WATCHLIST,71.0,100.0,359.17999,355.20001,3.0,1.380229742040127,81.3,0.9202072797927462,-0.011080739770609034,0.8769650959860416,0.16047033592531193,159864868.5007,BULL,אין פריצה מאושרת מעל הרמה
2026-09-15 06:00:51,CNO,Darvas Box Breakout,WATCHLIST,55.0,95.0,56.98,55.53,3.9110241994622186,1.08284620036283,80.9,0.9642299010244834,-0.025447525447525373,0.5810822132913146,0.15900789583107372,48209757.75,BULL,אין פריצה מאושרת מעל הרמה | ווליום לא מאשר | סגירת נר לא חזקה | גוף נר חלש | ציון Entry Quality נמוך (55.0 < 60.0)
2026-09-15 06:00:51,CNO,VCP Breakout,WATCHLIST,57.0,91.0,56.98,55.53,3.0,1.08284620036283,80.9,0.9642299010244834,-0.025447525447525373,0.5810822132913146,0.15900789583107372,48209757.75,BULL,אין פריצה מאושרת מעל הרמה | ווליום לא מאשר | סגירת נר לא חזקה | גוף נר חלש | ציון Entry Quality נמוך (57.0 < 60.0)
2026-09-15 06:00:51,CNO,EMA21/MA50 Pullback Bounce,WATCHLIST,45.0,92.0,55.78,55.53,2.4999999999999973,1.08284620036283,80.9,0.9642299010244834,-0.0044818931516672645,0.5810822132913146,0.15900789583107372,48209757.75,BULL,אין פריצה מאושרת מעל הרמה | ווליום לא מאשר | סגירת נר לא חזקה | גוף נר חלש | R:R נמוך מדי | ציון Entry Quality נמוך (45.0 < 60.0)
2026-09-15 06:00:58,E,EMA21/MA50 Pullback Bounce,WATCHLIST,53.0,100.0,56.080002,55.4,2.5000000000000013,1.226965497545253,81.0,0.9551724137931035,-0.012125570180971138,0.3888895679004775,0.06332204363471487,20368087.0,BULL,אין פריצה מאושרת מעל הרמה | ווליום לא מאשר | סגירת נר לא חזקה | ציון Entry Quality נמוך (53.0 < 60.0)
2026-09-15 06:00:58,E,VCP Breakout,WATCHLIST,60.0,91.0,56.84,55.4,3.0,1.226965497545253,81.0,0.9551724137931035,-0.02533427163969044,0.3888895679004775,0.06332204363471487,20368087.0,BULL,אין פריצה מאושרת מעל הרמה | ווליום לא מאשר | סגירת נר לא חזקה
2026-09-15 06:01:03,ICE,EMA21/MA50 Pullback Bounce,WATCHLIST,34.0,56.0,158.31,157.75,2.499999999999996,0.7003845141538118,32.3,0.8933121920833569,-0.0035373634009222554,0.22128633413538723,0.03629268294053168,521437892.5,BULL,MA150 לא עולה | אין פריצה מאושרת מעל הרמה | ווליום לא מאשר | סגירת נר לא חזקה | RS לא מספיק חזק | R:R נמוך מדי | ציון Entry Quality נמוך (34.0 < 60.0)
2026-09-15 06:01:14,APP,EMA21/MA50 Pullback Bounce,WATCHLIST,51.0,77.0,325.60001,334.23999,4.66165302438402,1.1107962471140518,2.3,0.44827724210079317,0.026535564295590716,0.7714599936120435,-0.2331057024734903,1521537309.6776998,BULL,לא מעל MA150 | MA150 לא עולה | מתחת ל-MA200 | ווליום לא מאשר | RS לא מספיק חזק | רחוק מדי משיא 52 שבועות | ציון Entry Quality נמוך (51.0 < 60.0)
2026-09-15 06:01:14,APP,Darvas Box Breakout,WATCHLIST,44.0,51.0,335.45001,334.23999,2.5,1.1107962471140518,2.3,0.44827724210079317,-0.003607154460958408,0.7714599936120435,-0.2331057024734903,1521537309.6776998,BULL,לא מעל MA150 | MA150 לא עולה | מתחת ל-MA200 | אין פריצה מאושרת מעל הרמה | ווליום לא מאשר | RS לא מספיק חזק | רחוק מדי משיא 52 שבועות | ציון Entry Quality נמוך (44.0 < 60.0)
2026-09-15 06:01:14,APP,VCP Breakout,WATCHLIST,44.0,49.0,335.45001,334.23999,3.0,1.1107962471140518,2.3,0.44827724210079317,-0.003607154460958408,0.7714599936120435,-0.2331057024734903,1521537309.6776998,BULL,לא מעל MA150 | MA150 לא עולה | מתחת ל-MA200 | אין פריצה מאושרת מעל הרמה | ווליום לא מאשר | RS לא מספיק חזק | רחוק מדי משיא 52 שבועות | ציון Entry Quality נמוך (44.0 < 60.0)
2026-09-15 06:01:21,TRMK,EMA21/MA50 Pullback Bounce,WATCHLIST,46.0,80.0,47.98,47.13,2.5,1.3132631648518696,52.6,0.9618367346938776,-0.017715714881200384,0.45588235294118,0.04994809306360932,14261773.65,BULL,אין פריצה מאושרת מעל הרמה | סגירת נר לא חזקה | RS לא מספיק חזק | ציון Entry Quality נמוך (46.0 < 60.0)
2026-09-15 06:01:25,ROG,EMA21/MA50 Pullback Bounce,WATCHLIST,52.0,99.0,136.75,132.0,2.5,1.2857344433469733,77.0,0.7810650887573964,-0.03473491773308958,0.550359712230216,0.0303580983640185,23387100.0,BULL,אין פריצה מאושרת מעל הרמה | ווליום לא מאשר | סגירת נר לא חזקה | גוף נר חלש | ציון Entry Quality נמוך (52.0 < 60.0)
2026-09-15 06:01:29,WAT,EMA21/MA50 Pullback Bounce,WATCHLIST,59.0,100.0,410.10999,410.01001,2.5000000000000013,1.1608053007135577,82.7,0.9619680212097039,-0.00024378825787676995,0.8268635886673665,0.1649052984151778,257420684.6784,BULL,אין פריצה מאושרת מעל הרמה | ווליום לא מאשר | גוף נר חלש | ציון Entry Quality נמוך (59.0 < 60.0)
2026-09-15 06:01:40,AMD,EMA21/MA50 Pullback Bounce,WATCHLIST,63.0,100.0,521.059998,493.41,8.712542173096136,1.374936174936175,99.0,0.8438253841542382,-0.05306490251819317,0.7242522433529979,0.26326844406543765,8890261380.0,BULL,אין פריצה מאושרת מעל הרמה
2026-09-15 06:01:51,GIC,EMA21/MA50 Pullback Bounce,WATCHLIST,55.0,79.0,39.16,39.25,2.5,0.8158447009443861,63.9,0.9641365757799066,0.0022982635342186776,0.4909090909090928,0.16880641865284837,4488630.0,BULL,ווליום לא מאשר | סגירת נר לא חזקה | RS לא מספיק חזק | נזילות דולרית נמוכה | ציון Entry Quality נמוך (55.0 < 60.0)
2026-09-15 06:01:51,GIC,VCP Breakout,WATCHLIST,54.0,70.0,40.32,39.25,3.0,0.8158447009443861,63.9,0.9641365757799066,-0.02653769841269842,0.4909090909090928,0.16880641865284837,4488630.0,BULL,אין פריצה מאושרת מעל הרמה | ווליום לא מאשר | סגירת נר לא חזקה | RS לא מספיק חזק | נזילות דולרית נמוכה | ציון Entry Quality נמוך (54.0 < 60.0)
2026-09-15 06:01:51,GIC,Darvas Box Breakout,WATCHLIST,50.0,68.0,40.32,39.25,2.9857644666296914,0.8158447009443861,63.9,0.9641365757799066,-0.02653769841269842,0.4909090909090928,0.16880641865284837,4488630.0,BULL,אין פריצה מאושרת מעל הרמה | ווליום לא מאשר | סגירת נר לא חזקה | RS לא מספיק חזק | נזילות דולרית נמוכה | ציון Entry Quality נמוך (50.0 < 60.0)
2026-09-15 06:01:55,DKNG,EMA21/MA50 Pullback Bounce,WATCHLIST,47.0,64.0,24.74,24.85,2.5,0.9088818266588009,6.7,0.5468750000000001,0.004446240905416451,0.8076923076923078,0.014578353468398237,228521221.25,BULL,MA150 לא עולה | מתחת ל-MA200 | ווליום לא מאשר | גוף נר חלש | RS לא מספיק חזק | רחוק מדי משיא 52 שבועות | ציון Entry Quality נמוך (47.0 < 60.0)
2026-09-15 06:02:12,BMRN,EMA21/MA50 Pullback Bounce,WATCHLIST,52.0,88.0,66.050003,66.41,2.5,0.7447555565463584,68.8,0.935615666384897,0.0054503706835561045,0.5948275862068964,0.1322421045844042,119158134.8,BULL,ווליום לא מאשר | סגירת נר לא חזקה | גוף נר חלש | RS לא מספיק חזק | ציון Entry Quality נמוך (52.0 < 60.0)
2026-09-15 06:02:12,BMRN,VCP Breakout,WATCHLIST,51.0,75.0,68.34,66.41,3.0,0.7447555565463584,68.8,0.935615666384897,-0.028241147205150814,0.5948275862068964,0.1322421045844042,119158134.8,BULL,אין פריצה מאושרת מעל הרמה | ווליום לא מאשר | סגירת נר לא חזקה | גוף נר חלש | RS לא מספיק חזק | ציון Entry Quality נמוך (51.0 < 60.0)
2026-09-15 06:02:16,TNET,EMA21/MA50 Pullback Bounce,WATCHLIST,68.0,100.0,66.99,68.71,2.5,0.925547314539838,88.6,0.9402024920579504,0.025675473951336004,0.8924729448488339,0.3874025239720085,23020941.95,BULL,ווליום לא מאשר
2026-09-15 06:02:21,CATY,EMA21/MA50 Pullback Bounce,WATCHLIST,46.0,73.0,63.18,62.42,2.500000000000003,1.0124007871000118,66.5,0.9564817652467055,-0.01202912314023422,0.46666666666666856,0.09103366784156307,23632524.1,BULL,אין פריצה מאושרת מעל הרמה | ווליום לא מאשר | סגירת נר לא חזקה | RS לא מספיק חזק | ציון Entry Quality נמוך (46.0 < 60.0)
2026-09-15 06:02:21,CATY,VCP Breakout,WATCHLIST,53.0,71.0,63.18,62.42,3.0,1.0124007871000118,66.5,0.9564817652467055,-0.01202912314023422,0.46666666666666856,0.09103366784156307,23632524.1,BULL,אין פריצה מאושרת מעל הרמה | ווליום לא מאשר | סגירת נר לא חזקה | RS לא מספיק חזק | ציון Entry Quality נמוך (53.0 < 60.0)
2026-09-15 06:02:32,BFH,EMA21/MA50 Pullback Bounce,WATCHLIST,58.0,100.0,111.43,109.23,2.5,1.078034782007399,93.3,0.9537239151314066,-0.01974333662388946,0.9105691056910576,0.19494584933409212,47388889.35,BULL,אין פריצה מאושרת מעל הרמה | ווליום לא מאשר | גוף נר חלש | ציון Entry Quality נמוך (58.0 < 60.0)
2026-09-15 06:02:32,BFH,VCP Breakout,WATCHLIST,61.0,97.0,111.43,109.23,2.9999999999999982,1.078034782007399,93.3,0.9537239151314066,-0.01974333662388946,0.9105691056910576,0.19494584933409212,47388889.35,BULL,אין פריצה מאושרת מעל הרמה | ווליום לא מאשר | גוף נר חלש
2026-09-15 06:02:46,SOLV,EMA21/MA50 Pullback Bounce,WATCHLIST,69.0,100.0,88.84,89.82,2.5000000000000018,0.8211845162514028,72.8,0.9539082412914188,0.011031067086897679,0.7802199734329891,0.17476876144193043,85238730.89999999,BULL,ווליום לא מאשר
2026-09-15 06:02:53,WABC,VCP Breakout,WATCHLIST,71.0,100.0,59.71,59.95,3.0,1.8246201880973232,58.7,0.9424618770633548,0.004019427231619527,0.9693877551020468,0.07542119903329661,7872334.25,BULL,RS לא מספיק חזק
2026-09-15 06:02:53,WABC,EMA21/MA50 Pullback Bounce,WATCHLIST,64.0,98.0,59.59,59.95,2.5000000000000013,1.8246201880973232,58.7,0.9424618770633548,0.0060412820943111165,0.9693877551020468,0.07542119903329661,7872334.25,BULL,RS לא מספיק חזק
2026-09-15 06:02:53,WABC,Darvas Box Breakout,WATCHLIST,61.0,93.0,60.73,59.95,2.5000000000000013,1.8246201880973232,58.7,0.9424618770633548,-0.012843734562818938,0.9693877551020468,0.07542119903329661,7872334.25,BULL,אין פריצה מאושרת מעל הרמה | RS לא מספיק חזק
2026-09-15 06:02:57,CFR,VCP Breakout,WATCHLIST,55.0,86.0,166.75,163.39,3.0,1.2166894431158182,70.7,0.9566159250585479,-0.02014992503748134,0.12060743413348968,0.10172646347879594,76518804.8,BULL,אין פריצה מאושרת מעל הרמה | ווליום לא מאשר | סגירת נר לא חזקה | גוף נר חלש | ציון Entry Quality נמוך (55.0 < 60.0)
2026-09-15 06:02:58,CFR,EMA21/MA50 Pullback Bounce,WATCHLIST,43.0,87.0,166.75,163.39,2.499999999999998,1.2166894431158182,70.7,0.9566159250585479,-0.02014992503748134,0.12060743413348968,0.10172646347879594,76518804.8,BULL,אין פריצה מאושרת מעל הרמה | ווליום לא מאשר | סגירת נר לא חזקה | גוף נר חלש | R:R נמוך מדי | ציון Entry Quality נמוך (43.0 < 60.0)
2026-09-15 06:03:02,UBSI,VCP Breakout,WATCHLIST,61.0,79.0,48.31,47.69,3.0,1.180679785330948,64.8,0.9611043933897622,-0.012833781825709056,0.8148148148148119,0.07002144931027626,38388542.4,BULL,אין פריצה מאושרת מעל הרמה | ווליום לא מאשר | RS לא מספיק חזק
2026-09-15 06:03:02,UBSI,EMA21/MA50 Pullback Bounce,WATCHLIST,49.0,90.0,47.65,47.69,2.499999999999998,1.180679785330948,64.8,0.9611043933897622,0.000839454354669447,0.8148148148148119,0.07002144931027626,38388542.4,BULL,אין פריצה מאושרת מעל הרמה | ווליום לא מאשר | RS לא מספיק חזק | R:R נמוך מדי | ציון Entry Quality נמוך (49.0 < 60.0)
2026-09-15 06:03:06,TECH,Flat Base / Rectangle Breakout,WATCHLIST,57.0,100.0,72.62,72.27,2.5254451773907967,1.1448625951806475,89.9,0.9951803910768382,-0.004819608923161781,0.7692307692307524,0.1928997139318866,172976438.25,BULL,אין פריצה מאושרת מעל הרמה | ווליום לא מאשר | ציון Entry Quality נמוך (57.0 < 60.0)
2026-09-15 06:03:06,TECH,Darvas Box Breakout,WATCHLIST,57.0,100.0,72.62,72.27,2.5,1.1448625951806475,89.9,0.9951803910768382,-0.004819608923161781,0.7692307692307524,0.1928997139318866,172976438.25,BULL,אין פריצה מאושרת מעל הרמה | ווליום לא מאשר | ציון Entry Quality נמוך (57.0 < 60.0)
2026-09-15 06:03:06,TECH,VCP Breakout,WATCHLIST,61.0,100.0,72.58,72.27,3.0,1.1448625951806475,89.9,0.9951803910768382,-0.004271149076880715,0.7692307692307524,0.1928997139318866,172976438.25,BULL,אין פריצה מאושרת מעל הרמה | ווליום לא מאשר
2026-09-15 06:03:11,CFFN,EMA21/MA50 Pullback Bounce,WATCHLIST,58.0,100.0,8.93,8.91,2.5,1.0950120633588587,76.3,0.9622030237580994,-0.0022396416573347787,0.8571428571428608,0.11716666805981635,6795122.4,BULL,אין פריצה מאושרת מעל הרמה | ווליום לא מאשר | ציון Entry Quality נמוך (58.0 < 60.0)
2026-09-15 06:03:11,CFFN,VCP Breakout,WATCHLIST,65.0,98.0,8.93,8.91,3.0,1.0950120633588587,76.3,0.9622030237580994,-0.0022396416573347787,0.8571428571428608,0.11716666805981635,6795122.4,BULL,אין פריצה מאושרת מעל הרמה | ווליום לא מאשר
2026-09-15 06:03:11,CFFN,Darvas Box Breakout,WATCHLIST,61.0,96.0,8.93,8.91,2.5,1.0950120633588587,76.3,0.9622030237580994,-0.0022396416573347787,0.8571428571428608,0.11716666805981635,6795122.4,BULL,אין פריצה מאושרת מעל הרמה | ווליום לא מאשר
2026-09-15 06:03:18,MQ,EMA21/MA50 Pullback Bounce,WATCHLIST,64.0,98.0,16.54,16.58,2.5,0.9142143355744149,99.0,0.8871054039593363,0.0024183796856105896,0.6701030927835044,0.8982559248940962,11282275.499999998,BULL,ווליום לא מאשר | גוף נר חלש
2026-09-15 06:03:22,INTC,EMA21/MA50 Pullback Bounce,WATCHLIST,43.0,78.0,104.9,97.19,,1.0494829787850022,99.0,0.6827537279414311,-0.07349857006673029,0.6152073732718893,0.11745439455007171,8912962996.15,BULL,אין פריצה מאושרת מעל הרמה | ווליום לא מאשר | סגירת נר לא חזקה | רחוק מדי משיא 52 שבועות | R:R נמוך מדי | ציון Entry Quality נמוך (43.0 < 60.0)
2026-09-15 06:03:26,IGA,EMA21/MA50 Pullback Bounce,WATCHLIST,56.0,86.0,10.47,10.5,2.5,0.5276742725559975,42.9,0.9767441860465116,0.0028653295128939216,1.0,0.060613202782510325,1003170.0,BULL,ווליום לא מאשר | RS לא מספיק חזק | נזילות דולרית נמוכה | ציון Entry Quality נמוך (56.0 < 60.0)
2026-09-15 06:03:26,IGA,Flat Base / Rectangle Breakout,WATCHLIST,53.0,81.0,10.75,10.5,5.213764337851912,0.5276742725559975,42.9,0.9767441860465116,-0.023255813953488372,1.0,0.060613202782510325,1003170.0,BULL,אין פריצה מאושרת מעל הרמה | ווליום לא מאשר | RS לא מספיק חזק | נזילות דולרית נמוכה | ציון Entry Quality נמוך (53.0 < 60.0)
2026-09-15 06:03:26,IGA,Darvas Box Breakout,WATCHLIST,53.0,78.0,10.75,10.5,3.701772679874862,0.5276742725559975,42.9,0.9767441860465116,-0.023255813953488372,1.0,0.060613202782510325,1003170.0,BULL,אין פריצה מאושרת מעל הרמה | ווליום לא מאשר | RS לא מספיק חזק | נזילות דולרית נמוכה | ציון Entry Quality נמוך (53.0 < 60.0)
2026-09-15 06:03:30,STBA,VCP Breakout,WATCHLIST,57.0,79.0,50.81,50.53,3.0,1.1519642772314855,68.3,0.9444859813084112,-0.005510726234993134,0.7941176470588226,0.09385237482328243,10637070.3,BULL,אין פריצה מאושרת מעל הרמה | ווליום לא מאשר | RS לא מספיק חזק | ציון Entry Quality נמוך (57.0 < 60.0)
2026-09-15 06:03:30,STBA,EMA21/MA50 Pullback Bounce,WATCHLIST,45.0,84.0,50.8,50.53,2.4999999999999982,1.1519642772314855,68.3,0.9444859813084112,-0.005314960629921182,0.7941176470588226,0.09385237482328243,10637070.3,BULL,אין פריצה מאושרת מעל הרמה | ווליום לא מאשר | RS לא מספיק חזק | R:R נמוך מדי | ציון Entry Quality נמוך (45.0 < 60.0)
2026-09-15 06:03:30,STBA,Darvas Box Breakout,WATCHLIST,48.0,73.0,51.6,50.53,2.4999999999999982,1.1519642772314855,68.3,0.9444859813084112,-0.020736434108527137,0.7941176470588226,0.09385237482328243,10637070.3,BULL,אין פריצה מאושרת מעל הרמה | ווליום לא מאשר | RS לא מספיק חזק | R:R נמוך מדי | ציון Entry Quality נמוך (48.0 < 60.0)
2026-09-15 06:03:35,BANR,EMA21/MA50 Pullback Bounce,WATCHLIST,62.0,100.0,71.46,71.94,2.5,1.397732458141739,52.9,0.9612506680919294,0.0067170445004198715,0.6504854368932048,0.09189924115781296,20494986.599999998,BULL,RS לא מספיק חזק
2026-09-15 06:03:42,LNN,EMA21/MA50 Pullback Bounce,WATCHLIST,49.0,69.0,118.92,118.34,2.5000000000000013,0.9925509670674334,23.2,0.7995945945945946,-0.004877228388832814,0.8434343434343456,0.011890034773409875,18110753.6,BULL,MA150 לא עולה | אין פריצה מאושרת מעל הרמה | ווליום לא מאשר | RS לא מספיק חזק | ציון Entry Quality נמוך (49.0 < 60.0)
2026-09-15 06:03:47,PBI,Darvas Box Breakout,WATCHLIST,61.0,100.0,17.72,17.33,2.8906463048813724,1.1885959901753584,87.6,0.9087572102779233,-0.022009029345372494,0.790123456790121,0.1644157769107552,24271704.799999997,BULL,אין פריצה מאושרת מעל הרמה | ווליום לא מאשר | גוף נר חלש
2026-09-15 06:03:47,PBI,EMA21/MA50 Pullback Bounce,WATCHLIST,64.0,100.0,17.24,17.33,2.500000000000002,1.1885959901753584,87.6,0.9087572102779233,0.005220417633410665,0.790123456790121,0.1644157769107552,24271704.799999997,BULL,ווליום לא מאשר | גוף נר חלש
2026-09-15 06:03:47,PBI,VCP Breakout,WATCHLIST,61.0,97.0,17.72,17.33,2.9999999999999987,1.1885959901753584,87.6,0.9087572102779233,-0.022009029345372494,0.790123456790121,0.1644157769107552,24271704.799999997,BULL,אין פריצה מאושרת מעל הרמה | ווליום לא מאשר | גוף נר חלש
2026-09-15 06:03:52,ABBV,EMA21/MA50 Pullback Bounce,WATCHLIST,54.0,99.0,259.60999,261.76999,2.5,1.0399541813547153,66.8,0.9786891614012786,0.008320172887029598,0.36703018474806653,0.13554858401617886,1135779412.26155,BULL,ווליום לא מאשר | סגירת נר לא חזקה | גוף נר חלש | RS לא מספיק חזק | ציון Entry Quality נמוך (54.0 < 60.0)
2026-09-15 06:03:52,ABBV,Flat Base / Rectangle Breakout,WATCHLIST,51.0,79.0,267.47,261.76999,2.5,1.0399541813547153,66.8,0.9786891614012786,-0.021310838598721425,0.36703018474806653,0.13554858401617886,1135779412.26155,BULL,אין פריצה מאושרת מעל הרמה | ווליום לא מאשר | סגירת נר לא חזקה | גוף נר חלש | RS לא מספיק חזק | ציון Entry Quality נמוך (51.0 < 60.0)
2026-09-15 06:03:52,ABBV,VCP Breakout,WATCHLIST,53.0,75.0,266.91,261.76999,3.0,1.0399541813547153,66.8,0.9786891614012786,-0.01925746506312996,0.36703018474806653,0.13554858401617886,1135779412.26155,BULL,אין פריצה מאושרת מעל הרמה | ווליום לא מאשר | סגירת נר לא חזקה | גוף נר חלש | RS לא מספיק חזק | ציון Entry Quality נמוך (53.0 < 60.0)
2026-09-15 06:03:56,WFC,EMA21/MA50 Pullback Bounce,WATCHLIST,37.0,73.0,91.16,88.71,2.5000000000000018,1.2598665551421457,49.1,0.9074263502454991,-0.026875822729267255,0.4290322580645144,0.0675818250157713,1107239187.6,BULL,MA150 לא עולה | אין פריצה מאושרת מעל הרמה | ווליום לא מאשר | סגירת נר לא חזקה | RS לא מספיק חזק | ציון Entry Quality נמוך (37.0 < 60.0)
2026-09-15 06:03:56,WFC,Flat Base / Rectangle Breakout,WATCHLIST,42.0,69.0,91.16,88.71,2.5736788617886215,1.2598665551421457,49.1,0.9074263502454991,-0.026875822729267255,0.4290322580645144,0.0675818250157713,1107239187.6,BULL,MA150 לא עולה | אין פריצה מאושרת מעל הרמה | ווליום לא מאשר | סגירת נר לא חזקה | RS לא מספיק חזק | ציון Entry Quality נמוך (42.0 < 60.0)
2026-09-15 06:03:56,WFC,Darvas Box Breakout,WATCHLIST,42.0,66.0,91.16,88.71,2.5736788617886215,1.2598665551421457,49.1,0.9074263502454991,-0.026875822729267255,0.4290322580645144,0.0675818250157713,1107239187.6,BULL,MA150 לא עולה | אין פריצה מאושרת מעל הרמה | ווליום לא מאשר | סגירת נר לא חזקה | RS לא מספיק חזק | ציון Entry Quality נמוך (42.0 < 60.0)
2026-09-15 06:04:04,CNR,EMA21/MA50 Pullback Bounce,WATCHLIST,51.0,75.0,97.87,96.3,6.308830497282066,0.8280678757590964,62.6,0.8388501742160279,-0.016041687953407657,0.5544041450777188,0.06213860151818874,47017993.5,BULL,אין פריצה מאושרת מעל הרמה | ווליום לא מאשר | סגירת נר לא חזקה | RS לא מספיק חזק | ציון Entry Quality נמוך (51.0 < 60.0)
2026-09-15 06:04:14,IAG,EMA21/MA50 Pullback Bounce,WATCHLIST,63.0,100.0,20.88,19.79,3.9764243614931227,1.074513942953283,88.2,0.7957378367511057,-0.05220306513409961,0.4923076923076911,0.08563675289626123,94688718.25,BULL,אין פריצה מאושרת מעל הרמה | ווליום לא מאשר | סגירת נר לא חזקה
2026-09-15 06:04:29,RDDT,Falling Wedge,WATCHLIST,49.0,56.0,161.8691836734694,162.38,3.46,0.6327967764862643,11.4,0.5738822910803218,0.003155735483049362,0.5810370242966075,0.0264040816662069,1167458614.6,BULL,MA150 לא עולה | מתחת ל-MA200 | ווליום לא מאשר | סגירת נר לא חזקה | גוף נר חלש | RS לא מספיק חזק | רחוק מדי משיא 52 שבועות | ציון Entry Quality נמוך (49.0 < 60.0)
2026-09-15 06:04:29,RDDT,EMA21/MA50 Pullback Bounce,WATCHLIST,39.0,55.0,159.5,162.38,2.499999999999999,0.6327967764862643,11.4,0.5738822910803218,0.018056426332288374,0.5810370242966075,0.0264040816662069,1167458614.6,BULL,MA150 לא עולה | מתחת ל-MA200 | ווליום לא מאשר | סגירת נר לא חזקה | גוף נר חלש | RS לא מספיק חזק | רחוק מדי משיא 52 שבועות | R:R נמוך מדי | ציון Entry Quality נמוך (39.0 < 60.0)
2026-09-15 06:04:29,RDDT,VCP Breakout,WATCHLIST,39.0,52.0,165.91,162.38,3.0,0.6327967764862643,11.4,0.5738822910803218,-0.021276595744680857,0.5810370242966075,0.0264040816662069,1167458614.6,BULL,MA150 לא עולה | מתחת ל-MA200 | אין פריצה מאושרת מעל הרמה | ווליום לא מאשר | סגירת נר לא חזקה | גוף נר חלש | RS לא מספיק חזק | רחוק מדי משיא 52 שבועות | ציון Entry Quality נמוך (39.0 < 60.0)
2026-09-15 06:04:33,COR,EMA21/MA50 Pullback Bounce,WATCHLIST,50.0,79.0,325.13,326.23001,2.5,0.9114213700138498,46.5,0.8640938744479029,0.0033832928367114614,0.70731817141399,0.04546201827044485,379232599.7247,BULL,MA150 לא עולה | ווליום לא מאשר | גוף נר חלש | RS לא מספיק חזק | ציון Entry Quality נמוך (50.0 < 60.0)
2026-09-15 06:04:37,WTRG,Flat Base / Rectangle Breakout,WATCHLIST,63.0,98.0,42.51,41.61,3.7787473193817944,1.6518006594545513,45.9,0.9788285109386027,-0.021171489061397285,0.787878787878786,0.06067867025212303,90734349.9,BULL,אין פריצה מאושרת מעל הרמה | RS לא מספיק חזק
2026-09-15 06:04:37,WTRG,Darvas Box Breakout,WATCHLIST,63.0,95.0,42.51,41.61,3.7787473193817944,1.6518006594545513,45.9,0.9788285109386027,-0.021171489061397285,0.787878787878786,0.06067867025212303,90734349.9,BULL,אין פריצה מאושרת מעל הרמה | RS לא מספיק חזק
2026-09-15 06:04:37,WTRG,VCP Breakout,WATCHLIST,63.0,91.0,42.51,41.61,3.0,1.6518006594545513,45.9,0.9788285109386027,-0.021171489061397285,0.787878787878786,0.06067867025212303,90734349.9,BULL,אין פריצה מאושרת מעל הרמה | RS לא מספיק חזק
2026-09-15 06:04:42,MMS,VCP Breakout,WATCHLIST,47.0,59.0,60.69,59.35,2.9999999999999982,1.741840459367729,9.5,0.5935,-0.022079420003295377,0.8326996197718641,-0.0624377977437361,27803694.5,BULL,לא מעל MA150 | MA150 לא עולה | מתחת ל-MA200 | אין פריצה מאושרת מעל הרמה | RS לא מספיק חזק | רחוק מדי משיא 52 שבועות | ציון Entry Quality נמוך (47.0 < 60.0)
2026-09-15 06:04:42,MMS,Darvas Box Breakout,WATCHLIST,42.0,55.0,60.69,59.35,2.4999999999999982,1.741840459367729,9.5,0.5935,-0.022079420003295377,0.8326996197718641,-0.0624377977437361,27803694.5,BULL,לא מעל MA150 | MA150 לא עולה | מתחת ל-MA200 | אין פריצה מאושרת מעל הרמה | RS לא מספיק חזק | רחוק מדי משיא 52 שבועות | R:R נמוך מדי | ציון Entry Quality נמוך (42.0 < 60.0)
2026-09-15 06:04:42,MMS,EMA21/MA50 Pullback Bounce,WATCHLIST,37.0,53.0,57.42,59.35,2.4999999999999982,1.741840459367729,9.5,0.5935,0.03361198188784395,0.8326996197718641,-0.0624377977437361,27803694.5,BULL,לא מעל MA150 | MA150 לא עולה | מתחת ל-MA200 | המחיר כבר רחוק מדי מהכניסה | RS לא מספיק חזק | רחוק מדי משיא 52 שבועות | R:R נמוך מדי | ציון Entry Quality נמוך (37.0 < 60.0)
2026-09-15 06:04:57,AWK,Flat Base / Rectangle Breakout,WATCHLIST,49.0,81.0,142.37,138.92,4.755845730679402,0.7821461781662638,37.4,0.9538588299917605,-0.024232633279483155,0.6318181818181788,0.04946770825972759,280114815.0,BULL,אין פריצה מאושרת מעל הרמה | ווליום לא מאשר | סגירת נר לא חזקה | גוף נר חלש | RS לא מספיק חזק | ציון Entry Quality נמוך (49.0 < 60.0)
2026-09-15 06:04:57,AWK,Darvas Box Breakout,WATCHLIST,47.0,75.0,142.37,138.92,3.717725000739438,0.7821461781662638,37.4,0.9538588299917605,-0.024232633279483155,0.6318181818181788,0.04946770825972759,280114815.0,BULL,אין פריצה מאושרת מעל הרמה | ווליום לא מאשר | סגירת נר לא חזקה | גוף נר חלש | RS לא מספיק חזק | ציון Entry Quality נמוך (47.0 < 60.0)
2026-09-15 06:04:57,AWK,VCP Breakout,WATCHLIST,49.0,75.0,142.37,138.92,3.0,0.7821461781662638,37.4,0.9538588299917605,-0.024232633279483155,0.6318181818181788,0.04946770825972759,280114815.0,BULL,אין פריצה מאושרת מעל הרמה | ווליום לא מאשר | סגירת נר לא חזקה | גוף נר חלש | RS לא מספיק חזק | ציון Entry Quality נמוך (49.0 < 60.0)
2026-09-15 06:05:07,MGNI,EMA21/MA50 Pullback Bounce,WATCHLIST,52.0,83.0,24.12,23.84,2.4999999999999982,0.62174513763418,88.8,0.9102710958381061,-0.011608623548922102,0.2361111111111089,0.4434779098633622,53834534.4,BULL,אין פריצה מאושרת מעל הרמה | ווליום לא מאשר | סגירת נר לא חזקה | גוף נר חלש | R:R נמוך מדי | ציון Entry Quality נמוך (52.0 < 60.0)
2026-09-15 06:05:12,MA,EMA21/MA50 Pullback Bounce,WATCHLIST,48.0,75.0,572.67999,574.41998,2.499999999999996,0.9426769799582879,47.8,0.9547887038329843,0.00303832861350723,0.6537836166924257,0.09713003226374459,1527213272.9259,BULL,ווליום לא מאשר | גוף נר חלש | RS לא מספיק חזק | R:R נמוך מדי | ציון Entry Quality נמוך (48.0 < 60.0)
2026-09-15 06:05:19,DRTS,EMA21/MA50 Pullback Bounce,WATCHLIST,57.0,96.0,14.62,14.4,2.500000000000001,0.6311149426222176,99.0,0.949241924851681,-0.015047879616962988,0.3972602739726038,0.4159199218621969,8852904.0,BULL,אין פריצה מאושרת מעל הרמה | ווליום לא מאשר | סגירת נר לא חזקה | ציון Entry Quality נמוך (57.0 < 60.0)
2026-09-15 06:05:30,HOPE,EMA21/MA50 Pullback Bounce,WATCHLIST,49.0,84.0,14.15,14.05,2.5,1.0115853054757897,69.7,0.9629883481836875,-0.007067137809187254,0.5238095238095274,0.1040794622884176,10641821.25,BULL,אין פריצה מאושרת מעל הרמה | ווליום לא מאשר | סגירת נר לא חזקה | RS לא מספיק חזק | ציון Entry Quality נמוך (49.0 < 60.0)
2026-09-15 06:05:30,HOPE,VCP Breakout,WATCHLIST,56.0,75.0,14.22,14.05,3.0,1.0115853054757897,69.7,0.9629883481836875,-0.01195499296765119,0.5238095238095274,0.1040794622884176,10641821.25,BULL,אין פריצה מאושרת מעל הרמה | ווליום לא מאשר | סגירת נר לא חזקה | RS לא מספיק חזק | ציון Entry Quality נמוך (56.0 < 60.0)
2026-09-15 06:05:37,GRND,EMA21/MA50 Pullback Bounce,WATCHLIST,59.0,93.0,15.52,15.73,2.510194834617126,1.0567790351704738,58.6,0.8502702702702702,0.013530927835051602,1.0,0.15281449001715627,18424470.35,BULL,ווליום לא מאשר | RS לא מספיק חזק | ציון Entry Quality נמוך (59.0 < 60.0)
2026-09-15 06:05:37,GRND,VCP Breakout,WATCHLIST,56.0,76.0,16.1,15.73,3.0,1.0567790351704738,58.6,0.8502702702702702,-0.022981366459627388,1.0,0.15281449001715627,18424470.35,BULL,אין פריצה מאושרת מעל הרמה | ווליום לא מאשר | RS לא מספיק חזק | ציון Entry Quality נמוך (56.0 < 60.0)
2026-09-15 06:05:42,PRGO,EMA21/MA50 Pullback Bounce,WATCHLIST,37.0,68.0,13.76,13.65,5.7471264367815795,0.7757741824995467,37.3,0.6026490066225166,-0.007994186046511587,0.08695652173913122,0.17371564839549197,33874522.5,BULL,MA150 לא עולה | אין פריצה מאושרת מעל הרמה | ווליום לא מאשר | סגירת נר לא חזקה | גוף נר חלש | RS לא מספיק חזק | רחוק מדי משיא 52 שבועות | ציון Entry Quality נמוך (37.0 < 60.0)
2026-09-15 06:05:46,VRSK,EMA21/MA50 Pullback Bounce,WATCHLIST,49.0,73.0,177.22,187.029999,2.500000000000001,1.436461515535355,14.8,0.700303269172416,0.05535492043787386,0.9301585714285723,0.008581443726747021,200810369.32632,BULL,MA150 לא עולה | מתחת ל-MA200 | המחיר כבר רחוק מדי מהכניסה | RS לא מספיק חזק | רחוק מדי משיא 52 שבועות | ציון Entry Quality נמוך (49.0 < 60.0)
2026-09-15 06:05:57,GOOGL,VCP Breakout,WATCHLIST,68.0,88.0,351.60001,349.39001,3.0,1.5648537171603272,66.6,0.8550696716935384,-0.006285551584597451,0.9330771339474044,0.021484964914354046,8006579542.358801,BULL,אין פריצה מאושרת מעל הרמה | RS לא מספיק חזק
2026-09-15 06:05:57,GOOGL,EMA21/MA50 Pullback Bounce,WATCHLIST,64.0,92.0,342.98001,349.39001,2.4999999999999987,1.5648537171603272,66.6,0.8550696716935384,0.018689135847888116,0.9330771339474044,0.021484964914354046,8006579542.358801,BULL,RS לא מספיק חזק | R:R נמוך מדי
2026-09-15 06:05:57,GOOGL,Darvas Box Breakout,WATCHLIST,59.0,82.0,351.60001,349.39001,2.4999999999999987,1.5648537171603272,66.6,0.8550696716935384,-0.006285551584597451,0.9330771339474044,0.021484964914354046,8006579542.358801,BULL,אין פריצה מאושרת מעל הרמה | RS לא מספיק חזק | R:R נמוך מדי | ציון Entry Quality נמוך (59.0 < 60.0)
2026-09-15 06:06:08,INDB,EMA21/MA50 Pullback Bounce,WATCHLIST,43.0,90.0,84.019997,83.43,2.5,1.1281049605660796,49.4,0.9534857142857144,-0.007022102131234267,0.6713286713286737,0.03350114367945152,22637896.200000003,BULL,MA150 לא עולה | אין פריצה מאושרת מעל הרמה | ווליום לא מאשר | RS לא מספיק חזק | ציון Entry Quality נמוך (43.0 < 60.0)
2026-09-15 06:06:12,LOPE,EMA21/MA50 Pullback Bounce,WATCHLIST,42.0,60.0,152.78999,153.48,2.5,1.335805821384814,17.9,0.688127711696978,0.004516068101058197,0.17375886524822556,-0.017073343503064168,46349425.199999996,BULL,לא מעל MA150 | MA150 לא עולה | מתחת ל-MA200 | סגירת נר לא חזקה | גוף נר חלש | RS לא מספיק חזק | רחוק מדי משיא 52 שבועות | ציון Entry Quality נמוך (42.0 < 60.0)
2026-09-15 06:06:12,LOPE,VCP Breakout,WATCHLIST,41.0,45.0,153.2,153.48,3.0,1.335805821384814,17.9,0.688127711696978,0.0018276762402088848,0.17375886524822556,-0.017073343503064168,46349425.199999996,BULL,לא מעל MA150 | MA150 לא עולה | מתחת ל-MA200 | אין פריצה מאושרת מעל הרמה | סגירת נר לא חזקה | גוף נר חלש | RS לא מספיק חזק | רחוק מדי משיא 52 שבועות | ציון Entry Quality נמוך (41.0 < 60.0)
2026-09-15 06:06:20,MSGS,EMA21/MA50 Pullback Bounce,WATCHLIST,58.0,100.0,397.0,396.29999,2.5000000000000013,1.401817170406082,92.3,0.9028774497727986,-0.001763249370277129,0.4685704761904747,0.10636945877791372,96176063.07315,BULL,אין פריצה מאושרת מעל הרמה | סגירת נר לא חזקה | ציון Entry Quality נמוך (58.0 < 60.0)
2026-09-15 06:06:40,MAN,EMA21/MA50 Pullback Bounce,WATCHLIST,62.0,100.0,57.74,58.02,2.5,0.7780662606635638,99.0,0.9082654978083907,0.0048493245583651045,0.5245899041474902,0.5287436487940881,48492535.800000004,BULL,ווליום לא מאשר | סגירת נר לא חזקה
2026-09-15 06:06:48,CERT,EMA21/MA50 Pullback Bounce,WATCHLIST,41.0,68.0,7.57,8.0,2.4999999999999996,0.8177495732348318,58.6,0.5763688760806917,0.05680317040951119,0.8235294117647061,0.21510373948175823,16589920.0,BULL,המחיר כבר רחוק מדי מהכניסה | ווליום לא מאשר | RS לא מספיק חזק | רחוק מדי משיא 52 שבועות | R:R נמוך מדי | ציון Entry Quality נמוך (41.0 < 60.0)
2026-09-15 06:07:05,SFNC,EMA21/MA50 Pullback Bounce,WATCHLIST,42.0,73.0,23.46,23.25,2.5,0.839673866789222,54.8,0.9560032894736842,-0.008951406649616404,0.40000000000000235,0.07428011713866603,27318285.0,BULL,אין פריצה מאושרת מעל הרמה | ווליום לא מאשר | סגירת נר לא חזקה | RS לא מספיק חזק | ציון Entry Quality נמוך (42.0 < 60.0)
2026-09-15 06:07:12,GIB,EMA21/MA50 Pullback Bounce,WATCHLIST,39.0,68.0,70.32,72.91,2.4999999999999987,1.172344274292658,24.1,0.7658613445378151,0.03683162684869175,0.8431372549019583,0.03450135018133139,26400346.45,BULL,MA150 לא עולה | מתחת ל-MA200 | המחיר כבר רחוק מדי מהכניסה | ווליום לא מאשר | RS לא מספיק חזק | R:R נמוך מדי | ציון Entry Quality נמוך (39.0 < 60.0)
2026-09-15 06:07:19,TLK,VCP Breakout,WATCHLIST,49.0,67.0,15.22,15.26,3.000000000000002,0.917154971178124,13.4,0.6488095238095238,0.0026281208935610475,0.8461538461538483,-0.0848100051177073,8008066.5,BULL,לא מעל MA150 | MA150 לא עולה | מתחת ל-MA200 | ווליום לא מאשר | RS לא מספיק חזק | רחוק מדי משיא 52 שבועות | ציון Entry Quality נמוך (49.0 < 60.0)
2026-09-15 06:07:19,TLK,EMA21/MA50 Pullback Bounce,WATCHLIST,37.0,57.0,15.05,15.26,2.499999999999998,0.917154971178124,13.4,0.6488095238095238,0.01395348837209296,0.8461538461538483,-0.0848100051177073,8008066.5,BULL,לא מעל MA150 | MA150 לא עולה | מתחת ל-MA200 | ווליום לא מאשר | RS לא מספיק חזק | רחוק מדי משיא 52 שבועות | R:R נמוך מדי | ציון Entry Quality נמוך (37.0 < 60.0)
2026-09-15 06:07:19,TLK,Darvas Box Breakout,WATCHLIST,40.0,53.0,15.22,15.26,2.499999999999998,0.917154971178124,13.4,0.6488095238095238,0.0026281208935610475,0.8461538461538483,-0.0848100051177073,8008066.5,BULL,לא מעל MA150 | MA150 לא עולה | מתחת ל-MA200 | ווליום לא מאשר | RS לא מספיק חזק | רחוק מדי משיא 52 שבועות | R:R נמוך מדי | ציון Entry Quality נמוך (40.0 < 60.0)
2026-09-15 06:07:23,WMT,EMA21/MA50 Pullback Bounce,WATCHLIST,48.0,64.0,107.21,109.080002,2.5,0.8590669222321262,23.9,0.8070435187925421,0.01744242141591269,0.6206908045976991,-0.08815706056645792,3031832296.58915,BULL,לא מעל MA150 | MA150 לא עולה | מתחת ל-MA200 | ווליום לא מאשר | סגירת נר לא חזקה | RS לא מספיק חזק | ציון Entry Quality נמוך (48.0 < 60.0)
2026-09-15 06:07:23,WMT,VCP Breakout,WATCHLIST,47.0,52.0,109.35,109.080002,3.0,0.8590669222321262,23.9,0.8070435187925421,-0.0024691175125743127,0.6206908045976991,-0.08815706056645792,3031832296.58915,BULL,לא מעל MA150 | MA150 לא עולה | מתחת ל-MA200 | אין פריצה מאושרת מעל הרמה | ווליום לא מאשר | סגירת נר לא חזקה | RS לא מספיק חזק | ציון Entry Quality נמוך (47.0 < 60.0)
2026-09-15 06:07:34,TIC,EMA21/MA50 Pullback Bounce,WATCHLIST,40.0,61.0,9.655,9.43,3.4661403725175775,0.9703530569565753,34.5,0.6310224839400428,-0.023303987571206594,0.18181818181817888,0.10809942734486994,13414882.25,BULL,MA150 לא עולה | אין פריצה מאושרת מעל הרמה | ווליום לא מאשר | סגירת נר לא חזקה | RS לא מספיק חזק | רחוק מדי משיא 52 שבועות | ציון Entry Quality נמוך (40.0 < 60.0)
2026-09-15 06:07:42,EHC,EMA21/MA50 Pullback Bounce,WATCHLIST,43.0,78.0,122.6,122.53,2.5,0.9355006160369748,54.5,0.9573404172200953,-0.0005709624796084272,0.0337837837837821,0.13177606269513398,97958446.45,BULL,אין פריצה מאושרת מעל הרמה | ווליום לא מאשר | סגירת נר לא חזקה | RS לא מספיק חזק | ציון Entry Quality נמוך (43.0 < 60.0)
2026-09-15 06:07:42,EHC,Darvas Box Breakout,WATCHLIST,46.0,73.0,124.25,122.53,2.5,0.9355006160369748,54.5,0.9573404172200953,-0.013843058350100594,0.0337837837837821,0.13177606269513398,97958446.45,BULL,אין פריצה מאושרת מעל הרמה | ווליום לא מאשר | סגירת נר לא חזקה | RS לא מספיק חזק | ציון Entry Quality נמוך (46.0 < 60.0)
2026-09-15 06:07:42,EHC,VCP Breakout,WATCHLIST,50.0,71.0,124.25,122.53,3.000000000000003,0.9355006160369748,54.5,0.9573404172200953,-0.013843058350100594,0.0337837837837821,0.13177606269513398,97958446.45,BULL,אין פריצה מאושרת מעל הרמה | ווליום לא מאשר | סגירת נר לא חזקה | RS לא מספיק חזק | ציון Entry Quality נמוך (50.0 < 60.0)
2026-09-15 06:07:46,CBSH,VCP Breakout,WATCHLIST,47.0,75.0,59.39,58.65,3.0,1.0953516822988532,47.0,0.9627380170715693,-0.012460010102710927,0.40789581025212807,0.0813518287432343,52494975.75,BULL,אין פריצה מאושרת מעל הרמה | ווליום לא מאשר | סגירת נר לא חזקה | RS לא מספיק חזק | ציון Entry Quality נמוך (47.0 < 60.0)
2026-09-15 06:07:46,CBSH,EMA21/MA50 Pullback Bounce,WATCHLIST,35.0,72.0,58.85,58.65,2.4999999999999982,1.0953516822988532,47.0,0.9627380170715693,-0.0033984706881903626,0.40789581025212807,0.0813518287432343,52494975.75,BULL,אין פריצה מאושרת מעל הרמה | ווליום לא מאשר | סגירת נר לא חזקה | RS לא מספיק חזק | R:R נמוך מדי | ציון Entry Quality נמוך (35.0 < 60.0)
2026-09-15 06:07:50,EMBJ,VCP Breakout,WATCHLIST,68.0,87.0,77.19,75.0,3.0,1.1534553279423443,70.5,0.9287925696594427,-0.028371550719005025,0.9326241134751779,0.14480512779500945,87831750.0,BULL,אין פריצה מאושרת מעל הרמה | ווליום לא מאשר
2026-09-15 06:07:50,EMBJ,EMA21/MA50 Pullback Bounce,WATCHLIST,56.0,93.0,76.51,75.0,2.4999999999999982,1.1534553279423443,70.5,0.9287925696594427,-0.019735982224545878,0.9326241134751779,0.14480512779500945,87831750.0,BULL,אין פריצה מאושרת מעל הרמה | ווליום לא מאשר | R:R נמוך מדי | ציון Entry Quality נמוך (56.0 < 60.0)
2026-09-15 06:07:54,LIVN,EMA21/MA50 Pullback Bounce,WATCHLIST,69.0,100.0,79.27,80.63,2.5,0.9788535709535843,75.4,0.9401819029850745,0.017156553551154276,0.94331983805668,0.10925488843105748,45469272.75,BULL,ווליום לא מאשר
2026-09-15 06:08:09,TGS,EMA21/MA50 Pullback Bounce,WATCHLIST,24.0,47.0,30.69,29.6,2.499999999999999,1.1185971389017075,53.8,0.8143053645116919,-0.035516454871293575,0.42696629213483406,-0.027654896326988202,6414320.0,BULL,לא מעל MA150 | MA150 לא עולה | מתחת ל-MA200 | אין פריצה מאושרת מעל הרמה | ווליום לא מאשר | סגירת נר לא חזקה | גוף נר חלש | RS לא מספיק חזק | R:R נמוך מדי | ציון Entry Quality נמוך (24.0 < 60.0)
2026-09-15 06:08:16,PAY,EMA21/MA50 Pullback Bounce,WATCHLIST,64.0,100.0,36.892,37.080002,3.1614296272508335,0.9504416449464234,94.3,0.8183624365482233,0.005096009975062272,0.33198542510121365,0.31792835132285324,40971919.00992,BULL,ווליום לא מאשר | סגירת נר לא חזקה
2026-09-15 06:08:24,OPCH,VCP Breakout,WATCHLIST,43.0,49.0,24.52,23.99,3.0,0.9504118349484023,23.3,0.6519021739130435,-0.0216150081566069,0.7916666666666639,-0.042557438005648034,39276068.15,BULL,לא מעל MA150 | MA150 לא עולה | מתחת ל-MA200 | אין פריצה מאושרת מעל הרמה | ווליום לא מאשר | RS לא מספיק חזק | רחוק מדי משיא 52 שבועות | ציון Entry Quality נמוך (43.0 < 60.0)
2026-09-15 06:08:32,SAFT,Flat Base / Rectangle Breakout,WATCHLIST,51.0,99.0,103.8,103.3,2.5,0.5780805132086352,92.7,0.9951830443159922,-0.004816955684007708,0.09090909090907329,0.273658653041426,14331325.5,BULL,אין פריצה מאושרת מעל הרמה | ווליום לא מאשר | סגירת נר לא חזקה | ציון Entry Quality נמוך (51.0 < 60.0)
2026-09-15 06:08:32,SAFT,Darvas Box Breakout,WATCHLIST,51.0,93.0,103.8,103.3,2.5,0.5780805132086352,92.7,0.9951830443159922,-0.004816955684007708,0.09090909090907329,0.273658653041426,14331325.5,BULL,אין פריצה מאושרת מעל הרמה | ווליום לא מאשר | סגירת נר לא חזקה | ציון Entry Quality נמוך (51.0 < 60.0)
2026-09-15 06:08:32,SAFT,VCP Breakout,WATCHLIST,55.0,91.0,103.8,103.3,3.0,0.5780805132086352,92.7,0.9951830443159922,-0.004816955684007708,0.09090909090907329,0.273658653041426,14331325.5,BULL,אין פריצה מאושרת מעל הרמה | ווליום לא מאשר | סגירת נר לא חזקה | ציון Entry Quality נמוך (55.0 < 60.0)
2026-09-15 06:08:46,FMBH,VCP Breakout,WATCHLIST,56.0,90.0,51.52,51.02,3.0,1.074699227868558,72.0,0.9561469265367317,-0.009704968944099378,0.26315789473684653,0.1181191399691272,5682607.600000001,BULL,אין פריצה מאושרת מעל הרמה | ווליום לא מאשר | סגירת נר לא חזקה | גוף נר חלש | ציון Entry Quality נמוך (56.0 < 60.0)
2026-09-15 06:08:46,FMBH,EMA21/MA50 Pullback Bounce,WATCHLIST,44.0,87.0,51.45,51.02,2.4999999999999987,1.074699227868558,72.0,0.9561469265367317,-0.008357628765792026,0.26315789473684653,0.1181191399691272,5682607.600000001,BULL,אין פריצה מאושרת מעל הרמה | ווליום לא מאשר | סגירת נר לא חזקה | גוף נר חלש | R:R נמוך מדי | ציון Entry Quality נמוך (44.0 < 60.0)
2026-09-15 06:08:46,FMBH,Darvas Box Breakout,WATCHLIST,47.0,80.0,52.46,51.02,2.4999999999999987,1.074699227868558,72.0,0.9561469265367317,-0.027449485322150167,0.26315789473684653,0.1181191399691272,5682607.600000001,BULL,אין פריצה מאושרת מעל הרמה | ווליום לא מאשר | סגירת נר לא חזקה | גוף נר חלש | R:R נמוך מדי | ציון Entry Quality נמוך (47.0 < 60.0)
2026-09-15 06:09:06,CPRI,VCP Breakout,WATCHLIST,49.0,54.0,14.06,14.16,3.0,1.297341694877629,3.9,0.500884329678104,0.007112375533428139,0.9433962264150955,-0.20749521415725128,63787260.0,BULL,לא מעל MA150 | MA150 לא עולה | מתחת ל-MA200 | ווליום לא מאשר | RS לא מספיק חזק | רחוק מדי משיא 52 שבועות | ציון Entry Quality נמוך (49.0 < 60.0)
2026-09-15 06:09:06,CPRI,EMA21/MA50 Pullback Bounce,WATCHLIST,41.0,53.0,14.06,14.16,2.499999999999999,1.297341694877629,3.9,0.500884329678104,0.007112375533428139,0.9433962264150955,-0.20749521415725128,63787260.0,BULL,לא מעל MA150 | MA150 לא עולה | מתחת ל-MA200 | ווליום לא מאשר | RS לא מספיק חזק | רחוק מדי משיא 52 שבועות | R:R נמוך מדי | ציון Entry Quality נמוך (41.0 < 60.0)
2026-09-15 06:09:11,PAYO,Flat Base / Rectangle Breakout,WATCHLIST,61.0,97.0,7.18,7.14,2.5,1.7207781354402427,61.0,0.9944289693593314,-0.005571030640668529,0.7499999999999833,0.20748165101412663,18155199.3,BULL,אין פריצה מאושרת מעל הרמה | RS לא מספיק חזק
2026-09-15 06:09:11,PAYO,Darvas Box Breakout,WATCHLIST,61.0,91.0,7.18,7.14,2.5,1.7207781354402427,61.0,0.9944289693593314,-0.005571030640668529,0.7499999999999833,0.20748165101412663,18155199.3,BULL,אין פריצה מאושרת מעל הרמה | RS לא מספיק חזק
2026-09-15 06:09:11,PAYO,VCP Breakout,WATCHLIST,63.0,89.0,7.18,7.14,3.0,1.7207781354402427,61.0,0.9944289693593314,-0.005571030640668529,0.7499999999999833,0.20748165101412663,18155199.3,BULL,אין פריצה מאושרת מעל הרמה | RS לא מספיק חזק
2026-09-15 06:09:15,MSI,EMA21/MA50 Pullback Bounce,WATCHLIST,59.0,100.0,470.98999,474.13,2.5,1.1528605860712926,41.0,0.9581287065145255,0.006666829585911195,0.6791553133514989,0.08137445323081276,467195848.75,BULL,ווליום לא מאשר | RS לא מספיק חזק | ציון Entry Quality נמוך (59.0 < 60.0)
2026-09-15 06:09:26,KNTK,EMA21/MA50 Pullback Bounce,WATCHLIST,52.0,96.0,54.86,54.55,2.500000000000002,1.2804039921113965,72.3,0.9583626141953618,-0.005650747356908536,0.41721854304635514,0.1244300554226223,54767109.0,BULL,אין פריצה מאושרת מעל הרמה | ווליום לא מאשר | סגירת נר לא חזקה | ציון Entry Quality נמוך (52.0 < 60.0)
2026-09-15 06:09:31,LBTYK,EMA21/MA50 Pullback Bounce,WATCHLIST,35.0,65.0,10.67,10.4,2.5,1.0804164936651202,14.7,0.7926829268292683,-0.025304592314901554,0.75,-0.07304522469740281,12899692.0,BULL,לא מעל MA150 | MA150 לא עולה | מתחת ל-MA200 | אין פריצה מאושרת מעל הרמה | ווליום לא מאשר | RS לא מספיק חזק | ציון Entry Quality נמוך (35.0 < 60.0)
2026-09-15 06:09:31,LBTYK,Darvas Box Breakout,WATCHLIST,38.0,58.0,10.67,10.4,2.5,1.0804164936651202,14.7,0.7926829268292683,-0.025304592314901554,0.75,-0.07304522469740281,12899692.0,BULL,לא מעל MA150 | MA150 לא עולה | מתחת ל-MA200 | אין פריצה מאושרת מעל הרמה | ווליום לא מאשר | RS לא מספיק חזק | ציון Entry Quality נמוך (38.0 < 60.0)
2026-09-15 06:09:31,LBTYK,VCP Breakout,WATCHLIST,42.0,52.0,10.67,10.4,3.0,1.0804164936651202,14.7,0.7926829268292683,-0.025304592314901554,0.75,-0.07304522469740281,12899692.0,BULL,לא מעל MA150 | MA150 לא עולה | מתחת ל-MA200 | אין פריצה מאושרת מעל הרמה | ווליום לא מאשר | RS לא מספיק חזק | ציון Entry Quality נמוך (42.0 < 60.0)
2026-09-15 06:09:35,PPC,EMA21/MA50 Pullback Bounce,WATCHLIST,39.0,48.0,30.42,30.25,3.178872722826747,0.8006503267763018,12.6,0.6746208742194468,-0.005588428665351798,0.010000000000001563,-0.06387517471807953,46887197.5,BULL,לא מעל MA150 | MA150 לא עולה | מתחת ל-MA200 | אין פריצה מאושרת מעל הרמה | ווליום לא מאשר | סגירת נר לא חזקה | RS לא מספיק חזק | רחוק מדי משיא 52 שבועות | ציון Entry Quality נמוך (39.0 < 60.0)
2026-09-15 06:09:39,TRV,Darvas Box Breakout,WATCHLIST,63.0,100.0,376.57001,378.049988,2.5,0.9195487731128776,81.2,0.9482066178026932,0.003930153651906481,0.3370526823073828,0.16622320327439097,559500750.49042,BULL,ווליום לא מאשר | סגירת נר לא חזקה
2026-09-15 06:09:39,TRV,VCP Breakout,WATCHLIST,67.0,100.0,376.57001,378.049988,3.0,0.9195487731128776,81.2,0.9482066178026932,0.003930153651906481,0.3370526823073828,0.16622320327439097,559500750.49042,BULL,ווליום לא מאשר | סגירת נר לא חזקה
2026-09-15 06:09:39,TRV,EMA21/MA50 Pullback Bounce,WATCHLIST,60.0,97.0,375.29999,378.049988,2.5,0.9195487731128776,81.2,0.9482066178026932,0.0073274662224211765,0.3370526823073828,0.16622320327439097,559500750.49042,BULL,ווליום לא מאשר | סגירת נר לא חזקה
2026-09-15 06:09:47,ALKT,EMA21/MA50 Pullback Bounce,WATCHLIST,40.0,61.0,20.57,19.88,2.500000000000001,0.9974427312062324,41.8,0.7393082930457419,-0.03354399611084109,0.06603773584905673,0.141088167345124,27636281.4,BULL,אין פריצה מאושרת מעל הרמה | ווליום לא מאשר | סגירת נר לא חזקה | RS לא מספיק חזק | רחוק מדי משיא 52 שבועות | ציון Entry Quality נמוך (40.0 < 60.0)
2026-09-15 06:09:51,MBWM,EMA21/MA50 Pullback Bounce,WATCHLIST,46.0,95.0,62.42,61.33,2.5000000000000013,1.225407851805073,71.4,0.9825376481896827,-0.01746235181031726,0.31404958677685735,0.11783332785791643,5826963.3,BULL,אין פריצה מאושרת מעל הרמה | ווליום לא מאשר | סגירת נר לא חזקה | ציון Entry Quality נמוך (46.0 < 60.0)
2026-09-15 06:09:51,MBWM,Flat Base / Rectangle Breakout,WATCHLIST,51.0,91.0,62.42,61.33,2.5000000000000013,1.225407851805073,71.4,0.9825376481896827,-0.01746235181031726,0.31404958677685735,0.11783332785791643,5826963.3,BULL,אין פריצה מאושרת מעל הרמה | ווליום לא מאשר | סגירת נר לא חזקה | ציון Entry Quality נמוך (51.0 < 60.0)
2026-09-15 06:09:51,MBWM,Darvas Box Breakout,WATCHLIST,49.0,88.0,62.42,61.33,2.5000000000000013,1.225407851805073,71.4,0.9825376481896827,-0.01746235181031726,0.31404958677685735,0.11783332785791643,5826963.3,BULL,אין פריצה מאושרת מעל הרמה | ווליום לא מאשר | סגירת נר לא חזקה | ציון Entry Quality נמוך (49.0 < 60.0)
2026-09-15 06:09:59,NBBK,Flat Base / Rectangle Breakout,WATCHLIST,52.0,79.0,23.47,22.89,2.5,0.8966835224678246,62.5,0.9752876011930124,-0.024712398806987574,0.3571428571428567,0.07398735854288398,6767314.05,BULL,אין פריצה מאושרת מעל הרמה | ווליום לא מאשר | סגירת נר לא חזקה | RS לא מספיק חזק | ציון Entry Quality נמוך (52.0 < 60.0)
2026-09-15 06:09:59,NBBK,VCP Breakout,WATCHLIST,54.0,75.0,23.25,22.89,3.0,0.8966835224678246,62.5,0.9752876011930124,-0.015483870967741911,0.3571428571428567,0.07398735854288398,6767314.05,BULL,אין פריצה מאושרת מעל הרמה | ווליום לא מאשר | סגירת נר לא חזקה | RS לא מספיק חזק | ציון Entry Quality נמוך (54.0 < 60.0)
2026-09-15 06:09:59,NBBK,EMA21/MA50 Pullback Bounce,WATCHLIST,49.0,75.0,23.25,22.89,2.5,0.8966835224678246,62.5,0.9752876011930124,-0.015483870967741911,0.3571428571428567,0.07398735854288398,6767314.05,BULL,אין פריצה מאושרת מעל הרמה | ווליום לא מאשר | סגירת נר לא חזקה | RS לא מספיק חזק | ציון Entry Quality נמוך (49.0 < 60.0)
2026-09-15 06:10:06,BTU,EMA21/MA50 Pullback Bounce,WATCHLIST,42.0,51.0,28.87,27.35,12.76139410187651,1.180111825775348,63.6,0.6648031113271755,-0.052649809490820904,0.38235294117647306,-0.024459261745853042,58233756.75,BULL,לא מעל MA150 | MA150 לא עולה | מתחת ל-MA200 | אין פריצה מאושרת מעל הרמה | ווליום לא מאשר | סגירת נר לא חזקה | RS לא מספיק חזק | רחוק מדי משיא 52 שבועות | ציון Entry Quality נמוך (42.0 < 60.0)
2026-09-15 06:10:24,BLCO,EMA21/MA50 Pullback Bounce,WATCHLIST,50.0,79.0,17.79,17.58,2.5,0.484011593656479,58.7,0.9294210943695479,-0.011804384485666152,0.8048780487804834,0.06426342913474997,7460424.6,BULL,אין פריצה מאושרת מעל הרמה | ווליום לא מאשר | RS לא מספיק חזק | ציון Entry Quality נמוך (50.0 < 60.0)
2026-09-15 06:10:29,HOG,EMA21/MA50 Pullback Bounce,WATCHLIST,46.0,84.0,27.93,27.59,2.5,1.2564175315463302,50.2,0.88288,-0.012173290368779085,0.05970149253731232,0.16404661216615152,46189108.75,BULL,אין פריצה מאושרת מעל הרמה | ווליום לא מאשר | סגירת נר לא חזקה | RS לא מספיק חזק | ציון Entry Quality נמוך (46.0 < 60.0)
2026-09-15 06:10:33,ARLO,EMA21/MA50 Pullback Bounce,WATCHLIST,48.0,76.0,13.35,13.76,3.1505637850983845,0.8902690678562665,20.4,0.6900702106318957,0.030711610486891396,0.9146341463414631,0.016223135816449637,17103611.2,BULL,המחיר כבר רחוק מדי מהכניסה | ווליום לא מאשר | RS לא מספיק חזק | רחוק מדי משיא 52 שבועות | ציון Entry Quality נמוך (48.0 < 60.0)
2026-09-15 06:10:40,RSG,Flat Base / Rectangle Breakout,WATCHLIST,47.0,76.0,225.74001,225.85001,2.82712600995398,0.9327142909744561,36.4,0.9675692314283266,0.00048728623694127245,0.3466675377766146,0.04754794604094363,337353289.18705,BULL,אין פריצה מאושרת מעל הרמה | ווליום לא מאשר | סגירת נר לא חזקה | גוף נר חלש | RS לא מספיק חזק | ציון Entry Quality נמוך (47.0 < 60.0)
2026-09-15 06:10:41,RSG,Darvas Box Breakout,WATCHLIST,49.0,75.0,228.22,225.85001,3.5003128431264776,0.9327142909744561,36.4,0.9675692314283266,-0.010384672684252043,0.3466675377766146,0.04754794604094363,337353289.18705,BULL,אין פריצה מאושרת מעל הרמה | ווליום לא מאשר | סגירת נר לא חזקה | גוף נר חלש | RS לא מספיק חזק | ציון Entry Quality נמוך (49.0 < 60.0)
2026-09-15 06:10:41,RSG,VCP Breakout,WATCHLIST,49.0,75.0,225.74001,225.85001,3.0,0.9327142909744561,36.4,0.9675692314283266,0.00048728623694127245,0.3466675377766146,0.04754794604094363,337353289.18705,BULL,אין פריצה מאושרת מעל הרמה | ווליום לא מאשר | סגירת נר לא חזקה | גוף נר חלש | RS לא מספיק חזק | ציון Entry Quality נמוך (49.0 < 60.0)
2026-09-15 06:10:45,VERX,EMA21/MA50 Pullback Bounce,WATCHLIST,41.0,76.0,12.43,13.09,2.5,1.1115520298239034,12.4,0.49321778447626224,0.053097345132743376,0.6585365853658524,0.021331710438025727,17977740.55,BULL,MA150 לא עולה | מתחת ל-MA200 | המחיר כבר רחוק מדי מהכניסה | ווליום לא מאשר | RS לא מספיק חזק | רחוק מדי משיא 52 שבועות | ציון Entry Quality נמוך (41.0 < 60.0)
2026-09-15 06:10:49,PRDO,EMA21/MA50 Pullback Bounce,WATCHLIST,41.0,80.0,33.37,33.060001,4.50849155106649,1.0653222684831147,27.5,0.8587013246753247,-0.009289751273598972,0.1866673333333324,-0.020516001580638668,17508741.829605,BULL,לא מעל MA150 | אין פריצה מאושרת מעל הרמה | ווליום לא מאשר | סגירת נר לא חזקה | RS לא מספיק חזק | ציון Entry Quality נמוך (41.0 < 60.0)
2026-09-15 06:10:53,AUPH,EMA21/MA50 Pullback Bounce,WATCHLIST,61.0,89.0,16.35,16.41,2.4999999999999973,0.8074151464009215,60.6,0.8524675324675325,0.003669724770642123,0.8135593220338992,0.05608649483540877,15314222.25,BULL,ווליום לא מאשר | RS לא מספיק חזק | R:R נמוך מדי
2026-09-15 06:10:57,SONO,EMA21/MA50 Pullback Bounce,WATCHLIST,54.0,100.0,15.15,15.58,2.5000000000000013,1.0810461385619847,42.6,0.786074672048436,0.028382838283828364,0.9423076923076935,0.0519019309858269,22896290.1,BULL,MA150 לא עולה | ווליום לא מאשר | RS לא מספיק חזק | ציון Entry Quality נמוך (54.0 < 60.0)
2026-09-15 06:11:12,PAG,Darvas Box Breakout,WATCHLIST,51.0,90.0,221.039993,217.14999,3.3545363537052766,1.151964070250704,79.1,0.956607885462555,-0.01759863881284147,0.3609446097952162,0.20988180478569105,64788871.0164,BULL,אין פריצה מאושרת מעל הרמה | ווליום לא מאשר | סגירת נר לא חזקה | גוף נר חלש | ציון Entry Quality נמוך (51.0 < 60.0)
2026-09-15 06:11:12,PAG,VCP Breakout,WATCHLIST,53.0,86.0,221.039993,217.14999,3.0,1.151964070250704,79.1,0.956607885462555,-0.01759863881284147,0.3609446097952162,0.20988180478569105,64788871.0164,BULL,אין פריצה מאושרת מעל הרמה | ווליום לא מאשר | סגירת נר לא חזקה | גוף נר חלש | ציון Entry Quality נמוך (53.0 < 60.0)
2026-09-15 06:11:16,MD,Flat Base / Rectangle Breakout,WATCHLIST,64.0,100.0,27.56,26.91,3.2871414759909676,1.0551145828958604,89.2,0.9631352899069434,-0.023584905660377308,0.671875256347457,0.14886422791460746,19222620.3,BULL,אין פריצה מאושרת מעל הרמה | ווליום לא מאשר | גוף נר חלש
2026-09-15 06:11:16,MD,EMA21/MA50 Pullback Bounce,WATCHLIST,59.0,100.0,27.22,26.91,2.5,1.0551145828958604,89.2,0.9631352899069434,-0.011388684790595105,0.671875256347457,0.14886422791460746,19222620.3,BULL,אין פריצה מאושרת מעל הרמה | ווליום לא מאשר | גוף נר חלש | ציון Entry Quality נמוך (59.0 < 60.0)
2026-09-15 06:11:16,MD,Darvas Box Breakout,WATCHLIST,62.0,99.0,27.56,26.91,2.5,1.0551145828958604,89.2,0.9631352899069434,-0.023584905660377308,0.671875256347457,0.14886422791460746,19222620.3,BULL,אין פריצה מאושרת מעל הרמה | ווליום לא מאשר | גוף נר חלש
2026-09-15 06:11:20,MFC,VCP Breakout,WATCHLIST,64.0,92.0,44.66,43.55,3.0,0.36390009383493277,73.6,0.9607324067946172,-0.024854455888938635,0.7222222222222149,0.10576215068833987,116492330.49999999,BULL,אין פריצה מאושרת מעל הרמה | ווליום לא מאשר
2026-09-15 06:11:20,MFC,EMA21/MA50 Pullback Bounce,WATCHLIST,52.0,90.0,44.0,43.55,2.4999999999999982,0.36390009383493277,73.6,0.9607324067946172,-0.010227272727272791,0.7222222222222149,0.10576215068833987,116492330.49999999,BULL,אין פריצה מאושרת מעל הרמה | ווליום לא מאשר | R:R נמוך מדי | ציון Entry Quality נמוך (52.0 < 60.0)
2026-09-15 06:11:20,MFC,Darvas Box Breakout,WATCHLIST,55.0,86.0,44.75,43.55,2.4999999999999982,0.36390009383493277,73.6,0.9607324067946172,-0.02681564245810062,0.7222222222222149,0.10576215068833987,116492330.49999999,BULL,אין פריצה מאושרת מעל הרמה | ווליום לא מאשר | R:R נמוך מדי | ציון Entry Quality נמוך (55.0 < 60.0)
2026-09-15 06:11:31,TMO,EMA21/MA50 Pullback Bounce,WATCHLIST,56.0,100.0,615.23999,613.62,2.5000000000000027,0.75832013387384,82.1,0.9484080370942813,-0.00263310257189236,0.7700478648267914,0.18288891990881567,1028552912.1,BULL,אין פריצה מאושרת מעל הרמה | ווליום לא מאשר | גוף נר חלש | ציון Entry Quality נמוך (56.0 < 60.0)
2026-09-15 06:11:49,ASND,VCP Breakout,WATCHLIST,59.0,92.0,272.46701,264.92001,2.9999999999999987,0.7967159151802802,76.1,0.9389332602847159,-0.027698766173563635,0.8945472727272711,0.10096139197467574,138426003.6252,BULL,אין פריצה מאושרת מעל הרמה | ווליום לא מאשר | גוף נר חלש | ציון Entry Quality נמוך (59.0 < 60.0)
2026-09-15 06:11:49,ASND,EMA21/MA50 Pullback Bounce,WATCHLIST,51.0,91.0,266.34,264.92001,2.499999999999999,0.7967159151802802,76.1,0.9389332602847159,-0.005331493579634994,0.8945472727272711,0.10096139197467574,138426003.6252,BULL,אין פריצה מאושרת מעל הרמה | ווליום לא מאשר | גוף נר חלש | R:R נמוך מדי | ציון Entry Quality נמוך (51.0 < 60.0)
2026-09-15 06:11:49,ASND,Flat Base / Rectangle Breakout,WATCHLIST,54.0,88.0,272.46701,264.92001,2.499999999999999,0.7967159151802802,76.1,0.9389332602847159,-0.027698766173563635,0.8945472727272711,0.10096139197467574,138426003.6252,BULL,אין פריצה מאושרת מעל הרמה | ווליום לא מאשר | גוף נר חלש | R:R נמוך מדי | ציון Entry Quality נמוך (54.0 < 60.0)
2026-09-15 06:11:54,AVT,EMA21/MA50 Pullback Bounce,WATCHLIST,62.0,96.0,99.92,92.34,3.3268909205411505,1.3379205908529377,91.6,0.9234,-0.07586068855084066,0.15789473684210556,0.15331101326063556,104271713.10000001,BULL,אין פריצה מאושרת מעל הרמה | סגירת נר לא חזקה
2026-09-15 06:11:58,OPY,EMA21/MA50 Pullback Bounce,WATCHLIST,55.0,93.0,125.44,119.48,2.5,0.9453220956333912,88.5,0.9491579281855737,-0.04751275510204077,0.0,0.16161347758665706,14105211.4,BULL,אין פריצה מאושרת מעל הרמה | ווליום לא מאשר | סגירת נר לא חזקה | ציון Entry Quality נמוך (55.0 < 60.0)
2026-09-15 06:12:08,THC,EMA21/MA50 Pullback Bounce,WATCHLIST,53.0,94.0,267.66,264.51001,2.5000000000000013,0.8476618558934229,90.4,0.934499280035299,-0.01176862437420609,0.30339842645440185,0.23990423237823993,195372383.58620003,BULL,אין פריצה מאושרת מעל הרמה | ווליום לא מאשר | סגירת נר לא חזקה | ציון Entry Quality נמוך (53.0 < 60.0)
2026-09-15 06:12:12,BNS,Flat Base / Rectangle Breakout,WATCHLIST,73.0,100.0,95.34,93.43,3.711976874055576,0.9385743973797872,82.9,0.9799664359135725,-0.020033564086427487,0.7388059701492586,0.15377301024757864,195117343.4,BULL,אין פריצה מאושרת מעל הרמה | ווליום לא מאשר
2026-09-15 06:12:13,BNS,Darvas Box Breakout,WATCHLIST,73.0,100.0,95.34,93.43,3.7054070034820272,0.9385743973797872,82.9,0.9799664359135725,-0.020033564086427487,0.7388059701492586,0.15377301024757864,195117343.4,BULL,אין פריצה מאושרת מעל הרמה | ווליום לא מאשר
2026-09-15 06:12:13,BNS,EMA21/MA50 Pullback Bounce,WATCHLIST,61.0,96.0,94.019997,93.43,2.499999999999998,0.9385743973797872,82.9,0.9799664359135725,-0.006275228874980678,0.7388059701492586,0.15377301024757864,195117343.4,BULL,אין פריצה מאושרת מעל הרמה | ווליום לא מאשר | R:R נמוך מדי
2026-09-15 06:12:20,BCE,Flat Base / Rectangle Breakout,WATCHLIST,38.0,70.0,23.94,23.47,5.908323658078071,1.5751819369285314,24.5,0.8849924585218703,-0.019632414369256574,0.5161290322580612,-0.018829116569957102,62887865.0,BULL,לא מעל MA150 | MA150 לא עולה | מתחת ל-MA200 | אין פריצה מאושרת מעל הרמה | סגירת נר לא חזקה | גוף נר חלש | RS לא מספיק חזק | ציון Entry Quality נמוך (38.0 < 60.0)
2026-09-15 06:12:20,BCE,Darvas Box Breakout,WATCHLIST,38.0,64.0,23.94,23.47,5.908323658078071,1.5751819369285314,24.5,0.8849924585218703,-0.019632414369256574,0.5161290322580612,-0.018829116569957102,62887865.0,BULL,לא מעל MA150 | MA150 לא עולה | מתחת ל-MA200 | אין פריצה מאושרת מעל הרמה | סגירת נר לא חזקה | גוף נר חלש | RS לא מספיק חזק | ציון Entry Quality נמוך (38.0 < 60.0)
2026-09-15 06:12:20,BCE,VCP Breakout,WATCHLIST,38.0,60.0,23.94,23.47,3.0,1.5751819369285314,24.5,0.8849924585218703,-0.019632414369256574,0.5161290322580612,-0.018829116569957102,62887865.0,BULL,לא מעל MA150 | MA150 לא עולה | מתחת ל-MA200 | אין פריצה מאושרת מעל הרמה | סגירת נר לא חזקה | גוף נר חלש | RS לא מספיק חזק | ציון Entry Quality נמוך (38.0 < 60.0)
2026-09-15 06:12:27,AXSM,EMA21/MA50 Pullback Bounce,WATCHLIST,50.0,87.0,229.62,216.58,2.4999999999999987,1.285063019576294,87.8,0.832391713747646,-0.05678947826844348,0.07956115166138958,0.04782780328172246,121144023.0,BULL,אין פריצה מאושרת מעל הרמה | ווליום לא מאשר | סגירת נר לא חזקה | R:R נמוך מדי | ציון Entry Quality נמוך (50.0 < 60.0)
2026-09-15 06:12:32,SSNC,EMA21/MA50 Pullback Bounce,WATCHLIST,41.0,61.0,80.48,81.22,2.4999999999999973,0.7315590877216416,44.4,0.9002438483706495,0.009194831013916436,0.4649687451831179,0.13070223697545857,121614767.0,BULL,ווליום לא מאשר | סגירת נר לא חזקה | גוף נר חלש | RS לא מספיק חזק | R:R נמוך מדי | ציון Entry Quality נמוך (41.0 < 60.0)
2026-09-15 06:12:36,HTH,EMA21/MA50 Pullback Bounce,WATCHLIST,43.0,88.0,39.3,38.85,2.5000000000000027,1.1871470825490724,46.2,0.9613956941351152,-0.011450381679389205,0.8260869565217431,0.026543029372078062,8668989.0,BULL,MA150 לא עולה | אין פריצה מאושרת מעל הרמה | ווליום לא מאשר | RS לא מספיק חזק | ציון Entry Quality נמוך (43.0 < 60.0)
2026-09-15 06:12:36,HTH,Darvas Box Breakout,WATCHLIST,46.0,81.0,40.0099983,38.85,2.546612928970466,1.1871470825490724,46.2,0.9613956941351152,-0.028992710554551514,0.8260869565217431,0.026543029372078062,8668989.0,BULL,MA150 לא עולה | אין פריצה מאושרת מעל הרמה | ווליום לא מאשר | RS לא מספיק חזק | ציון Entry Quality נמוך (46.0 < 60.0)
2026-09-15 06:12:36,HTH,VCP Breakout,WATCHLIST,50.0,79.0,39.31,38.85,3.0,1.1871470825490724,46.2,0.9613956941351152,-0.01170185703383365,0.8260869565217431,0.026543029372078062,8668989.0,BULL,MA150 לא עולה | אין פריצה מאושרת מעל הרמה | ווליום לא מאשר | RS לא מספיק חזק | ציון Entry Quality נמוך (50.0 < 60.0)
2026-09-15 06:12:40,FMX,EMA21/MA50 Pullback Bounce,WATCHLIST,62.0,100.0,118.79,121.26,3.188954635108477,1.2962142540694268,57.0,0.8571428571428572,0.02079299604343799,0.7696245733788405,0.01817876439562659,42424629.9,BULL,ווליום לא מאשר | RS לא מספיק חזק
2026-09-15 06:12:40,FMX,VCP Breakout,WATCHLIST,59.0,80.0,125.0,121.26,3.000000000000002,1.2962142540694268,57.0,0.8571428571428572,-0.02991999999999996,0.7696245733788405,0.01817876439562659,42424629.9,BULL,אין פריצה מאושרת מעל הרמה | ווליום לא מאשר | RS לא מספיק חזק | ציון Entry Quality נמוך (59.0 < 60.0)
2026-09-15 06:12:40,FMX,Darvas Box Breakout,WATCHLIST,55.0,78.0,125.0,121.26,2.5,1.2962142540694268,57.0,0.8571428571428572,-0.02991999999999996,0.7696245733788405,0.01817876439562659,42424629.9,BULL,אין פריצה מאושרת מעל הרמה | ווליום לא מאשר | RS לא מספיק חזק | ציון Entry Quality נמוך (55.0 < 60.0)
2026-09-15 06:12:51,EMO,EMA21/MA50 Pullback Bounce,WATCHLIST,39.0,69.0,55.75,54.61,2.5,0.5442880221555504,54.0,0.9694656488549619,-0.020448430493273554,0.1927710843373457,0.060373251638812755,2366251.3,BULL,אין פריצה מאושרת מעל הרמה | ווליום לא מאשר | סגירת נר לא חזקה | RS לא מספיק חזק | נזילות דולרית נמוכה | ציון Entry Quality נמוך (39.0 < 60.0)
2026-09-15 06:12:54,FSCO,Flat Base / Rectangle Breakout,WATCHLIST,42.0,62.0,5.3,5.2,5.065156329143038,1.266842538564621,18.6,0.6942590120160214,-0.01886792452830182,0.8750000000000028,0.024334510880271085,4326634.0,BULL,MA150 לא עולה | מתחת ל-MA200 | אין פריצה מאושרת מעל הרמה | ווליום לא מאשר | גוף נר חלש | RS לא מספיק חזק | רחוק מדי משיא 52 שבועות | נזילות דולרית נמוכה | ציון Entry Quality נמוך (42.0 < 60.0)
2026-09-15 06:12:54,FSCO,Darvas Box Breakout,WATCHLIST,40.0,56.0,5.3,5.2,3.315375051802712,1.266842538564621,18.6,0.6942590120160214,-0.01886792452830182,0.8750000000000028,0.024334510880271085,4326634.0,BULL,MA150 לא עולה | מתחת ל-MA200 | אין פריצה מאושרת מעל הרמה | ווליום לא מאשר | גוף נר חלש | RS לא מספיק חזק | רחוק מדי משיא 52 שבועות | נזילות דולרית נמוכה | ציון Entry Quality נמוך (40.0 < 60.0)
2026-09-15 06:12:54,FSCO,VCP Breakout,WATCHLIST,42.0,56.0,5.3,5.2,3.0,1.266842538564621,18.6,0.6942590120160214,-0.01886792452830182,0.8750000000000028,0.024334510880271085,4326634.0,BULL,MA150 לא עולה | מתחת ל-MA200 | אין פריצה מאושרת מעל הרמה | ווליום לא מאשר | גוף נר חלש | RS לא מספיק חזק | רחוק מדי משיא 52 שבועות | נזילות דולרית נמוכה | ציון Entry Quality נמוך (42.0 < 60.0)
2026-09-15 06:12:58,RUSHB,EMA21/MA50 Pullback Bounce,WATCHLIST,62.0,100.0,50.7,52.6,2.5,3.7437460463511414,77.3,0.967860588330435,0.03747534516765283,0.9168900804289557,0.11645993197209266,4573307.0,BULL,המחיר כבר רחוק מדי מהכניסה | נזילות דולרית נמוכה
2026-09-15 06:13:02,DEC,EMA21/MA50 Pullback Bounce,WATCHLIST,40.0,71.0,14.95,14.88,2.500000000000003,0.8895349562656751,39.9,0.7873015873015874,-0.00468227424749154,0.15384615384615638,0.014642306765645926,11925278.4,BULL,אין פריצה מאושרת מעל הרמה | ווליום לא מאשר | סגירת נר לא חזקה | RS לא מספיק חזק | ציון Entry Quality נמוך (40.0 < 60.0)
2026-09-15 06:13:07,OHI,EMA21/MA50 Pullback Bounce,WATCHLIST,40.0,80.0,47.85,47.34,2.5,1.1896848073884636,42.4,0.9036075586944073,-0.010658307210031305,0.27472527472527575,0.005848683708419419,85242534.30000001,BULL,אין פריצה מאושרת מעל הרמה | ווליום לא מאשר | סגירת נר לא חזקה | גוף נר חלש | RS לא מספיק חזק | ציון Entry Quality נמוך (40.0 < 60.0)
2026-09-15 06:13:07,OHI,Darvas Box Breakout,WATCHLIST,43.0,73.0,47.89,47.34,2.5,1.1896848073884636,42.4,0.9036075586944073,-0.011484652328252186,0.27472527472527575,0.005848683708419419,85242534.30000001,BULL,אין פריצה מאושרת מעל הרמה | ווליום לא מאשר | סגירת נר לא חזקה | גוף נר חלש | RS לא מספיק חזק | ציון Entry Quality נמוך (43.0 < 60.0)
2026-09-15 06:13:07,OHI,VCP Breakout,WATCHLIST,47.0,71.0,47.89,47.34,3.0,1.1896848073884636,42.4,0.9036075586944073,-0.011484652328252186,0.27472527472527575,0.005848683708419419,85242534.30000001,BULL,אין פריצה מאושרת מעל הרמה | ווליום לא מאשר | סגירת נר לא חזקה | גוף נר חלש | RS לא מספיק חזק | ציון Entry Quality נמוך (47.0 < 60.0)
2026-09-15 06:13:11,SIRI,VCP Breakout,WATCHLIST,52.0,68.0,30.15,29.37,3.0,0.6619477007606928,67.3,0.8992651561543173,-0.025870646766169077,0.45333260444347423,0.10160909220749637,102257382.15,BULL,אין פריצה מאושרת מעל הרמה | ווליום לא מאשר | סגירת נר לא חזקה | גוף נר חלש | RS לא מספיק חזק | ציון Entry Quality נמוך (52.0 < 60.0)
2026-09-15 06:13:11,SIRI,Darvas Box Breakout,WATCHLIST,45.0,62.0,30.15,29.37,2.499999999999999,0.6619477007606928,67.3,0.8992651561543173,-0.025870646766169077,0.45333260444347423,0.10160909220749637,102257382.15,BULL,אין פריצה מאושרת מעל הרמה | ווליום לא מאשר | סגירת נר לא חזקה | גוף נר חלש | RS לא מספיק חזק | R:R נמוך מדי | ציון Entry Quality נמוך (45.0 < 60.0)
2026-09-15 06:13:11,SIRI,EMA21/MA50 Pullback Bounce,WATCHLIST,42.0,60.0,29.5,29.37,2.499999999999999,0.6619477007606928,67.3,0.8992651561543173,-0.004406779661016915,0.45333260444347423,0.10160909220749637,102257382.15,BULL,אין פריצה מאושרת מעל הרמה | ווליום לא מאשר | סגירת נר לא חזקה | גוף נר חלש | RS לא מספיק חזק | R:R נמוך מדי | ציון Entry Quality נמוך (42.0 < 60.0)
2026-09-15 06:13:19,FRSH,EMA21/MA50 Pullback Bounce,WATCHLIST,57.0,100.0,12.04,12.64,2.500000000000001,0.9742383928387269,76.4,0.9035025017869908,0.04983388704318949,0.8694029850746267,0.30915719553118926,61282512.0,BULL,המחיר כבר רחוק מדי מהכניסה | ווליום לא מאשר | גוף נר חלש | ציון Entry Quality נמוך (57.0 < 60.0)
2026-09-15 06:13:29,ILMN,EMA21/MA50 Pullback Bounce,WATCHLIST,63.0,100.0,208.39,208.21001,2.5651980489207316,1.142378735920559,99.0,0.8981925283637462,-0.0008637170689571248,0.8821632804035379,0.3071298385954852,375528615.08605003,BULL,אין פריצה מאושרת מעל הרמה | ווליום לא מאשר | גוף נר חלש
2026-09-15 06:13:37,PCTY,EMA21/MA50 Pullback Bounce,WATCHLIST,60.0,86.0,144.10201,147.97,2.4999999999999982,1.3694144318396502,63.7,0.8592415737041069,0.026842026700390865,0.823288475792575,0.2475637356804986,82239506.45,BULL,גוף נר חלש | RS לא מספיק חזק | R:R נמוך מדי
2026-09-15 06:13:48,GLIBK,EMA21/MA50 Pullback Bounce,WATCHLIST,26.0,48.0,26.23,25.84,2.5,0.7434458497361588,17.6,0.6275652701882211,-0.014868471216164717,0.5930232558139532,-0.11187896277914086,7712594.0,BULL,לא מעל MA150 | MA150 לא עולה | מתחת ל-MA200 | אין פריצה מאושרת מעל הרמה | ווליום לא מאשר | סגירת נר לא חזקה | גוף נר חלש | RS לא מספיק חזק | רחוק מדי משיא 52 שבועות | ציון Entry Quality נמוך (26.0 < 60.0)
2026-09-15 06:13:55,OMF,EMA21/MA50 Pullback Bounce,WATCHLIST,45.0,63.0,63.29,63.2,2.4999999999999987,0.816240958803592,52.2,0.8786320033365772,-0.0014220255964606779,0.9673913043478324,0.08985560555344523,54261624.0,BULL,MA150 לא עולה | אין פריצה מאושרת מעל הרמה | ווליום לא מאשר | RS לא מספיק חזק | R:R נמוך מדי | ציון Entry Quality נמוך (45.0 < 60.0)
2026-09-15 06:14:00,SRAD,EMA21/MA50 Pullback Bounce,WATCHLIST,44.0,64.0,13.02,13.2,2.5,0.7484174243231856,2.6,0.423348300192431,0.013824884792626706,0.8791208791208759,-0.12785703903059997,26002548.0,BULL,לא מעל MA150 | MA150 לא עולה | מתחת ל-MA200 | ווליום לא מאשר | RS לא מספיק חזק | רחוק מדי משיא 52 שבועות | ציון Entry Quality נמוך (44.0 < 60.0)
2026-09-15 06:14:00,SRAD,VCP Breakout,WATCHLIST,41.0,49.0,13.456,13.2,3.0,0.7484174243231856,2.6,0.423348300192431,-0.019024970273483967,0.8791208791208759,-0.12785703903059997,26002548.0,BULL,לא מעל MA150 | MA150 לא עולה | מתחת ל-MA200 | אין פריצה מאושרת מעל הרמה | ווליום לא מאשר | RS לא מספיק חזק | רחוק מדי משיא 52 שבועות | ציון Entry Quality נמוך (41.0 < 60.0)
2026-09-15 06:14:05,WSFS,Flat Base / Rectangle Breakout,WATCHLIST,59.0,100.0,82.94,80.64,2.5000000000000013,1.02292438235432,79.3,0.9722691102001447,-0.027730889799855284,0.7699115044247762,0.10822510873278142,25801977.6,BULL,אין פריצה מאושרת מעל הרמה | ווליום לא מאשר | ציון Entry Quality נמוך (59.0 < 60.0)
2026-09-15 06:14:05,WSFS,EMA21/MA50 Pullback Bounce,WATCHLIST,56.0,100.0,80.78,80.64,2.5000000000000013,1.02292438235432,79.3,0.9722691102001447,-0.001733102253032936,0.7699115044247762,0.10822510873278142,25801977.6,BULL,אין פריצה מאושרת מעל הרמה | ווליום לא מאשר | ציון Entry Quality נמוך (56.0 < 60.0)
2026-09-15 06:14:05,WSFS,Darvas Box Breakout,WATCHLIST,59.0,96.0,82.11,80.64,2.5000000000000013,1.02292438235432,79.3,0.9722691102001447,-0.017902813299232722,0.7699115044247762,0.10822510873278142,25801977.6,BULL,אין פריצה מאושרת מעל הרמה | ווליום לא מאשר | ציון Entry Quality נמוך (59.0 < 60.0)
2026-09-15 06:14:12,WRB,EMA21/MA50 Pullback Bounce,WATCHLIST,47.0,77.0,70.97,70.87,2.5,1.3250325549867104,32.1,0.8975430597771025,-0.0014090460758065988,0.5845067496526453,0.029053170608420276,139051546.55,BULL,אין פריצה מאושרת מעל הרמה | סגירת נר לא חזקה | גוף נר חלש | RS לא מספיק חזק | ציון Entry Quality נמוך (47.0 < 60.0)
2026-09-15 06:14:12,WRB,Darvas Box Breakout,WATCHLIST,50.0,70.0,71.38,70.87,2.5,1.3250325549867104,32.1,0.8975430597771025,-0.007144858503782445,0.5845067496526453,0.029053170608420276,139051546.55,BULL,אין פריצה מאושרת מעל הרמה | סגירת נר לא חזקה | גוף נר חלש | RS לא מספיק חזק | ציון Entry Quality נמוך (50.0 < 60.0)
2026-09-15 06:14:12,WRB,VCP Breakout,WATCHLIST,54.0,68.0,70.97,70.87,3.0,1.3250325549867104,32.1,0.8975430597771025,-0.0014090460758065988,0.5845067496526453,0.029053170608420276,139051546.55,BULL,אין פריצה מאושרת מעל הרמה | סגירת נר לא חזקה | גוף נר חלש | RS לא מספיק חזק | ציון Entry Quality נמוך (54.0 < 60.0)
2026-09-15 06:14:17,SGI,EMA21/MA50 Pullback Bounce,WATCHLIST,49.0,57.0,67.67,68.12,2.5000000000000013,0.6183131426668332,13.4,0.6911525974025974,0.0066499187232156465,0.6896551724137946,-0.07962694961050137,261809683.20000002,BULL,לא מעל MA150 | MA150 לא עולה | מתחת ל-MA200 | ווליום לא מאשר | RS לא מספיק חזק | רחוק מדי משיא 52 שבועות | ציון Entry Quality נמוך (49.0 < 60.0)
2026-09-15 06:14:21,AMN,EMA21/MA50 Pullback Bounce,WATCHLIST,70.0,100.0,33.96,34.19,2.500000000000001,0.9913022080466406,97.5,0.9185921547555077,0.0067726737338043835,0.8452380952380928,0.2659024587255299,18062406.049999997,BULL,ווליום לא מאשר
2026-09-15 06:14:32,PGR,Flat Base / Rectangle Breakout,WATCHLIST,55.0,82.0,225.45,221.020004,2.824454779854421,0.7040666995979004,31.9,0.8851067043728043,-0.019649571967176708,0.6513174796521958,0.06290277992059323,478758061.26452,BULL,אין פריצה מאושרת מעל הרמה | ווליום לא מאשר | RS לא מספיק חזק | ציון Entry Quality נמוך (55.0 < 60.0)
2026-09-15 06:14:32,PGR,VCP Breakout,WATCHLIST,57.0,78.0,225.45,221.020004,3.0,0.7040666995979004,31.9,0.8851067043728043,-0.019649571967176708,0.6513174796521958,0.06290277992059323,478758061.26452,BULL,אין פריצה מאושרת מעל הרמה | ווליום לא מאשר | RS לא מספיק חזק | ציון Entry Quality נמוך (57.0 < 60.0)
2026-09-15 06:14:32,PGR,Darvas Box Breakout,WATCHLIST,55.0,76.0,225.45,221.020004,2.824454779854421,0.7040666995979004,31.9,0.8851067043728043,-0.019649571967176708,0.6513174796521958,0.06290277992059323,478758061.26452,BULL,אין פריצה מאושרת מעל הרמה | ווליום לא מאשר | RS לא מספיק חזק | ציון Entry Quality נמוך (55.0 < 60.0)
2026-09-15 06:14:37,CTBI,Flat Base / Rectangle Breakout,WATCHLIST,56.0,94.0,79.92,77.84,2.5,0.8728391133736345,78.5,0.973973973973974,-0.026026026026026005,0.6049382716049478,0.13457479747581874,7339533.600000001,BULL,אין פריצה מאושרת מעל הרמה | ווליום לא מאשר | סגירת נר לא חזקה | ציון Entry Quality נמוך (56.0 < 60.0)
2026-09-15 06:14:37,CTBI,EMA21/MA50 Pullback Bounce,WATCHLIST,53.0,92.0,78.9,77.84,2.5,0.8728391133736345,78.5,0.973973973973974,-0.013434727503168596,0.6049382716049478,0.13457479747581874,7339533.600000001,BULL,אין פריצה מאושרת מעל הרמה | ווליום לא מאשר | סגירת נר לא חזקה | ציון Entry Quality נמוך (53.0 < 60.0)
2026-09-15 06:14:37,CTBI,Darvas Box Breakout,WATCHLIST,60.0,90.0,79.92,77.84,3.65016491304929,0.8728391133736345,78.5,0.973973973973974,-0.026026026026026005,0.6049382716049478,0.13457479747581874,7339533.600000001,BULL,אין פריצה מאושרת מעל הרמה | ווליום לא מאשר | סגירת נר לא חזקה
2026-09-15 06:14:44,AIZ,EMA21/MA50 Pullback Bounce,WATCHLIST,61.0,100.0,284.88,283.26999,3.244171220242768,1.451289633645474,72.7,0.9319931236428243,-0.00565153748946921,0.25233411214953316,0.12693560882842783,86213221.45650001,BULL,אין פריצה מאושרת מעל הרמה | סגירת נר לא חזקה
2026-09-15 06:14:44,AIZ,Darvas Box Breakout,WATCHLIST,64.0,99.0,289.25,283.26999,3.275562916993801,1.451289633645474,72.7,0.9319931236428243,-0.020674191875540166,0.25233411214953316,0.12693560882842783,86213221.45650001,BULL,אין פריצה מאושרת מעל הרמה | סגירת נר לא חזקה
2026-09-15 06:14:44,AIZ,VCP Breakout,WATCHLIST,66.0,99.0,289.25,283.26999,3.0,1.451289633645474,72.7,0.9319931236428243,-0.020674191875540166,0.25233411214953316,0.12693560882842783,86213221.45650001,BULL,אין פריצה מאושרת מעל הרמה | סגירת נר לא חזקה
2026-09-15 06:14:49,GFL,EMA21/MA50 Pullback Bounce,WATCHLIST,40.0,59.0,42.85,42.61,2.5000000000000018,0.8612716261474656,37.4,0.8851267137515579,-0.005600933488914865,0.13043478260869365,0.06463606171644602,98219458.8,BULL,MA150 לא עולה | אין פריצה מאושרת מעל הרמה | ווליום לא מאשר | סגירת נר לא חזקה | RS לא מספיק חזק | ציון Entry Quality נמוך (40.0 < 60.0)
2026-09-15 06:15:03,FANG,EMA21/MA50 Pullback Bounce,WATCHLIST,53.0,81.0,205.070007,205.72,2.4999999999999987,0.9656455599821981,78.1,0.9484555531791403,0.00316961514513429,0.24193470579808501,0.0725674003512863,383661628.4,BULL,ווליום לא מאשר | סגירת נר לא חזקה | R:R נמוך מדי | ציון Entry Quality נמוך (53.0 < 60.0)
2026-09-15 06:15:08,PGY,EMA21/MA50 Pullback Bounce,WATCHLIST,53.0,83.0,21.21,21.49,2.499999999999999,1.1613238043733949,60.8,0.47766170260057783,0.013201320132013087,0.8774509803921569,0.3823195179999569,44307759.65,BULL,ווליום לא מאשר | RS לא מספיק חזק | רחוק מדי משיא 52 שבועות | R:R נמוך מדי | ציון Entry Quality נמוך (53.0 < 60.0)
2026-09-15 06:15:12,TGTX,EMA21/MA50 Pullback Bounce,WATCHLIST,67.0,100.0,56.26,54.0,2.5000000000000018,0.7645056557816372,95.3,0.9106239460370995,-0.04017063633131884,0.8019801980198001,0.26630959929984854,96217470.0,BULL,אין פריצה מאושרת מעל הרמה | ווליום לא מאשר | גוף נר חלש
2026-09-15 06:15:16,PRSU,EMA21/MA50 Pullback Bounce,WATCHLIST,68.0,100.0,49.48,49.87,2.5,1.0388751875111235,73.9,0.8823425336164189,0.007881972514147143,0.85164835164835,0.12222257092140906,9807184.85,BULL,ווליום לא מאשר
2026-09-15 06:15:16,PRSU,VCP Breakout,WATCHLIST,67.0,95.0,50.51,49.87,3.0,1.0388751875111235,73.9,0.8823425336164189,-0.012670758265689974,0.85164835164835,0.12222257092140906,9807184.85,BULL,אין פריצה מאושרת מעל הרמה | ווליום לא מאשר
2026-09-15 06:15:16,PRSU,Darvas Box Breakout,WATCHLIST,63.0,93.0,50.51,49.87,2.5,1.0388751875111235,73.9,0.8823425336164189,-0.012670758265689974,0.85164835164835,0.12222257092140906,9807184.85,BULL,אין פריצה מאושרת מעל הרמה | ווליום לא מאשר
2026-09-15 06:15:20,CBC,VCP Breakout,WATCHLIST,57.0,88.0,33.385,32.52,3.0000000000000018,1.4117366269876785,69.2,0.9616180732154476,-0.025909839748389844,0.12698412698413505,0.15284536266754653,27250947.000000004,BULL,אין פריצה מאושרת מעל הרמה | סגירת נר לא חזקה | גוף נר חלש | RS לא מספיק חזק | ציון Entry Quality נמוך (57.0 < 60.0)
2026-09-15 06:15:20,CBC,Darvas Box Breakout,WATCHLIST,55.0,82.0,33.48,32.52,2.8250303766707017,1.4117366269876785,69.2,0.9616180732154476,-0.028673835125447845,0.12698412698413505,0.15284536266754653,27250947.000000004,BULL,אין פריצה מאושרת מעל הרמה | סגירת נר לא חזקה | גוף נר חלש | RS לא מספיק חזק | ציון Entry Quality נמוך (55.0 < 60.0)
2026-09-15 06:15:28,BDX,EMA21/MA50 Pullback Bounce,WATCHLIST,68.0,100.0,178.3,182.91,2.5,1.0144050357099625,73.6,0.9473765648125759,0.025855300056085165,0.8422387843226055,0.13093744668271592,294648804.45,BULL,ווליום לא מאשר
2026-09-15 06:15:32,SLF,EMA21/MA50 Pullback Bounce,WATCHLIST,61.0,100.0,80.49,80.23,2.5,0.333937447289562,70.2,0.9508177293197441,-0.003230214933532003,0.9090909090909105,0.09731845640181684,89422753.4,BULL,אין פריצה מאושרת מעל הרמה | ווליום לא מאשר
2026-09-15 06:15:32,SLF,VCP Breakout,WATCHLIST,68.0,98.0,81.38,80.23,3.0,0.333937447289562,70.2,0.9508177293197441,-0.014131236175964507,0.9090909090909105,0.09731845640181684,89422753.4,BULL,אין פריצה מאושרת מעל הרמה | ווליום לא מאשר
2026-09-15 06:15:32,SLF,Darvas Box Breakout,WATCHLIST,64.0,96.0,81.89,80.23,2.5,0.333937447289562,70.2,0.9508177293197441,-0.02027109537184023,0.9090909090909105,0.09731845640181684,89422753.4,BULL,אין פריצה מאושרת מעל הרמה | ווליום לא מאשר
2026-09-15 06:15:49,SEPN,EMA21/MA50 Pullback Bounce,WATCHLIST,59.0,100.0,40.02,39.55,3.1047950291633772,1.0118091773366114,99.0,0.773972633032197,-0.011744127936032132,0.7222222222222192,0.26736688003524933,13915469.749999998,BULL,אין פריצה מאושרת מעל הרמה | ווליום לא מאשר | ציון Entry Quality נמוך (59.0 < 60.0)
2026-09-15 06:15:53,ACI,Flat Base / Rectangle Breakout,WATCHLIST,44.0,58.0,12.745,12.72,2.499999999999999,1.5664978155023506,6.2,0.636,-0.001961553550411815,0.8904109589041096,-0.16625154070149734,83455983.60000001,BULL,לא מעל MA150 | MA150 לא עולה | מתחת ל-MA200 | אין פריצה מאושרת מעל הרמה | RS לא מספיק חזק | רחוק מדי משיא 52 שבועות | R:R נמוך מדי | ציון Entry Quality נמוך (44.0 < 60.0)
2026-09-15 06:15:53,ACI,VCP Breakout,WATCHLIST,51.0,57.0,12.745,12.72,3.0,1.5664978155023506,6.2,0.636,-0.001961553550411815,0.8904109589041096,-0.16625154070149734,83455983.60000001,BULL,לא מעל MA150 | MA150 לא עולה | מתחת ל-MA200 | אין פריצה מאושרת מעל הרמה | RS לא מספיק חזק | רחוק מדי משיא 52 שבועות | ציון Entry Quality נמוך (51.0 < 60.0)
2026-09-15 06:15:53,ACI,Darvas Box Breakout,WATCHLIST,44.0,55.0,12.745,12.72,2.499999999999999,1.5664978155023506,6.2,0.636,-0.001961553550411815,0.8904109589041096,-0.16625154070149734,83455983.60000001,BULL,לא מעל MA150 | MA150 לא עולה | מתחת ל-MA200 | אין פריצה מאושרת מעל הרמה | RS לא מספיק חזק | רחוק מדי משיא 52 שבועות | R:R נמוך מדי | ציון Entry Quality נמוך (44.0 < 60.0)
2026-09-15 06:16:04,BOW,VCP Breakout,WATCHLIST,61.0,95.0,33.93,33.72,3.0,0.7178379607263633,80.0,0.9615055603079555,-0.006189213085764835,0.5,0.2178150608597563,11865730.799999999,BULL,אין פריצה מאושרת מעל הרמה | ווליום לא מאשר | סגירת נר לא חזקה | גוף נר חלש
2026-09-15 06:16:04,BOW,Darvas Box Breakout,WATCHLIST,57.0,93.0,33.93,33.72,2.5,0.7178379607263633,80.0,0.9615055603079555,-0.006189213085764835,0.5,0.2178150608597563,11865730.799999999,BULL,אין פריצה מאושרת מעל הרמה | ווליום לא מאשר | סגירת נר לא חזקה | גוף נר חלש | ציון Entry Quality נמוך (57.0 < 60.0)
2026-09-15 06:16:08,GJH,Flat Base / Rectangle Breakout,WATCHLIST,35.0,56.0,9.5,9.47,4.174871996849123,0.41237113402061853,27.0,0.947947947947948,-0.003157894736842038,,-0.014062022821288604,9185.900000000001,BULL,לא מעל MA150 | MA150 לא עולה | מתחת ל-MA200 | אין פריצה מאושרת מעל הרמה | ווליום לא מאשר | סגירת נר לא חזקה | גוף נר חלש | RS לא מספיק חזק | נזילות דולרית נמוכה | ציון Entry Quality נמוך (35.0 < 60.0)
2026-09-15 06:16:08,GJH,Darvas Box Breakout,WATCHLIST,35.0,50.0,9.5,9.47,4.096100827097254,0.41237113402061853,27.0,0.947947947947948,-0.003157894736842038,,-0.014062022821288604,9185.900000000001,BULL,לא מעל MA150 | MA150 לא עולה | מתחת ל-MA200 | אין פריצה מאושרת מעל הרמה | ווליום לא מאשר | סגירת נר לא חזקה | גוף נר חלש | RS לא מספיק חזק | נזילות דולרית נמוכה | ציון Entry Quality נמוך (35.0 < 60.0)
2026-09-15 06:16:08,GJH,VCP Breakout,WATCHLIST,35.0,50.0,9.5,9.47,3.0,0.41237113402061853,27.0,0.947947947947948,-0.003157894736842038,,-0.014062022821288604,9185.900000000001,BULL,לא מעל MA150 | MA150 לא עולה | מתחת ל-MA200 | אין פריצה מאושרת מעל הרמה | ווליום לא מאשר | סגירת נר לא חזקה | גוף נר חלש | RS לא מספיק חזק | נזילות דולרית נמוכה | ציון Entry Quality נמוך (35.0 < 60.0)
2026-09-15 06:16:12,IEP,EMA21/MA50 Pullback Bounce,WATCHLIST,34.0,64.0,7.04,7.05,2.5,0.6610045880586993,18.1,0.7564377682403433,0.0014204545454545151,0.2666666666666663,-0.06988812271320015,9135072.75,BULL,לא מעל MA150 | MA150 לא עולה | מתחת ל-MA200 | אין פריצה מאושרת מעל הרמה | ווליום לא מאשר | סגירת נר לא חזקה | גוף נר חלש | RS לא מספיק חזק | ציון Entry Quality נמוך (34.0 < 60.0)
2026-09-15 06:16:12,IEP,VCP Breakout,WATCHLIST,41.0,52.0,7.04,7.05,3.0000000000000018,0.6610045880586993,18.1,0.7564377682403433,0.0014204545454545151,0.2666666666666663,-0.06988812271320015,9135072.75,BULL,לא מעל MA150 | MA150 לא עולה | מתחת ל-MA200 | אין פריצה מאושרת מעל הרמה | ווליום לא מאשר | סגירת נר לא חזקה | גוף נר חלש | RS לא מספיק חזק | ציון Entry Quality נמוך (41.0 < 60.0)
2026-09-15 06:16:20,NWBI,VCP Breakout,WATCHLIST,49.0,75.0,15.72,15.55,3.0,1.1936236151405117,65.1,0.9622524752475248,-0.010814249363867679,0.41666666666667224,0.09997642065550583,12568987.25,BULL,אין פריצה מאושרת מעל הרמה | ווליום לא מאשר | סגירת נר לא חזקה | RS לא מספיק חזק | ציון Entry Quality נמוך (49.0 < 60.0)
2026-09-15 06:16:20,NWBI,EMA21/MA50 Pullback Bounce,WATCHLIST,37.0,72.0,15.66,15.55,2.499999999999997,1.1936236151405117,65.1,0.9622524752475248,-0.007024265644955264,0.41666666666667224,0.09997642065550583,12568987.25,BULL,אין פריצה מאושרת מעל הרמה | ווליום לא מאשר | סגירת נר לא חזקה | RS לא מספיק חזק | R:R נמוך מדי | ציון Entry Quality נמוך (37.0 < 60.0)
2026-09-15 06:16:20,NWBI,Darvas Box Breakout,WATCHLIST,40.0,65.0,15.89,15.55,2.499999999999997,1.1936236151405117,65.1,0.9622524752475248,-0.021397105097545617,0.41666666666667224,0.09997642065550583,12568987.25,BULL,אין פריצה מאושרת מעל הרמה | ווליום לא מאשר | סגירת נר לא חזקה | RS לא מספיק חזק | R:R נמוך מדי | ציון Entry Quality נמוך (40.0 < 60.0)
2026-09-15 06:16:25,MGY,Falling Wedge,WATCHLIST,57.0,55.5,27.542638888888888,27.62,2.73,1.4950793938296203,41.9,0.8431013431013432,0.0028087762913059726,0.08910891089108915,-0.006820171158599368,91494012.0,BULL,לא מעל MA150 | סגירת נר לא חזקה | RS לא מספיק חזק | ציון Entry Quality נמוך (57.0 < 60.0)
2026-09-15 06:16:25,MGY,Flat Base / Rectangle Breakout,WATCHLIST,51.0,76.0,28.38,27.62,3.6772478298472113,1.4950793938296203,41.9,0.8431013431013432,-0.02677942212825927,0.08910891089108915,-0.006820171158599368,91494012.0,BULL,לא מעל MA150 | אין פריצה מאושרת מעל הרמה | סגירת נר לא חזקה | RS לא מספיק חזק | ציון Entry Quality נמוך (51.0 < 60.0)
2026-09-15 06:16:25,MGY,EMA21/MA50 Pullback Bounce,WATCHLIST,44.0,74.0,28.08,27.62,2.5,1.4950793938296203,41.9,0.8431013431013432,-0.016381766381766288,0.08910891089108915,-0.006820171158599368,91494012.0,BULL,לא מעל MA150 | אין פריצה מאושרת מעל הרמה | סגירת נר לא חזקה | RS לא מספיק חזק | ציון Entry Quality נמוך (44.0 < 60.0)
2026-09-15 06:16:25,MGY,Darvas Box Breakout,WATCHLIST,49.0,71.0,28.38,27.62,2.5,1.4950793938296203,41.9,0.8431013431013432,-0.02677942212825927,0.08910891089108915,-0.006820171158599368,91494012.0,BULL,לא מעל MA150 | אין פריצה מאושרת מעל הרמה | סגירת נר לא חזקה | RS לא מספיק חזק | ציון Entry Quality נמוך (49.0 < 60.0)
2026-09-15 06:16:29,BIIB,EMA21/MA50 Pullback Bounce,WATCHLIST,52.0,98.0,219.75999,217.36,2.5000000000000013,0.8800435900301777,80.1,0.962621789193977,-0.010920959725198269,0.26905829596412734,0.10336406650634175,155577593.60000002,BULL,אין פריצה מאושרת מעל הרמה | ווליום לא מאשר | סגירת נר לא חזקה | ציון Entry Quality נמוך (52.0 < 60.0)
2026-09-15 06:16:34,AN,EMA21/MA50 Pullback Bounce,WATCHLIST,40.0,65.0,211.0099945,205.59,3.666719244815993,0.8594018563080096,34.5,0.8718459776939061,-0.02568596105053214,0.37214137214137033,0.03705151346482214,80738276.85,BULL,MA150 לא עולה | אין פריצה מאושרת מעל הרמה | ווליום לא מאשר | סגירת נר לא חזקה | RS לא מספיק חזק | ציון Entry Quality נמוך (40.0 < 60.0)
2026-09-15 06:16:41,J,EMA21/MA50 Pullback Bounce,WATCHLIST,58.0,95.0,142.020004,144.070007,2.5,0.8305750802682633,45.6,0.8553194431251484,0.014434607395166697,0.8311418859649125,0.0963030473831319,116216952.54669,BULL,ווליום לא מאשר | גוף נר חלש | RS לא מספיק חזק | ציון Entry Quality נמוך (58.0 < 60.0)
2026-09-15 06:16:45,MET,EMA21/MA50 Pullback Bounce,WATCHLIST,56.0,100.0,98.25,97.75,2.5,1.0636801347096638,70.9,0.9684930149608639,-0.005089058524173028,0.967479674796743,0.16719391209766948,278643706.25,BULL,אין פריצה מאושרת מעל הרמה | ווליום לא מאשר | גוף נר חלש | ציון Entry Quality נמוך (56.0 < 60.0)
2026-09-15 06:16:45,MET,Darvas Box Breakout,WATCHLIST,59.0,96.0,99.25,97.75,2.5,1.0636801347096638,70.9,0.9684930149608639,-0.015113350125944584,0.967479674796743,0.16719391209766948,278643706.25,BULL,אין פריצה מאושרת מעל הרמה | ווליום לא מאשר | גוף נר חלש | ציון Entry Quality נמוך (59.0 < 60.0)
2026-09-15 06:16:45,MET,VCP Breakout,WATCHLIST,63.0,94.0,99.25,97.75,3.0,1.0636801347096638,70.9,0.9684930149608639,-0.015113350125944584,0.967479674796743,0.16719391209766948,278643706.25,BULL,אין פריצה מאושרת מעל הרמה | ווליום לא מאשר | גוף נר חלש
2026-09-15 06:16:49,GHC,EMA21/MA50 Pullback Bounce,WATCHLIST,65.0,95.0,1145.78003,1167.63,2.5,1.4224907318412743,36.6,0.9249653570715787,0.019069951847563806,0.9481654595833854,0.03692829666112334,42519246.45,BULL,MA150 לא עולה | RS לא מספיק חזק
2026-09-15 06:16:53,GILD,EMA21/MA50 Pullback Bounce,WATCHLIST,61.0,96.0,145.99001,146.41,2.5,0.9337454296312674,66.0,0.9308284653079322,0.0028768406824548082,0.8881575268339683,0.06653075509501415,771433557.9499999,BULL,MA150 לא עולה | ווליום לא מאשר | RS לא מספיק חזק
2026-09-15 06:16:58,GPN,EMA21/MA50 Pullback Bounce,WATCHLIST,64.0,100.0,89.42,90.19,2.5000000000000018,1.0165144210864336,72.5,0.9406549853984147,0.00861104898233053,0.7791411042944782,0.19024366953371397,223284735.85,BULL,ווליום לא מאשר
2026-09-15 06:17:02,KYN,VCP Breakout,WATCHLIST,42.0,74.0,15.13,14.77,3.0,1.1065207983520573,54.9,0.97363216875412,-0.023793787177792545,0.20689655172413413,0.04507181773155031,4266240.649999999,BULL,אין פריצה מאושרת מעל הרמה | ווליום לא מאשר | סגירת נר לא חזקה | RS לא מספיק חזק | נזילות דולרית נמוכה | ציון Entry Quality נמוך (42.0 < 60.0)
2026-09-15 06:17:02,KYN,Flat Base / Rectangle Breakout,WATCHLIST,40.0,73.0,15.17,14.77,10.87108013937285,1.1065207983520573,54.9,0.97363216875412,-0.02636783124588005,0.20689655172413413,0.04507181773155031,4266240.649999999,BULL,אין פריצה מאושרת מעל הרמה | ווליום לא מאשר | סגירת נר לא חזקה | RS לא מספיק חזק | נזילות דולרית נמוכה | ציון Entry Quality נמוך (40.0 < 60.0)
2026-09-15 06:17:02,KYN,Darvas Box Breakout,WATCHLIST,40.0,70.0,15.13,14.77,7.456445993031398,1.1065207983520573,54.9,0.97363216875412,-0.023793787177792545,0.20689655172413413,0.04507181773155031,4266240.649999999,BULL,אין פריצה מאושרת מעל הרמה | ווליום לא מאשר | סגירת נר לא חזקה | RS לא מספיק חזק | נזילות דולרית נמוכה | ציון Entry Quality נמוך (40.0 < 60.0)
2026-09-15 06:17:06,PGEN,EMA21/MA50 Pullback Bounce,WATCHLIST,58.0,93.0,6.92,6.85,2.5386635541289775,0.6421174992074377,99.0,0.8873056994818652,-0.010115606936416227,0.07142857142856984,0.402462328019218,30141952.25,BULL,אין פריצה מאושרת מעל הרמה | ווליום לא מאשר | סגירת נר לא חזקה | גוף נר חלש | ציון Entry Quality נמוך (58.0 < 60.0)
2026-09-15 06:17:10,OFG,Flat Base / Rectangle Breakout,WATCHLIST,54.0,79.0,54.47,52.9,2.5824426049452165,0.9930736312701284,68.3,0.9711767945658161,-0.02882320543418396,0.6206896551724146,0.13904045091277434,11990843.0,BULL,אין פריצה מאושרת מעל הרמה | ווליום לא מאשר | סגירת נר לא חזקה | RS לא מספיק חזק | ציון Entry Quality נמוך (54.0 < 60.0)
2026-09-15 06:17:10,OFG,EMA21/MA50 Pullback Bounce,WATCHLIST,51.0,77.0,53.080002,52.9,2.5,0.9930736312701284,68.3,0.9711767945658161,-0.0033911453130691625,0.6206896551724146,0.13904045091277434,11990843.0,BULL,אין פריצה מאושרת מעל הרמה | ווליום לא מאשר | סגירת נר לא חזקה | RS לא מספיק חזק | ציון Entry Quality נמוך (51.0 < 60.0)
2026-09-15 06:17:10,OFG,Darvas Box Breakout,WATCHLIST,58.0,75.0,54.47,52.9,3.35396072758445,0.9930736312701284,68.3,0.9711767945658161,-0.02882320543418396,0.6206896551724146,0.13904045091277434,11990843.0,BULL,אין פריצה מאושרת מעל הרמה | ווליום לא מאשר | סגירת נר לא חזקה | RS לא מספיק חזק | ציון Entry Quality נמוך (58.0 < 60.0)
2026-09-15 06:17:14,ESTC,EMA21/MA50 Pullback Bounce,WATCHLIST,68.0,100.0,84.76,85.11,6.7907735667136375,0.7389072012063282,77.3,0.7880555555555555,0.004129306276545473,0.7064845414623006,0.39441382625896415,273180971.4,BULL,ווליום לא מאשר | גוף נר חלש
2026-09-15 06:17:23,TRMB,EMA21/MA50 Pullback Bounce,WATCHLIST,47.0,64.0,58.22,58.74,2.5000000000000013,0.5034836696838807,20.9,0.6958066808813077,0.008931638612160824,0.7682119205298011,-0.022420748110851735,224047576.5,BULL,לא מעל MA150 | MA150 לא עולה | מתחת ל-MA200 | ווליום לא מאשר | RS לא מספיק חזק | רחוק מדי משיא 52 שבועות | ציון Entry Quality נמוך (47.0 < 60.0)
2026-09-15 06:17:30,NBTB,VCP Breakout,WATCHLIST,57.0,80.0,52.64,52.14,3.0,1.555116554721454,64.1,0.9566972477064221,-0.009498480243161094,0.5857142857142886,0.10398895598481614,13196634.0,BULL,אין פריצה מאושרת מעל הרמה | סגירת נר לא חזקה | RS לא מספיק חזק | ציון Entry Quality נמוך (57.0 < 60.0)
2026-09-15 06:17:31,NBTB,EMA21/MA50 Pullback Bounce,WATCHLIST,45.0,72.0,52.27,52.14,2.4999999999999987,1.555116554721454,64.1,0.9566972477064221,-0.002487086282762628,0.5857142857142886,0.10398895598481614,13196634.0,BULL,אין פריצה מאושרת מעל הרמה | סגירת נר לא חזקה | RS לא מספיק חזק | R:R נמוך מדי | ציון Entry Quality נמוך (45.0 < 60.0)
2026-09-15 06:17:35,BY,EMA21/MA50 Pullback Bounce,WATCHLIST,47.0,95.0,38.95,38.43,2.5,1.0864656177156178,72.1,0.9600300014996254,-0.013350449293966704,0.1488833746898236,0.10494325223714111,10551340.8,BULL,אין פריצה מאושרת מעל הרמה | ווליום לא מאשר | סגירת נר לא חזקה | גוף נר חלש | ציון Entry Quality נמוך (47.0 < 60.0)
2026-09-15 06:17:35,BY,VCP Breakout,WATCHLIST,54.0,90.0,38.96,38.43,3.0,1.0864656177156178,72.1,0.9600300014996254,-0.013603696098562656,0.1488833746898236,0.10494325223714111,10551340.8,BULL,אין פריצה מאושרת מעל הרמה | ווליום לא מאשר | סגירת נר לא חזקה | גוף נר חלש | ציון Entry Quality נמוך (54.0 < 60.0)
2026-09-15 06:17:35,BY,Darvas Box Breakout,WATCHLIST,50.0,88.0,39.57,38.43,2.8238985488299067,1.0864656177156178,72.1,0.9600300014996254,-0.028809704321455663,0.1488833746898236,0.10494325223714111,10551340.8,BULL,אין פריצה מאושרת מעל הרמה | ווליום לא מאשר | סגירת נר לא חזקה | גוף נר חלש | ציון Entry Quality נמוך (50.0 < 60.0)
2026-09-15 06:17:43,STGW,VCP Breakout,WATCHLIST,69.0,100.0,8.99,8.8,3.0,1.211999156069586,96.1,0.9214659685863874,-0.021134593993325863,0.8571428571428608,0.2667338419461639,9176112.0,BULL,אין פריצה מאושרת מעל הרמה | ווליום לא מאשר
2026-09-15 06:17:43,STGW,EMA21/MA50 Pullback Bounce,WATCHLIST,70.0,100.0,8.72,8.8,2.5,1.211999156069586,96.1,0.9214659685863874,0.009174311926605512,0.8571428571428608,0.2667338419461639,9176112.0,BULL,ווליום לא מאשר
2026-09-15 06:17:47,GNK,Flat Base / Rectangle Breakout,WATCHLIST,65.0,100.0,27.817,27.0,2.5270927303614363,0.8888647488950295,84.0,0.9706294711866844,-0.029370528813315606,0.9587618981836099,0.10966200547697993,19884015.0,BULL,אין פריצה מאושרת מעל הרמה | ווליום לא מאשר
2026-09-15 06:17:47,GNK,Darvas Box Breakout,WATCHLIST,65.0,100.0,27.817,27.0,2.5,0.8888647488950295,84.0,0.9706294711866844,-0.029370528813315606,0.9587618981836099,0.10966200547697993,19884015.0,BULL,אין פריצה מאושרת מעל הרמה | ווליום לא מאשר
2026-09-15 06:17:47,GNK,VCP Breakout,WATCHLIST,67.0,100.0,27.817,27.0,3.0,0.8888647488950295,84.0,0.9706294711866844,-0.029370528813315606,0.9587618981836099,0.10966200547697993,19884015.0,BULL,אין פריצה מאושרת מעל הרמה | ווליום לא מאשר
2026-09-15 06:17:58,AGI,EMA21/MA50 Pullback Bounce,WATCHLIST,49.0,56.0,36.87,35.66,3.4701267350633977,0.8042385324825594,25.3,0.643566143295434,-0.032818009221589395,0.8032786885245884,-0.0895319146766546,131752110.49999999,BULL,לא מעל MA150 | MA150 לא עולה | מתחת ל-MA200 | אין פריצה מאושרת מעל הרמה | ווליום לא מאשר | RS לא מספיק חזק | רחוק מדי משיא 52 שבועות | ציון Entry Quality נמוך (49.0 < 60.0)
